accuracy,precision,recall,f1_score,confusion_matrix
0.8396326386435888,0.800122950242486,0.8396326386435888,0.8176367215414322,"[[1149, 2, 188], [23, 0, 129], [110, 2, 1228]]"
