accuracy,precision,recall,f1_score,confusion_matrix
0.8378664782762275,0.8130733359555019,0.8378664782762275,0.815810912542643,"[[1163, 0, 176], [39, 1, 112], [130, 2, 1208]]"
