accuracy,precision,recall,f1_score,confusion_matrix
0.8689509007417874,0.8772429518278922,0.8163030852185361,0.8721241510398384,"[[1179, 37, 123], [10, 105, 37], [97, 67, 1176]]"
