accuracy,precision,recall,f1_score,confusion_matrix
0.8675379724478983,0.8627884152636298,0.8675379724478983,0.8602380861308224,"[[1189, 7, 143], [32, 44, 76], [104, 13, 1223]]"
