accuracy,precision,recall,f1_score,confusion_matrix
0.8647121158601201,0.8734163320798918,0.8647121158601201,0.8680448927354388,"[[1177, 36, 126], [10, 105, 37], [103, 71, 1166]]"
