accuracy,precision,recall,f1_score,confusion_matrix
0.772165312610385,0.8603888492984171,0.772165312610385,0.8046903332226987,"[[1117, 128, 94], [18, 102, 32], [91, 282, 967]]"
