accuracy,precision,recall,f1_score,confusion_matrix
0.8491699046273402,0.8396219412862628,0.8491699046273402,0.8419454059184215,"[[1167, 15, 157], [23, 32, 97], [102, 33, 1205]]"
