accuracy,precision,recall,f1_score,confusion_matrix
0.823030731190392,0.8608737597247549,0.823030731190392,0.8368868242084685,"[[1161, 60, 118], [16, 105, 31], [103, 173, 1064]]"
