accuracy,precision,recall,f1_score,confusion_matrix
0.7403744259978806,0.8579112764717893,0.7403744259978806,0.7791952447393474,"[[1093, 153, 93], [9, 127, 16], [111, 353, 876]]"
