accuracy,precision,recall,f1_score,confusion_matrix
0.8940303779583186,0.8925924643411418,0.8940303779583186,0.8899314155343145,"[[1228, 2, 109], [6, 65, 81], [87, 15, 1238]]"
