Model,Accuracy,Precision,Recall,F1 Score,ROC AUC Score,Overall MCC
304,0.8904980572235959,0.8875799620303606,0.8904980572235959,0.8835623454431859,0.9347437263879104,0.7976693341437455
