Model,Accuracy,Precision,Recall,F1 Score,ROC AUC Score,Overall MCC
448,0.8947368421052632,0.892686469455089,0.8947368421052632,0.890025319501084,0.9416434866321278,0.805859819270535
