Model,Accuracy,Precision,Recall,F1 Score,ROC AUC Score,Overall MCC
130,0.884139879901095,0.8828337399980555,0.884139879901095,0.874872333674071,0.929746891085041,0.7855685961036735
