Model,Accuracy,Precision,Recall,F1 Score,ROC AUC Score,Overall MCC
354,0.8908512892970681,0.8893177638617195,0.8908512892970681,0.8856934843450545,0.9406509893097698,0.7986312574811005
