Model,Accuracy,Precision,Recall,F1 Score,ROC AUC Score,Overall MCC
119,0.8816672553867891,0.8765347279963951,0.8816672553867891,0.8720664161676702,0.9283582315663145,0.7809606765109586
