Model,Accuracy,Precision,Recall,F1 Score,ROC AUC Score,Overall MCC
102,0.8795478629459554,0.8717880797506113,0.8795478629459554,0.8698267813005834,0.9251324600465697,0.7769443909210598
