Model,Accuracy,Precision,Recall,F1 Score,ROC AUC Score,Overall MCC
46,0.8859060402684564,0.8859202047277784,0.8859060402684564,0.8859130032404453,0.9250829497025701,0.7923175773246567
