Model,Accuracy,Precision,Recall,F1 Score,ROC AUC Score,Overall MCC
418,0.8912045213705404,0.8887975693290612,0.8912045213705404,0.886059898053116,0.9418147631990591,0.7991411192851114
