Model,Accuracy,Precision,Recall,F1 Score,ROC AUC Score,Overall MCC
360,0.8897915930766513,0.8878752701406973,0.8897915930766513,0.8845218239920574,0.9373590675166676,0.7966357999148449
