Model,Accuracy,Precision,Recall,F1 Score,ROC AUC Score,Overall MCC
138,0.8873189685623455,0.8840552893223237,0.8873189685623455,0.8779258631851646,0.9285282413010613,0.7916339041065273
