Model,Accuracy,Precision,Recall,F1 Score,ROC AUC Score,Overall MCC
368,0.8901448251501236,0.8874516376952676,0.8901448251501236,0.884767748048371,0.9374618440901502,0.7972352219629346
