Model,Accuracy,Precision,Recall,F1 Score,ROC AUC Score,Overall MCC
123,0.8809607912398446,0.8766248932877543,0.8809607912398446,0.8717588435671703,0.9290759589155749,0.7795416574340376
