Model,Accuracy,Precision,Recall,F1 Score,ROC AUC Score,Overall MCC
482,0.8919109855174849,0.8898549511323322,0.8919109855174849,0.886219012280998,0.9403600664624286,0.8004366606980102
