Model,Accuracy,Precision,Recall,F1 Score,ROC AUC Score,Overall MCC
24,0.8685976686683151,0.8765820557460205,0.8685976686683151,0.8718445280767112,0.9227157005155426,0.7646410696536734
