Model,Accuracy,Precision,Recall,F1 Score,ROC AUC Score,Overall MCC
155,0.8781349346520664,0.8706553505162004,0.8781349346520664,0.8650797075147214,0.9235874069474176,0.7740869451406837
