Model,Accuracy,Precision,Recall,F1 Score,ROC AUC Score,Overall MCC
204,0.8862592723419287,0.8821137216167932,0.8862592723419287,0.8780323365968812,0.9301519754955422,0.789806742601166
