Model,Accuracy,Precision,Recall,F1 Score,ROC AUC Score,Overall MCC
472,0.8926174496644296,0.8908437855193057,0.8926174496644296,0.8882337960208425,0.9427119300245167,0.8019744968404239
