Model,Accuracy,Precision,Recall,F1 Score,ROC AUC Score,Overall MCC
7,0.813846697280113,0.865925812770354,0.813846697280113,0.8327254157474947,0.9001331475459463,0.6891437477733178
