Model,Accuracy,Precision,Recall,F1 Score,ROC AUC Score,Overall MCC
29,0.8802543270929001,0.8835015050621652,0.8802543270929001,0.8816983586863453,0.9242975296369064,0.7835238269614505
