Model,Accuracy,Precision,Recall,F1 Score,ROC AUC Score,Overall MCC
157,0.8820204874602614,0.8766470270922395,0.8820204874602614,0.8710213444858231,0.9264881562618493,0.7816387261295249
