Model,Accuracy,Precision,Recall,F1 Score,ROC AUC Score,Overall MCC
311,0.8897915930766513,0.8869628581537866,0.8897915930766513,0.8828780164097245,0.9357951042124388,0.796389334580278
