Model,Accuracy,Precision,Recall,F1 Score,ROC AUC Score,Overall MCC
134,0.8859060402684564,0.8849627833091228,0.8859060402684564,0.8770903691360239,0.9307703992126157,0.789004095745822
