Model,Accuracy,Precision,Recall,F1 Score,ROC AUC Score,Overall MCC
262,0.8873189685623455,0.8851014854793928,0.8873189685623455,0.8791029957848263,0.9346967674304864,0.7917573112172451
