Model,Accuracy,Precision,Recall,F1 Score,ROC AUC Score,Overall MCC
407,0.8954433062522077,0.8942270719149163,0.8954433062522077,0.8906359855300533,0.9433913324918586,0.8071601960820097
