Model,Accuracy,Precision,Recall,F1 Score,ROC AUC Score,Overall MCC
224,0.8834334157541505,0.8797622596934701,0.8834334157541505,0.8736079244464457,0.9316942724860818,0.7842407169057292
