Model,Accuracy,Precision,Recall,F1 Score,ROC AUC Score,Overall MCC
255,0.8897915930766513,0.8894481172249252,0.8897915930766513,0.8834371865794928,0.93498570722407,0.7964176803788421
