Model,Accuracy,Precision,Recall,F1 Score,ROC AUC Score,Overall MCC
56,0.8685976686683151,0.8485160040587612,0.8685976686683151,0.856010318553348,0.8924947679158549,0.7563631452175132
