Model,Accuracy,Precision,Recall,F1 Score,ROC AUC Score,Overall MCC
139,0.8834334157541505,0.8797646974164806,0.8834334157541505,0.8741738513946845,0.9309272633481701,0.7843231562772679
