Model,Accuracy,Precision,Recall,F1 Score,ROC AUC Score,Overall MCC
143,0.8848463440480395,0.8817886816226086,0.8848463440480395,0.8738856960784281,0.9267305245421023,0.7870792747823205
