Model,Accuracy,Precision,Recall,F1 Score,ROC AUC Score,Overall MCC
88,0.8721299894030378,0.8557693698658824,0.8721299894030378,0.8598451137475831,0.9144207278140956,0.7630306704439929
