Model,Accuracy,Precision,Recall,F1 Score,ROC AUC Score,Overall MCC
462,0.8950900741787354,0.8932234399610917,0.8950900741787354,0.8907955421558928,0.9431043525298315,0.8065233687595939
