Model,Accuracy,Precision,Recall,F1 Score,ROC AUC Score,Overall MCC
306,0.8947368421052632,0.8927574475872573,0.8947368421052632,0.8896929388135025,0.9385571491526292,0.8058066173959528
