Model,Accuracy,Precision,Recall,F1 Score,ROC AUC Score,Overall MCC
227,0.8862592723419287,0.8830092344339816,0.8862592723419287,0.8786160104209852,0.9322737702940039,0.7897878004366062
