Model,Accuracy,Precision,Recall,F1 Score,ROC AUC Score,Overall MCC
295,0.8890851289297068,0.8867395068871059,0.8890851289297068,0.8816963222090402,0.936899234322472,0.7949908121064181
