Model,Accuracy,Precision,Recall,F1 Score,ROC AUC Score,Overall MCC
275,0.8883786647827623,0.8861373611719927,0.8883786647827623,0.8816448254480873,0.9351558171809479,0.7937685840412056
