Model,Accuracy,Precision,Recall,F1 Score,ROC AUC Score,Overall MCC
447,0.8933239138113741,0.8914138766492845,0.8933239138113741,0.8887832515414172,0.941853433663998,0.8032504976714723
