Model,Accuracy,Precision,Recall,F1 Score,ROC AUC Score,Overall MCC
128,0.8851995761215118,0.8842534483819763,0.8851995761215118,0.8755973192492621,0.9319730831221823,0.7874710544768052
