Model,Accuracy,Precision,Recall,F1 Score,ROC AUC Score,Overall MCC
343,0.8933239138113741,0.8913646275953621,0.8933239138113741,0.8877829960684843,0.9385881850133789,0.8031073329813864
