Model,Accuracy,Precision,Recall,F1 Score,ROC AUC Score,Overall MCC
412,0.8929706817379018,0.8909226283236715,0.8929706817379018,0.888477787144522,0.9429766139234257,0.8026677327637302
