Model,Accuracy,Precision,Recall,F1 Score,ROC AUC Score,Overall MCC
366,0.8926174496644296,0.8909355261234948,0.8926174496644296,0.8875625945203796,0.9397919652552847,0.8018230692652751
