Model,Accuracy,Precision,Recall,F1 Score,ROC AUC Score,Overall MCC
456,0.8933239138113741,0.8919327310355216,0.8933239138113741,0.8883702993314387,0.9416266865918042,0.8031032946130847
