Model,Accuracy,Precision,Recall,F1 Score,ROC AUC Score,Overall MCC
177,0.8862592723419287,0.8823215918301529,0.8862592723419287,0.878067130477454,0.9309415297241243,0.7899300841659918
