Model,Accuracy,Precision,Recall,F1 Score,ROC AUC Score,Overall MCC
424,0.8922642175909573,0.8904026225932193,0.8922642175909573,0.8873964904232392,0.9419209699360985,0.8012025084172113
