Model,Accuracy,Precision,Recall,F1 Score,ROC AUC Score,Overall MCC
464,0.8943836100317909,0.8928431071723663,0.8943836100317909,0.8899549964738561,0.9420383257741403,0.8052576682540539
