Model,Accuracy,Precision,Recall,F1 Score,ROC AUC Score,Overall MCC
442,0.8950900741787354,0.8941702106366481,0.8950900741787354,0.8909944547269358,0.942310494860707,0.8065543344016866
