Model,Accuracy,Precision,Recall,F1 Score,ROC AUC Score,Overall MCC
441,0.8950900741787354,0.893492916558299,0.8950900741787354,0.8908921927888934,0.9443025985545329,0.806507367754368
