Model,Accuracy,Precision,Recall,F1 Score,ROC AUC Score,Overall MCC
237,0.8904980572235959,0.8887942570367244,0.8904980572235959,0.8832437074583961,0.9334102703191327,0.79774681653538
