Model,Accuracy,Precision,Recall,F1 Score,ROC AUC Score,Overall MCC
307,0.8894383610031791,0.8865448644650031,0.8894383610031791,0.8829533149511677,0.9364685596573947,0.7957554174280783
