Model,Accuracy,Precision,Recall,F1 Score,ROC AUC Score,Overall MCC
142,0.886612504415401,0.8839798439792323,0.886612504415401,0.8779369711408702,0.932122247264718,0.7903617393584909
