Model,Accuracy,Precision,Recall,F1 Score,ROC AUC Score,Overall MCC
126,0.8876722006358178,0.8847516402786244,0.8876722006358178,0.8803010739630571,0.9343228997694597,0.7922606102567752
