Model,Accuracy,Precision,Recall,F1 Score,ROC AUC Score,Overall MCC
334,0.8904980572235959,0.8884514204947729,0.8904980572235959,0.884674176173553,0.938243574881381,0.7978229711652907
