Model,Accuracy,Precision,Recall,F1 Score,ROC AUC Score,Overall MCC
437,0.8940303779583186,0.8925369662232545,0.8940303779583186,0.8891357224793462,0.9429586448286064,0.804548212466461
