Model,Accuracy,Precision,Recall,F1 Score,ROC AUC Score,Overall MCC
105,0.8834334157541505,0.8778666620912989,0.8834334157541505,0.8743973704189568,0.9278328952648417,0.7843101086068338
