Model,Accuracy,Precision,Recall,F1 Score,ROC AUC Score,Overall MCC
108,0.8774284705051218,0.8676972792003664,0.8774284705051218,0.8675199587826881,0.9229989795920363,0.7729311798054492
