Model,Accuracy,Precision,Recall,F1 Score,ROC AUC Score,Overall MCC
193,0.8851995761215118,0.8810076789158057,0.8851995761215118,0.8769897438402277,0.9287405777752095,0.7877520437501264
