Model,Accuracy,Precision,Recall,F1 Score,ROC AUC Score,Overall MCC
158,0.8813140233133169,0.8745021584404301,0.8813140233133169,0.8702029485557506,0.9274215970821964,0.7802940300551607
