Model,Accuracy,Precision,Recall,F1 Score,ROC AUC Score,Overall MCC
3,0.6100317908866125,0.8863284694394474,0.6100317908866125,0.6961009584771692,0.8234218222642143,0.5042218116376945
