Model,Accuracy,Precision,Recall,F1 Score,ROC AUC Score,Overall MCC
355,0.88802543270929,0.8854998199771716,0.88802543270929,0.8817686580735656,0.9355901303982819,0.7932576317250125
