Model,Accuracy,Precision,Recall,F1 Score,ROC AUC Score,Overall MCC
43,0.8890851289297068,0.8903550006502222,0.8890851289297068,0.8896843002369454,0.9261091742165709,0.7986652323754876
