Model,Accuracy,Precision,Recall,F1 Score,ROC AUC Score,Overall MCC
63,0.8696573648887319,0.8511369147738744,0.8696573648887319,0.8576745028225959,0.8897300677002941,0.7585712229008795
