Model,Accuracy,Precision,Recall,F1 Score,ROC AUC Score,Overall MCC
468,0.8926174496644296,0.8907382526195483,0.8926174496644296,0.8876141643915648,0.940790395850041,0.8018782646245335
