Model,Accuracy,Precision,Recall,F1 Score,ROC AUC Score,Overall MCC
30,0.8791946308724832,0.8812376218156323,0.8791946308724832,0.880145258715374,0.9241766745798151,0.7810229655656175
