Model,Accuracy,Precision,Recall,F1 Score,ROC AUC Score,Overall MCC
153,0.884139879901095,0.8783872359184856,0.884139879901095,0.8734242746893152,0.9263571402695261,0.7856206610095087
