Model,Accuracy,Precision,Recall,F1 Score,ROC AUC Score,Overall MCC
181,0.8837866478276227,0.877626107285886,0.8837866478276227,0.8754909243499688,0.9304289405777605,0.7852196829975943
