Model,Accuracy,Precision,Recall,F1 Score,ROC AUC Score,Overall MCC
244,0.885552808194984,0.8820927244761962,0.885552808194984,0.8780058319223522,0.9335405267010336,0.788548712582135
