Model,Accuracy,Precision,Recall,F1 Score,ROC AUC Score,Overall MCC
410,0.8954433062522077,0.894130405121017,0.8954433062522077,0.8912199594184864,0.9433718295095413,0.8071767673808844
