Model,Accuracy,Precision,Recall,F1 Score,ROC AUC Score,Overall MCC
51,0.8689509007417874,0.8577968733993273,0.8689509007417874,0.8617886548317013,0.9102764766826611,0.7579798341239673
