Model,Accuracy,Precision,Recall,F1 Score,ROC AUC Score,Overall MCC
45,0.8834334157541505,0.8823701488880689,0.8834334157541505,0.8828706494720864,0.9256632113986883,0.7873169556682847
