Model,Accuracy,Precision,Recall,F1 Score,ROC AUC Score,Overall MCC
225,0.88802543270929,0.8860533628926156,0.88802543270929,0.880210140508916,0.9332170952165003,0.7931041909131591
