Model,Accuracy,Precision,Recall,F1 Score,ROC AUC Score,Overall MCC
117,0.8806075591663723,0.8747790699423283,0.8806075591663723,0.8708412124046898,0.9297607400724847,0.7789708863032203
