Model,Accuracy,Precision,Recall,F1 Score,ROC AUC Score,Overall MCC
478,0.8933239138113741,0.8920420237358154,0.8933239138113741,0.8885271529584722,0.9425052014063952,0.8031390946448684
