Model,Accuracy,Precision,Recall,F1 Score,ROC AUC Score,Overall MCC
159,0.8809607912398446,0.8745382973943824,0.8809607912398446,0.8697561881154204,0.9245839565438795,0.779521088508389
