Model,Accuracy,Precision,Recall,F1 Score,ROC AUC Score,Overall MCC
182,0.8848463440480395,0.8799934208831345,0.8848463440480395,0.8761615150695216,0.9286345372602417,0.7869112654620499
