Model,Accuracy,Precision,Recall,F1 Score,ROC AUC Score,Overall MCC
91,0.8742493818438715,0.8605561482418728,0.8742493818438715,0.860293239842659,0.9235829067292757,0.7667421697952523
