Model,Accuracy,Precision,Recall,F1 Score,ROC AUC Score,Overall MCC
432,0.8926174496644296,0.8906919795075909,0.8926174496644296,0.8869332198549581,0.9411006450687486,0.8018546185368175
