Model,Accuracy,Precision,Recall,F1 Score,ROC AUC Score,Overall MCC
13,0.8519957612151183,0.8659075174939814,0.8519957612151183,0.8578012456927037,0.9021888134599202,0.73682538312087
