Model,Accuracy,Precision,Recall,F1 Score,ROC AUC Score,Overall MCC
238,0.88802543270929,0.8866859254784567,0.88802543270929,0.8803872189804973,0.9336607932586586,0.7931041909131591
