Model,Accuracy,Precision,Recall,F1 Score,ROC AUC Score,Overall MCC
413,0.8943836100317909,0.8922267828937337,0.8943836100317909,0.8899914306522771,0.9422584667412123,0.8052103060608915
