Model,Accuracy,Precision,Recall,F1 Score,ROC AUC Score,Overall MCC
115,0.8827269516072059,0.8773772876184817,0.8827269516072059,0.8730771355247892,0.9287192769056335,0.7828419129608252
