Model,Accuracy,Precision,Recall,F1 Score,ROC AUC Score,Overall MCC
133,0.8848463440480395,0.8808321988209931,0.8848463440480395,0.875840417324265,0.9313822204912312,0.7870002417947094
