Model,Accuracy,Precision,Recall,F1 Score,ROC AUC Score,Overall MCC
331,0.8883786647827623,0.8845401874693918,0.8883786647827623,0.8825068753785026,0.9372259926928778,0.7939629055267617
