Model,Accuracy,Precision,Recall,F1 Score,ROC AUC Score,Overall MCC
303,0.8933239138113741,0.8917457311967787,0.8933239138113741,0.8879114027599516,0.9402233720308093,0.8030882328907942
