Model,Accuracy,Precision,Recall,F1 Score,ROC AUC Score,Overall MCC
120,0.8837866478276227,0.8806958430692124,0.8837866478276227,0.876092178865266,0.9337947321927761,0.7849356794806659
