Model,Accuracy,Precision,Recall,F1 Score,ROC AUC Score,Overall MCC
431,0.8919109855174849,0.8903589513046922,0.8919109855174849,0.8872945327907821,0.9420320612798201,0.8004811165716933
