Model,Accuracy,Precision,Recall,F1 Score,ROC AUC Score,Overall MCC
73,0.8668315083009537,0.8485467225307842,0.8668315083009537,0.8555623174157996,0.8949294684306154,0.7533692815806992
