Model,Accuracy,Precision,Recall,F1 Score,ROC AUC Score,Overall MCC
379,0.8897915930766513,0.8868934158597491,0.8897915930766513,0.8846034776815735,0.9396741535287676,0.7965645325239246
