Model,Accuracy,Precision,Recall,F1 Score,ROC AUC Score,Overall MCC
477,0.8943836100317909,0.8924960239215561,0.8943836100317909,0.8900879567868414,0.9435272856463722,0.8051943314836992
