Model,Accuracy,Precision,Recall,F1 Score,ROC AUC Score,Overall MCC
373,0.8926174496644296,0.8904643206236029,0.8926174496644296,0.8867502030074589,0.9375897715297183,0.8017578721927785
