Model,Accuracy,Precision,Recall,F1 Score,ROC AUC Score,Overall MCC
229,0.884139879901095,0.879235431398892,0.884139879901095,0.875065991202325,0.9320604413763109,0.785806812744045
