Model,Accuracy,Precision,Recall,F1 Score,ROC AUC Score,Overall MCC
212,0.8851995761215118,0.8812565345761872,0.8851995761215118,0.8770199474847729,0.9308906663813513,0.7879189440679923
