Model,Accuracy,Precision,Recall,F1 Score,ROC AUC Score,Overall MCC
364,0.8887318968562345,0.8857532267491501,0.8887318968562345,0.882880798230944,0.9364061231028927,0.7945833936201647
