Model,Accuracy,Precision,Recall,F1 Score,ROC AUC Score,Overall MCC
419,0.8915577534440127,0.8899742986151324,0.8915577534440127,0.8866726919652985,0.9419555520714106,0.7998500835715837
