Model,Accuracy,Precision,Recall,F1 Score,ROC AUC Score,Overall MCC
185,0.8834334157541505,0.877505221841238,0.8834334157541505,0.8747706095932135,0.9299480784581867,0.7844210172267395
