Model,Accuracy,Precision,Recall,F1 Score,ROC AUC Score,Overall MCC
474,0.8943836100317909,0.893270788710838,0.8943836100317909,0.8897399051608489,0.9423701416955158,0.8052036901422142
