Model,Accuracy,Precision,Recall,F1 Score,ROC AUC Score,Overall MCC
266,0.885552808194984,0.8810177162533062,0.885552808194984,0.8760660478472152,0.9334267366930921,0.7882565739393321
