Model,Accuracy,Precision,Recall,F1 Score,ROC AUC Score,Overall MCC
39,0.886612504415401,0.8876517526167328,0.886612504415401,0.887105158479295,0.929715932835332,0.7940644200962647
