Model,Accuracy,Precision,Recall,F1 Score,ROC AUC Score,Overall MCC
171,0.8844931119745673,0.8802255751486191,0.8844931119745673,0.8755924189409835,0.9299174905414752,0.7864449205718755
