Model,Accuracy,Precision,Recall,F1 Score,ROC AUC Score,Overall MCC
82,0.8668315083009537,0.8481421303442737,0.8668315083009537,0.8542802224446416,0.9103011796047081,0.7529916695562202
