Model,Accuracy,Precision,Recall,F1 Score,ROC AUC Score,Overall MCC
40,0.8848463440480395,0.8853790499571011,0.8848463440480395,0.885107148209972,0.9291589905069598,0.7906171356763767
