Model,Accuracy,Precision,Recall,F1 Score,ROC AUC Score,Overall MCC
317,0.8894383610031791,0.8876122816466812,0.8894383610031791,0.8826539930120709,0.936038714880454,0.7957789209866524
