Model,Accuracy,Precision,Recall,F1 Score,ROC AUC Score,Overall MCC
99,0.8735429176969269,0.8566563787113829,0.8735429176969269,0.8582530736513646,0.9194555827491605,0.765287274287172
