Model,Accuracy,Precision,Recall,F1 Score,ROC AUC Score,Overall MCC
150,0.8816672553867891,0.8760204159883417,0.8816672553867891,0.8713545208617653,0.924754405056006,0.7811453771839613
