Model,Accuracy,Precision,Recall,F1 Score,ROC AUC Score,Overall MCC
406,0.8940303779583186,0.8922352171281834,0.8940303779583186,0.8898769082821809,0.9436640803001227,0.8045590259709033
