Model,Accuracy,Precision,Recall,F1 Score,ROC AUC Score,Overall MCC
213,0.8837866478276227,0.8796530328474427,0.8837866478276227,0.876072154564791,0.9298652766443714,0.7851525088048865
