Model,Accuracy,Precision,Recall,F1 Score,ROC AUC Score,Overall MCC
273,0.88802543270929,0.8843341032207626,0.88802543270929,0.8789068767857685,0.9332757813855137,0.7929095159767748
