Model,Accuracy,Precision,Recall,F1 Score,ROC AUC Score,Overall MCC
147,0.8830801836806782,0.8785297978467738,0.8830801836806782,0.872846340809948,0.9262600299131284,0.783662444244929
