Model,Accuracy,Precision,Recall,F1 Score,ROC AUC Score,Overall MCC
231,0.8859060402684564,0.8829349698537997,0.8859060402684564,0.8771145683231582,0.9299701536048385,0.789239875572927
