Model,Accuracy,Precision,Recall,F1 Score,ROC AUC Score,Overall MCC
21,0.8707170611091487,0.8812373923636602,0.8707170611091487,0.8748556475167598,0.9226278765951696,0.769567107208732
