Model,Accuracy,Precision,Recall,F1 Score,ROC AUC Score,Overall MCC
129,0.885552808194984,0.8828645279965371,0.885552808194984,0.8763476363918136,0.932462337623036,0.788156344798027
