Model,Accuracy,Precision,Recall,F1 Score,ROC AUC Score,Overall MCC
144,0.8859060402684564,0.8830669735421541,0.8859060402684564,0.8775323368809727,0.9308164188931135,0.7891073618785239
