Model,Accuracy,Precision,Recall,F1 Score,ROC AUC Score,Overall MCC
325,0.8908512892970681,0.8882616124724843,0.8908512892970681,0.8852608313763373,0.9393874510109333,0.7984955696290991
