Model,Accuracy,Precision,Recall,F1 Score,ROC AUC Score,Overall MCC
192,0.8795478629459554,0.8719900295307856,0.8795478629459554,0.8691942234933183,0.9256474392463216,0.7769660689884309
