Model,Accuracy,Precision,Recall,F1 Score,ROC AUC Score,Overall MCC
496,0.8975626986930413,0.8965014177536741,0.8975626986930413,0.8938529768725934,0.9439268560063172,0.81120938601431
