Model,Accuracy,Precision,Recall,F1 Score,ROC AUC Score,Overall MCC
49,0.88802543270929,0.8879649778620444,0.88802543270929,0.8879922205447092,0.9244792867498911,0.796180077029897
