Model,Accuracy,Precision,Recall,F1 Score,ROC AUC Score,Overall MCC
253,0.886612504415401,0.8846557453159232,0.886612504415401,0.8783190170044427,0.9334327964653756,0.7902586765902986
