Model,Accuracy,Precision,Recall,F1 Score,ROC AUC Score,Overall MCC
203,0.8820204874602614,0.8770820699458526,0.8820204874602614,0.8715262625836666,0.925872032153802,0.7815612739164276
