Model,Accuracy,Precision,Recall,F1 Score,ROC AUC Score,Overall MCC
352,0.8904980572235959,0.8887485695333432,0.8904980572235959,0.8850180156729365,0.9374844710696352,0.7979175869876156
