Model,Accuracy,Precision,Recall,F1 Score,ROC AUC Score,Overall MCC
393,0.8954433062522077,0.8944137891531261,0.8954433062522077,0.8910699143331733,0.9432874858637906,0.8071923746286388
