Model,Accuracy,Precision,Recall,F1 Score,ROC AUC Score,Overall MCC
491,0.8926174496644296,0.8906705401266292,0.8926174496644296,0.8883960075048564,0.9440823775319777,0.801998902752825
