Model,Accuracy,Precision,Recall,F1 Score,ROC AUC Score,Overall MCC
168,0.8844931119745673,0.880083484762295,0.8844931119745673,0.8753605674150962,0.9277571792779353,0.7865085277630436
