Model,Accuracy,Precision,Recall,F1 Score,ROC AUC Score,Overall MCC
248,0.8926174496644296,0.8919513371499153,0.8926174496644296,0.8867790267534241,0.9360793207325271,0.8017131609391746
