Model,Accuracy,Precision,Recall,F1 Score,ROC AUC Score,Overall MCC
452,0.8965030024726245,0.8950644732660689,0.8965030024726245,0.8925099188602877,0.9441543351889584,0.8093666940118341
