Model,Accuracy,Precision,Recall,F1 Score,ROC AUC Score,Overall MCC
12,0.8452843518191452,0.8651970003569494,0.8452843518191452,0.8534068210058701,0.9024650837094352,0.7274183544789392
