Model,Accuracy,Precision,Recall,F1 Score,ROC AUC Score,Overall MCC
425,0.8904980572235959,0.8889919222845191,0.8904980572235959,0.8856313429592252,0.9430680990071458,0.7979126305229114
