Model,Accuracy,Precision,Recall,F1 Score,ROC AUC Score,Overall MCC
493,0.8915577534440127,0.8894343397181519,0.8915577534440127,0.8860069184416476,0.9418538516636189,0.7996888083343803
