Model,Accuracy,Precision,Recall,F1 Score,ROC AUC Score,Overall MCC
210,0.8859060402684564,0.883185132305156,0.8859060402684564,0.8779342408050932,0.9296316111895614,0.7889954317794534
