Model,Accuracy,Precision,Recall,F1 Score,ROC AUC Score,Overall MCC
96,0.8788413987990109,0.8705093824190407,0.8788413987990109,0.8681225383559341,0.924935048725556,0.7757932961431793
