Model,Accuracy,Precision,Recall,F1 Score,ROC AUC Score,Overall MCC
199,0.8830801836806782,0.8772756767628614,0.8830801836806782,0.8744412562589424,0.9277498456456955,0.7838270261882264
