Model,Accuracy,Precision,Recall,F1 Score,ROC AUC Score,Overall MCC
480,0.8919109855174849,0.8898450027122614,0.8919109855174849,0.8869575093729059,0.942331132064218,0.800619297647817
