Model,Accuracy,Precision,Recall,F1 Score,ROC AUC Score,Overall MCC
374,0.8929706817379018,0.8908698495743891,0.8929706817379018,0.888133681508022,0.9394016513869472,0.8025545793487392
