Model,Accuracy,Precision,Recall,F1 Score,ROC AUC Score,Overall MCC
195,0.8851995761215118,0.8801218317511208,0.8851995761215118,0.876092311421264,0.9284260825603519,0.7876986387191512
