Model,Accuracy,Precision,Recall,F1 Score,ROC AUC Score,Overall MCC
264,0.8890851289297068,0.8862070227872073,0.8890851289297068,0.8813636646200843,0.9342883567452233,0.7950892708186856
