Model,Accuracy,Precision,Recall,F1 Score,ROC AUC Score,Overall MCC
328,0.8919109855174849,0.8897029880355283,0.8919109855174849,0.8865701203341451,0.9403420961453884,0.8004526280355075
