Model,Accuracy,Precision,Recall,F1 Score,ROC AUC Score,Overall MCC
234,0.8908512892970681,0.8871821884515314,0.8908512892970681,0.8850386011705869,0.9353019043818289,0.7984958186896858
