Model,Accuracy,Precision,Recall,F1 Score,ROC AUC Score,Overall MCC
483,0.8933239138113741,0.8913799385125056,0.8933239138113741,0.888158337133219,0.942470390104624,0.8032153912226748
