Model,Accuracy,Precision,Recall,F1 Score,ROC AUC Score,Overall MCC
151,0.8809607912398446,0.8751459217821178,0.8809607912398446,0.8700672929232407,0.9246547873129929,0.77970585762698
