Model,Accuracy,Precision,Recall,F1 Score,ROC AUC Score,Overall MCC
495,0.8926174496644296,0.8905440405763186,0.8926174496644296,0.8879253463158667,0.9426530290501427,0.8018648027912912
