Model,Accuracy,Precision,Recall,F1 Score,ROC AUC Score,Overall MCC
338,0.8915577534440127,0.889609611782155,0.8915577534440127,0.8864134121621484,0.9394326353032995,0.7998861938218153
