Model,Accuracy,Precision,Recall,F1 Score,ROC AUC Score,Overall MCC
494,0.8929706817379018,0.8910397324056086,0.8929706817379018,0.8884297873628888,0.9428659411904355,0.8025760402771077
