Model,Accuracy,Precision,Recall,F1 Score,ROC AUC Score,Overall MCC
269,0.8908512892970681,0.8885164610611167,0.8908512892970681,0.8825738090247519,0.9322824456194715,0.7983821845640482
