Model,Accuracy,Precision,Recall,F1 Score,ROC AUC Score,Overall MCC
200,0.8827269516072059,0.8761512261680567,0.8827269516072059,0.872548357428755,0.9256956729803676,0.783158687838078
