Model,Accuracy,Precision,Recall,F1 Score,ROC AUC Score,Overall MCC
375,0.8908512892970681,0.8886773951488474,0.8908512892970681,0.8856009875440106,0.9377817922445084,0.7986696202903484
