Model,Accuracy,Precision,Recall,F1 Score,ROC AUC Score,Overall MCC
411,0.8943836100317909,0.8928168177419883,0.8943836100317909,0.8896034325641018,0.9430129774460115,0.8051481447787319
