Model,Accuracy,Precision,Recall,F1 Score,ROC AUC Score,Overall MCC
443,0.8961497703991522,0.8950246706688397,0.8961497703991522,0.8918846665195811,0.943998231274937,0.8084383408189618
