Model,Accuracy,Precision,Recall,F1 Score,ROC AUC Score,Overall MCC
93,0.8784881667255386,0.8690487140857305,0.8784881667255386,0.867534480676473,0.9243725459022251,0.7749154432985955
