Model,Accuracy,Precision,Recall,F1 Score,ROC AUC Score,Overall MCC
469,0.8922642175909573,0.8901912248274043,0.8922642175909573,0.8870885764628442,0.9398548564760413,0.8011469781803654
