Model,Accuracy,Precision,Recall,F1 Score,ROC AUC Score,Overall MCC
202,0.8820204874602614,0.8769063317411687,0.8820204874602614,0.8732688342757614,0.9297380373152905,0.7817645836433961
