Model,Accuracy,Precision,Recall,F1 Score,ROC AUC Score,Overall MCC
228,0.8848463440480395,0.880907905118206,0.8848463440480395,0.876172367978662,0.9327285214928072,0.7872199480142981
