Model,Accuracy,Precision,Recall,F1 Score,ROC AUC Score,Overall MCC
481,0.8915577534440127,0.889371058878128,0.8915577534440127,0.8862278708920245,0.9405907105866446,0.7997944174761189
