Model,Accuracy,Precision,Recall,F1 Score,ROC AUC Score,Overall MCC
284,0.8908512892970681,0.8886497926730903,0.8908512892970681,0.8834579337716637,0.9352600420864507,0.7984315386501757
