Model,Accuracy,Precision,Recall,F1 Score,ROC AUC Score,Overall MCC
149,0.8813140233133169,0.8749127938520166,0.8813140233133169,0.8688525158808682,0.9223412969105574,0.780311097013871
