Model,Accuracy,Precision,Recall,F1 Score,ROC AUC Score,Overall MCC
459,0.8933239138113741,0.891965258071241,0.8933239138113741,0.8885945661647757,0.941909421779902,0.8032695877881709
