Model,Accuracy,Precision,Recall,F1 Score,ROC AUC Score,Overall MCC
377,0.8919109855174849,0.8901179608524196,0.8919109855174849,0.8867868419347479,0.9388275692407816,0.8006440480292405
