Model,Accuracy,Precision,Recall,F1 Score,ROC AUC Score,Overall MCC
172,0.8823737195337337,0.8761429536485202,0.8823737195337337,0.8738989116055637,0.9277125706517136,0.7826538612989827
