Model,Accuracy,Precision,Recall,F1 Score,ROC AUC Score,Overall MCC
378,0.8908512892970681,0.8883849255333064,0.8908512892970681,0.8854175977616555,0.9378396112476413,0.79853260749782
