Model,Accuracy,Precision,Recall,F1 Score,ROC AUC Score,Overall MCC
211,0.8883786647827623,0.8850373663537402,0.8883786647827623,0.8815906029089163,0.9324580622935791,0.7938636781099555
