Model,Accuracy,Precision,Recall,F1 Score,ROC AUC Score,Overall MCC
187,0.884139879901095,0.8779735766889544,0.884139879901095,0.8746077241680291,0.9284348978301371,0.7855852147019476
