Model,Accuracy,Precision,Recall,F1 Score,ROC AUC Score,Overall MCC
124,0.8848463440480395,0.8816200803974238,0.8848463440480395,0.8762377507240956,0.9325951105582108,0.7869458093518075
