Model,Accuracy,Precision,Recall,F1 Score,ROC AUC Score,Overall MCC
61,0.8685976686683151,0.8499099878746964,0.8685976686683151,0.8564831732080488,0.8857868835532255,0.756462098423018
