Model,Accuracy,Precision,Recall,F1 Score,ROC AUC Score,Overall MCC
347,0.8919109855174849,0.8894606424498169,0.8919109855174849,0.8856951113961797,0.9355224230152253,0.8003501265168489
