Model,Accuracy,Precision,Recall,F1 Score,ROC AUC Score,Overall MCC
68,0.8675379724478983,0.8494243101501797,0.8675379724478983,0.8560196046672975,0.8913405817400948,0.7545333075806502
