Model,Accuracy,Precision,Recall,F1 Score,ROC AUC Score,Overall MCC
175,0.8862592723419287,0.8827630064871059,0.8862592723419287,0.8771872665879539,0.9293274119653687,0.7896879864675
