Model,Accuracy,Precision,Recall,F1 Score,ROC AUC Score,Overall MCC
215,0.8851995761215118,0.8811098805736872,0.8851995761215118,0.8765060686799565,0.9323966786825669,0.7877823872091633
