Model,Accuracy,Precision,Recall,F1 Score,ROC AUC Score,Overall MCC
191,0.8827269516072059,0.8776702064522725,0.8827269516072059,0.8731243477951751,0.9268601252023753,0.7830201634481233
