Model,Accuracy,Precision,Recall,F1 Score,ROC AUC Score,Overall MCC
291,0.8933239138113741,0.8920505883035916,0.8933239138113741,0.88731629241128,0.9365643035705871,0.802954502022187
