Model,Accuracy,Precision,Recall,F1 Score,ROC AUC Score,Overall MCC
196,0.8851995761215118,0.8792710330263539,0.8851995761215118,0.8762093142835752,0.9273594416385507,0.7876793500640817
