Model,Accuracy,Precision,Recall,F1 Score,ROC AUC Score,Overall MCC
104,0.8802543270929001,0.8729894093813682,0.8802543270929001,0.8707918889362032,0.9260150790796616,0.7784146638913758
