Model,Accuracy,Precision,Recall,F1 Score,ROC AUC Score,Overall MCC
53,0.8654185800070646,0.8514580874287739,0.8654185800070646,0.8567280551479631,0.9081686372048802,0.7513110682763461
