Model,Accuracy,Precision,Recall,F1 Score,ROC AUC Score,Overall MCC
1,0.6079123984457788,0.8861801450503191,0.6079123984457788,0.6945425553882667,0.8206834022470485,0.5021001455068337
