Model,Accuracy,Precision,Recall,F1 Score,ROC AUC Score,Overall MCC
282,0.886612504415401,0.8822805866662417,0.886612504415401,0.8783689209447892,0.9346799350013034,0.7903330510288044
