Model,Accuracy,Precision,Recall,F1 Score,ROC AUC Score,Overall MCC
426,0.8947368421052632,0.8937491624095646,0.8947368421052632,0.8902433786796123,0.9431036485304697,0.8059172456800711
