Model,Accuracy,Precision,Recall,F1 Score,ROC AUC Score,Overall MCC
302,0.8933239138113741,0.8915088860970752,0.8933239138113741,0.887567431489424,0.9391805088096721,0.8030374621028105
