Model,Accuracy,Precision,Recall,F1 Score,ROC AUC Score,Overall MCC
137,0.8837866478276227,0.8806420598150544,0.8837866478276227,0.8742648441352577,0.9279100180282503,0.7850873342316252
