Model,Accuracy,Precision,Recall,F1 Score,ROC AUC Score,Overall MCC
148,0.8834334157541505,0.8790382243219775,0.8834334157541505,0.8726287891019566,0.9264860424304326,0.7843772099683588
