Model,Accuracy,Precision,Recall,F1 Score,ROC AUC Score,Overall MCC
246,0.8862592723419287,0.8836627601092717,0.8862592723419287,0.8783126296154928,0.9335275351017017,0.7897239504325475
