Model,Accuracy,Precision,Recall,F1 Score,ROC AUC Score,Overall MCC
22,0.8696573648887319,0.8779812460441357,0.8696573648887319,0.873023996294947,0.9206574349372589,0.7666970414416046
