Model,Accuracy,Precision,Recall,F1 Score,ROC AUC Score,Overall MCC
17,0.8551748498763688,0.8649006560414485,0.8551748498763688,0.8594975729491926,0.8995978868090271,0.7403778416811824
