Model,Accuracy,Precision,Recall,F1 Score,ROC AUC Score,Overall MCC
5,0.7548569410102437,0.854357435818591,0.7548569410102437,0.7923129440371374,0.8596264994941961,0.6129238298687789
