Model,Accuracy,Precision,Recall,F1 Score,ROC AUC Score,Overall MCC
359,0.8919109855174849,0.8903759971594299,0.8919109855174849,0.8863698282559614,0.9402769627599982,0.8004955293583506
