Model,Accuracy,Precision,Recall,F1 Score,ROC AUC Score,Overall MCC
463,0.8950900741787354,0.8933748191367272,0.8950900741787354,0.8904922001547171,0.9429797996427594,0.8065170195128467
