Model,Accuracy,Precision,Recall,F1 Score,ROC AUC Score,Overall MCC
162,0.884139879901095,0.8795705726775,0.884139879901095,0.8749834622084702,0.9276375953308026,0.7857455267560668
