Model,Accuracy,Precision,Recall,F1 Score,ROC AUC Score,Overall MCC
103,0.8795478629459554,0.8730281725822829,0.8795478629459554,0.8683461665522614,0.9270393981509457,0.7767706757853657
