Model,Accuracy,Precision,Recall,F1 Score,ROC AUC Score,Overall MCC
305,0.8936771458848464,0.8925452101758228,0.8936771458848464,0.8878478316003623,0.9391296393557936,0.8036667467653283
