Model,Accuracy,Precision,Recall,F1 Score,ROC AUC Score,Overall MCC
433,0.8922642175909573,0.8902293053709996,0.8922642175909573,0.8875817997391531,0.9420729219649951,0.8012245215858625
