Model,Accuracy,Precision,Recall,F1 Score,ROC AUC Score,Overall MCC
454,0.8936771458848464,0.8919605248671515,0.8936771458848464,0.8889543640212698,0.9431945775035832,0.8039063473949781
