Model,Accuracy,Precision,Recall,F1 Score,ROC AUC Score,Overall MCC
414,0.8933239138113741,0.8916787552006711,0.8933239138113741,0.8888840372448159,0.9426412462274922,0.8032159171715072
