Model,Accuracy,Precision,Recall,F1 Score,ROC AUC Score,Overall MCC
236,0.8901448251501236,0.8886236958881878,0.8901448251501236,0.8840617040123897,0.9349134953450976,0.7970948670848271
