Model,Accuracy,Precision,Recall,F1 Score,ROC AUC Score,Overall MCC
35,0.8827269516072059,0.884951971285235,0.8827269516072059,0.8837457532841869,0.92939117524089,0.7875538792786982
