Model,Accuracy,Precision,Recall,F1 Score,ROC AUC Score,Overall MCC
90,0.874955845990816,0.8583062033845636,0.874955845990816,0.8607661591464479,0.9146390947272209,0.768124474174014
