Model,Accuracy,Precision,Recall,F1 Score,ROC AUC Score,Overall MCC
326,0.8883786647827623,0.8857070176556933,0.8883786647827623,0.8823434428213103,0.9379737023482876,0.7939722252744035
