Model,Accuracy,Precision,Recall,F1 Score,ROC AUC Score,Overall MCC
55,0.8678912045213706,0.8485967962232622,0.8678912045213706,0.855624449734406,0.8925974839893923,0.7551197581083933
