Model,Accuracy,Precision,Recall,F1 Score,ROC AUC Score,Overall MCC
169,0.8844931119745673,0.8790984402045289,0.8844931119745673,0.8752760748140461,0.9274997935668537,0.7865718617718487
