Model,Accuracy,Precision,Recall,F1 Score,ROC AUC Score,Overall MCC
54,0.8685976686683151,0.849994493638505,0.8685976686683151,0.856931645355151,0.8875251270327738,0.7565508042064997
