Model,Accuracy,Precision,Recall,F1 Score,ROC AUC Score,Overall MCC
57,0.8696573648887319,0.850391256632118,0.8696573648887319,0.8576995573305716,0.8960397267573145,0.7584890013798026
