Model,Accuracy,Precision,Recall,F1 Score,ROC AUC Score,Overall MCC
71,0.8671847403744259,0.8491638314844977,0.8671847403744259,0.8553762444877469,0.8935279059235876,0.7538416395710802
