Model,Accuracy,Precision,Recall,F1 Score,ROC AUC Score,Overall MCC
401,0.8940303779583186,0.8925839572301879,0.8940303779583186,0.8901825642996416,0.9448023782125103,0.804700683520137
