Model,Accuracy,Precision,Recall,F1 Score,ROC AUC Score,Overall MCC
250,0.885552808194984,0.8821671660185939,0.885552808194984,0.8777209318538097,0.9319071100708869,0.7884505948105878
