Model,Accuracy,Precision,Recall,F1 Score,ROC AUC Score,Overall MCC
111,0.8799010950194278,0.873348858550535,0.8799010950194278,0.8708077074259363,0.9269115073780112,0.7776422024999079
