Model,Accuracy,Precision,Recall,F1 Score,ROC AUC Score,Overall MCC
186,0.8848463440480395,0.8795210030493673,0.8848463440480395,0.8746084311976149,0.9272141079369867,0.7868964753016178
