Model,Accuracy,Precision,Recall,F1 Score,ROC AUC Score,Overall MCC
397,0.8936771458848464,0.8918396785010029,0.8936771458848464,0.8889354915734857,0.9406534844741742,0.8038339847499104
