Model,Accuracy,Precision,Recall,F1 Score,ROC AUC Score,Overall MCC
125,0.8859060402684564,0.8829432218032974,0.8859060402684564,0.8771885939899033,0.9326980741315238,0.7888155257525278
