Model,Accuracy,Precision,Recall,F1 Score,ROC AUC Score,Overall MCC
94,0.8767220063581773,0.8659396468669264,0.8767220063581773,0.8622447486487528,0.9213012136313442,0.7714072557388387
