Model,Accuracy,Precision,Recall,F1 Score,ROC AUC Score,Overall MCC
243,0.8894383610031791,0.8869283780791413,0.8894383610031791,0.8829123475754321,0.9366696755306053,0.795779944985795
