Model,Accuracy,Precision,Recall,F1 Score,ROC AUC Score,Overall MCC
320,0.8901448251501236,0.886969084966132,0.8901448251501236,0.8843337926669391,0.9366963065064601,0.7972969157693771
