Model,Accuracy,Precision,Recall,F1 Score,ROC AUC Score,Overall MCC
81,0.8703638290356764,0.8512402649754818,0.8703638290356764,0.8569018944178927,0.9058632427951044,0.7595254044202293
