Model,Accuracy,Precision,Recall,F1 Score,ROC AUC Score,Overall MCC
42,0.8873189685623455,0.8886511307625499,0.8873189685623455,0.8879407227464546,0.9265466817087864,0.795517897570913
