Model,Accuracy,Precision,Recall,F1 Score,ROC AUC Score,Overall MCC
395,0.8933239138113741,0.8914994075240822,0.8933239138113741,0.8880969668774229,0.9420550506478652,0.8031033967876119
