Model,Accuracy,Precision,Recall,F1 Score,ROC AUC Score,Overall MCC
190,0.884139879901095,0.8778123683088593,0.884139879901095,0.8740421263595946,0.9266978502939492,0.7855462918374061
