Model,Accuracy,Precision,Recall,F1 Score,ROC AUC Score,Overall MCC
342,0.8876722006358178,0.8839805755475905,0.8876722006358178,0.8806801717873857,0.9356734082672209,0.7923833661688124
