Model,Accuracy,Precision,Recall,F1 Score,ROC AUC Score,Overall MCC
161,0.8799010950194278,0.8715606263348493,0.8799010950194278,0.8686578720074305,0.9254322598858623,0.777506048757243
