Model,Accuracy,Precision,Recall,F1 Score,ROC AUC Score,Overall MCC
201,0.8813140233133169,0.8753107802118548,0.8813140233133169,0.8703817860134374,0.926840176720462,0.780269266907417
