Model,Accuracy,Precision,Recall,F1 Score,ROC AUC Score,Overall MCC
444,0.8954433062522077,0.8937441120433605,0.8954433062522077,0.8909755162889846,0.943383157665937,0.8071576888156381
