Model,Accuracy,Precision,Recall,F1 Score,ROC AUC Score,Overall MCC
445,0.8961497703991522,0.8949176859120241,0.8961497703991522,0.8919366798249743,0.9436613186915155,0.808542457927033
