Model,Accuracy,Precision,Recall,F1 Score,ROC AUC Score,Overall MCC
351,0.8883786647827623,0.8859908993263708,0.8883786647827623,0.8824535674798648,0.9365540308021231,0.7938882523887488
