Model,Accuracy,Precision,Recall,F1 Score,ROC AUC Score,Overall MCC
65,0.8685976686683151,0.8499951785423165,0.8685976686683151,0.856921032725695,0.8905988603570333,0.7565687278515748
