Model,Accuracy,Precision,Recall,F1 Score,ROC AUC Score,Overall MCC
32,0.8795478629459554,0.8819959483333675,0.8795478629459554,0.8806702398141764,0.9275611747334239,0.7818549489046968
