Model,Accuracy,Precision,Recall,F1 Score,ROC AUC Score,Overall MCC
78,0.8675379724478983,0.8489821553506736,0.8675379724478983,0.8555735225944882,0.9082816767690575,0.7545412588585716
