Model,Accuracy,Precision,Recall,F1 Score,ROC AUC Score,Overall MCC
294,0.8912045213705404,0.8897320971925881,0.8912045213705404,0.8851220406495981,0.9359336619201465,0.7991153286045134
