Model,Accuracy,Precision,Recall,F1 Score,ROC AUC Score,Overall MCC
385,0.8919109855174849,0.8896561669639963,0.8919109855174849,0.8862738784272266,0.9395672427923666,0.8005118268113619
