Model,Accuracy,Precision,Recall,F1 Score,ROC AUC Score,Overall MCC
222,0.884139879901095,0.879401612690666,0.884139879901095,0.874769349363347,0.9285859533598467,0.7857581605699572
