Model,Accuracy,Precision,Recall,F1 Score,ROC AUC Score,Overall MCC
194,0.8837866478276227,0.8768958543589798,0.8837866478276227,0.8735470767003941,0.9268071284726479,0.7849745406696268
