Model,Accuracy,Precision,Recall,F1 Score,ROC AUC Score,Overall MCC
72,0.8668315083009537,0.8497186032434854,0.8668315083009537,0.8557833025434566,0.8866659612006397,0.7534543622818307
