Model,Accuracy,Precision,Recall,F1 Score,ROC AUC Score,Overall MCC
160,0.8795478629459554,0.87148433713699,0.8795478629459554,0.8690516521616358,0.9245739104974323,0.7771090114075999
