Model,Accuracy,Precision,Recall,F1 Score,ROC AUC Score,Overall MCC
178,0.8844931119745673,0.8799113581127468,0.8844931119745673,0.876156419671546,0.9292002025807052,0.7865456309312989
