Model,Accuracy,Precision,Recall,F1 Score,ROC AUC Score,Overall MCC
438,0.8926174496644296,0.8914301992815564,0.8926174496644296,0.8877021278327248,0.9419041637846693,0.8018992075356856
