Model,Accuracy,Precision,Recall,F1 Score,ROC AUC Score,Overall MCC
197,0.8873189685623455,0.883646342794598,0.8873189685623455,0.8787325621212868,0.9268005352008482,0.7916628135411075
