Model,Accuracy,Precision,Recall,F1 Score,ROC AUC Score,Overall MCC
278,0.8894383610031791,0.8870224436037112,0.8894383610031791,0.8811611547813272,0.9342390829010093,0.795660423978817
