Model,Accuracy,Precision,Recall,F1 Score,ROC AUC Score,Overall MCC
58,0.8696573648887319,0.8510267036706232,0.8696573648887319,0.8580759922312426,0.8965459744094276,0.7585434933684998
