Model,Accuracy,Precision,Recall,F1 Score,ROC AUC Score,Overall MCC
219,0.886612504415401,0.883130373911898,0.886612504415401,0.8773315656686989,0.9322937236648018,0.7904943285913968
