Model,Accuracy,Precision,Recall,F1 Score,ROC AUC Score,Overall MCC
460,0.8947368421052632,0.892868567722114,0.8947368421052632,0.8903149993292374,0.9432215427569123,0.8058975529238126
