Model,Accuracy,Precision,Recall,F1 Score,ROC AUC Score,Overall MCC
167,0.8813140233133169,0.8747263234574766,0.8813140233133169,0.8704519303593586,0.9245137497186448,0.7802324875996615
