Model,Accuracy,Precision,Recall,F1 Score,ROC AUC Score,Overall MCC
265,0.8876722006358178,0.8849616058802294,0.8876722006358178,0.879872266713604,0.9353977723504642,0.7922554089581493
