Model,Accuracy,Precision,Recall,F1 Score,ROC AUC Score,Overall MCC
8,0.817732250088308,0.8593937727536274,0.817732250088308,0.8334006649204805,0.8963220298902485,0.6900913094378864
