Model,Accuracy,Precision,Recall,F1 Score,ROC AUC Score,Overall MCC
179,0.8844931119745673,0.8812647252160719,0.8844931119745673,0.8758834602773696,0.9306151551311482,0.7862832359041093
