Model,Accuracy,Precision,Recall,F1 Score,ROC AUC Score,Overall MCC
370,0.8919109855174849,0.8900244770438444,0.8919109855174849,0.886763274116628,0.9388533073841123,0.8006029826855608
