Model,Accuracy,Precision,Recall,F1 Score,ROC AUC Score,Overall MCC
466,0.8912045213705404,0.889190952883012,0.8912045213705404,0.8860487757980415,0.9417970648262167,0.7991909548798684
