Model,Accuracy,Precision,Recall,F1 Score,ROC AUC Score,Overall MCC
277,0.8908512892970681,0.8890382898381565,0.8908512892970681,0.8835929544453266,0.9347842772400331,0.798318570736564
