Model,Accuracy,Precision,Recall,F1 Score,ROC AUC Score,Overall MCC
391,0.8926174496644296,0.8907335432279853,0.8926174496644296,0.887391265769755,0.9408842306538531,0.8017344041298399
