Model,Accuracy,Precision,Recall,F1 Score,ROC AUC Score,Overall MCC
214,0.8823737195337337,0.8773597390125868,0.8823737195337337,0.8722268566421874,0.9302900217037137,0.782369940782894
