Model,Accuracy,Precision,Recall,F1 Score,ROC AUC Score,Overall MCC
98,0.8788413987990109,0.8712164237353909,0.8788413987990109,0.8675784993427244,0.9252075679784717,0.7756166302103235
