Model,Accuracy,Precision,Recall,F1 Score,ROC AUC Score,Overall MCC
297,0.8908512892970681,0.8883200228620911,0.8908512892970681,0.8841452547757392,0.936067054521426,0.7984925258909488
