Model,Accuracy,Precision,Recall,F1 Score,ROC AUC Score,Overall MCC
458,0.8926174496644296,0.8906757159695969,0.8926174496644296,0.8876040294817181,0.9419975200889151,0.8018413658494185
