Model,Accuracy,Precision,Recall,F1 Score,ROC AUC Score,Overall MCC
86,0.874955845990816,0.8604406102353733,0.874955845990816,0.8620352120935563,0.9182194399254856,0.768086141854066
