Model,Accuracy,Precision,Recall,F1 Score,ROC AUC Score,Overall MCC
446,0.89579653832568,0.8945409041644999,0.89579653832568,0.8918958881838605,0.944602007283069,0.8079786321043917
