Model,Accuracy,Precision,Recall,F1 Score,ROC AUC Score,Overall MCC
288,0.8883786647827623,0.8856183735155916,0.8883786647827623,0.8803861858059948,0.9327778961702631,0.7936289122980223
