Model,Accuracy,Precision,Recall,F1 Score,ROC AUC Score,Overall MCC
283,0.8912045213705404,0.888459764321848,0.8912045213705404,0.8844519516669244,0.9337456306817392,0.7990448943309137
