Model,Accuracy,Precision,Recall,F1 Score,ROC AUC Score,Overall MCC
100,0.8816672553867891,0.8746279859681162,0.8816672553867891,0.8714300992535917,0.9278867041604992,0.7808588069958726
