Model,Accuracy,Precision,Recall,F1 Score,ROC AUC Score,Overall MCC
461,0.8915577534440127,0.8897233670317017,0.8915577534440127,0.8872988704626795,0.9435263347583454,0.7999266973065596
