Model,Accuracy,Precision,Recall,F1 Score,ROC AUC Score,Overall MCC
25,0.8675379724478983,0.8773988801742618,0.8675379724478983,0.8715352371761212,0.9191176777221944,0.7634186668462101
