Model,Accuracy,Precision,Recall,F1 Score,ROC AUC Score,Overall MCC
281,0.8929706817379018,0.891480209482602,0.8929706817379018,0.886437678321597,0.9358137614177452,0.8022919443646105
