Model,Accuracy,Precision,Recall,F1 Score,ROC AUC Score,Overall MCC
371,0.8929706817379018,0.8908700707156026,0.8929706817379018,0.8876409789443787,0.9393024400324546,0.8025012060042818
