Model,Accuracy,Precision,Recall,F1 Score,ROC AUC Score,Overall MCC
44,0.8859060402684564,0.8852004539994278,0.8859060402684564,0.885509633104261,0.9262655635192223,0.7919088093674094
