Model,Accuracy,Precision,Recall,F1 Score,ROC AUC Score,Overall MCC
208,0.885552808194984,0.8813159526566398,0.885552808194984,0.8771384280823089,0.9316625625703878,0.7885184194609547
