Model,Accuracy,Precision,Recall,F1 Score,ROC AUC Score,Overall MCC
285,0.8936771458848464,0.89248224898468,0.8936771458848464,0.8878377413412244,0.9375019482204557,0.8036288086033988
