Model,Accuracy,Precision,Recall,F1 Score,ROC AUC Score,Overall MCC
9,0.8276227481455316,0.8589974055445077,0.8276227481455316,0.8400040050860146,0.8966562676427617,0.7016020379810882
