Model,Accuracy,Precision,Recall,F1 Score,ROC AUC Score,Overall MCC
400,0.8947368421052632,0.8935415008298923,0.8947368421052632,0.890418322645254,0.9434788441347369,0.8059333783817851
