Model,Accuracy,Precision,Recall,F1 Score,ROC AUC Score,Overall MCC
163,0.8823737195337337,0.8766069117282721,0.8823737195337337,0.8729257502202991,0.9276184862092393,0.7824799811893658
