Model,Accuracy,Precision,Recall,F1 Score,ROC AUC Score,Overall MCC
62,0.8678912045213706,0.8493013826106978,0.8678912045213706,0.8560214137149279,0.8861346965156529,0.7552103998001655
