Model,Accuracy,Precision,Recall,F1 Score,ROC AUC Score,Overall MCC
353,0.8926174496644296,0.8905101264919205,0.8926174496644296,0.8867620303586788,0.9375549736723795,0.801777731572052
