Model,Accuracy,Precision,Recall,F1 Score,ROC AUC Score,Overall MCC
296,0.8876722006358178,0.8847559125443766,0.8876722006358178,0.8794693252178781,0.9341780995674119,0.7922924175322446
