Model,Accuracy,Precision,Recall,F1 Score,ROC AUC Score,Overall MCC
315,0.8922642175909573,0.8901556428813668,0.8922642175909573,0.8867991939338098,0.9384786403904771,0.8012070798279345
