Model,Accuracy,Precision,Recall,F1 Score,ROC AUC Score,Overall MCC
337,0.8873189685623455,0.8832066976348744,0.8873189685623455,0.8806222610110589,0.93573185915867,0.7917767345089017
