Model,Accuracy,Precision,Recall,F1 Score,ROC AUC Score,Overall MCC
141,0.8848463440480395,0.8810348494117839,0.8848463440480395,0.8760797194069283,0.9301946224568756,0.7869901357311085
