Model,Accuracy,Precision,Recall,F1 Score,ROC AUC Score,Overall MCC
450,0.8947368421052632,0.8934115713710249,0.8947368421052632,0.8902590133594724,0.9426957279558733,0.8058964528571639
