Model,Accuracy,Precision,Recall,F1 Score,ROC AUC Score,Overall MCC
330,0.88802543270929,0.8846727973939595,0.88802543270929,0.8819119489661947,0.9373315883193599,0.7933304035221445
