Model,Accuracy,Precision,Recall,F1 Score,ROC AUC Score,Overall MCC
47,0.8848463440480395,0.8841840717721413,0.8848463440480395,0.8845003254470595,0.9257587756453768,0.790057342132252
