Model,Accuracy,Precision,Recall,F1 Score,ROC AUC Score,Overall MCC
131,0.8795478629459554,0.8753608001955026,0.8795478629459554,0.8668581594196303,0.9287981162785967,0.776821766582603
