Model,Accuracy,Precision,Recall,F1 Score,ROC AUC Score,Overall MCC
252,0.8873189685623455,0.8848441857202183,0.8873189685623455,0.879565283372323,0.9333433311020465,0.791722607516103
