Model,Accuracy,Precision,Recall,F1 Score,ROC AUC Score,Overall MCC
154,0.8827269516072059,0.8766342916708827,0.8827269516072059,0.8711492249236956,0.9255355400144437,0.7829511945245445
