Model,Accuracy,Precision,Recall,F1 Score,ROC AUC Score,Overall MCC
408,0.8950900741787354,0.8939356753455547,0.8950900741787354,0.8910284667532208,0.9443730987128349,0.8065736697978899
