Model,Accuracy,Precision,Recall,F1 Score,ROC AUC Score,Overall MCC
14,0.8537619215824797,0.86786081089204,0.8537619215824797,0.859756043017084,0.9008734230414298,0.7398063260946115
