Model,Accuracy,Precision,Recall,F1 Score,ROC AUC Score,Overall MCC
23,0.8685976686683151,0.8770935397000491,0.8685976686683151,0.872022775847147,0.921462433762949,0.7648808338476104
