Model,Accuracy,Precision,Recall,F1 Score,ROC AUC Score,Overall MCC
28,0.8795478629459554,0.8833367660071946,0.8795478629459554,0.881200831850323,0.9252883384607954,0.7825122240284221
