Model,Accuracy,Precision,Recall,F1 Score,ROC AUC Score,Overall MCC
298,0.8922642175909573,0.8911022836012878,0.8922642175909573,0.8851575652905497,0.9368702218487766,0.8010536027594763
