Model,Accuracy,Precision,Recall,F1 Score,ROC AUC Score,Overall MCC
221,0.8830801836806782,0.8779596604800022,0.8830801836806782,0.8746090142303918,0.9297874327705055,0.7838981903103757
