Model,Accuracy,Precision,Recall,F1 Score,ROC AUC Score,Overall MCC
430,0.8943836100317909,0.8927358510691887,0.8943836100317909,0.8900615865775753,0.9434887655146302,0.8051737750439902
