Model,Accuracy,Precision,Recall,F1 Score,ROC AUC Score,Overall MCC
116,0.8823737195337337,0.8770651693434133,0.8823737195337337,0.8725329618701907,0.9286021667340355,0.7823442260736566
