Model,Accuracy,Precision,Recall,F1 Score,ROC AUC Score,Overall MCC
50,0.8862592723419287,0.8853778463782366,0.8862592723419287,0.8857991092130675,0.9237776065527479,0.7925792418341857
