Model,Accuracy,Precision,Recall,F1 Score,ROC AUC Score,Overall MCC
89,0.8760155422112328,0.8620130379963689,0.8760155422112328,0.8635156068042588,0.9170129787415658,0.7702434771931378
