Model,Accuracy,Precision,Recall,F1 Score,ROC AUC Score,Overall MCC
362,0.8919109855174849,0.8899114181198647,0.8919109855174849,0.8860745388984476,0.9369856731607674,0.8005212592029384
