Model,Accuracy,Precision,Recall,F1 Score,ROC AUC Score,Overall MCC
394,0.8936771458848464,0.8923562444564275,0.8936771458848464,0.8888707393886963,0.9437503654441132,0.8037793599992217
