Model,Accuracy,Precision,Recall,F1 Score,ROC AUC Score,Overall MCC
293,0.8901448251501236,0.888091530266744,0.8901448251501236,0.8833171612988157,0.9354741587256515,0.7969744091584827
