Model,Accuracy,Precision,Recall,F1 Score,ROC AUC Score,Overall MCC
38,0.8890851289297068,0.8898856783842187,0.8890851289297068,0.8894671890038217,0.9338677434043573,0.7984931096101013
