Model,Accuracy,Precision,Recall,F1 Score,ROC AUC Score,Overall MCC
358,0.8894383610031791,0.886741182506441,0.8894383610031791,0.8839240668276346,0.9377118958634366,0.7959574339741099
