Model,Accuracy,Precision,Recall,F1 Score,ROC AUC Score,Overall MCC
240,0.884139879901095,0.8793637130835481,0.884139879901095,0.8742278590999646,0.9330337510493991,0.7857003034508331
