Model,Accuracy,Precision,Recall,F1 Score,ROC AUC Score,Overall MCC
449,0.8936771458848464,0.8920118523002156,0.8936771458848464,0.8892269064794796,0.9412670510845403,0.8038728791121956
