Model,Accuracy,Precision,Recall,F1 Score,ROC AUC Score,Overall MCC
280,0.8894383610031791,0.8861653985461434,0.8894383610031791,0.8807655224310852,0.9343976123128316,0.7956270678154006
