Model,Accuracy,Precision,Recall,F1 Score,ROC AUC Score,Overall MCC
233,0.8873189685623455,0.8829829978417352,0.8873189685623455,0.879819692465014,0.9333495265408738,0.7918148455733326
