Model,Accuracy,Precision,Recall,F1 Score,ROC AUC Score,Overall MCC
487,0.8950900741787354,0.8938734299872927,0.8950900741787354,0.8907605720873745,0.94285431725653,0.8065904143256314
