Model,Accuracy,Precision,Recall,F1 Score,ROC AUC Score,Overall MCC
64,0.8746026139173437,0.8568704438453959,0.8746026139173437,0.8630303672407709,0.889089963002878,0.7677630865715271
