Model,Accuracy,Precision,Recall,F1 Score,ROC AUC Score,Overall MCC
470,0.8943836100317909,0.8927812329770831,0.8943836100317909,0.8902579000741595,0.9430583670715249,0.8053337827403397
