Model,Accuracy,Precision,Recall,F1 Score,ROC AUC Score,Overall MCC
146,0.8844931119745673,0.8821642176938385,0.8844931119745673,0.8743241092756718,0.9296175128690106,0.7864616285212787
