Model,Accuracy,Precision,Recall,F1 Score,ROC AUC Score,Overall MCC
113,0.884139879901095,0.88027992552885,0.884139879901095,0.8753742628072853,0.9294590794015458,0.785620662456411
