Model,Accuracy,Precision,Recall,F1 Score,ROC AUC Score,Overall MCC
15,0.8537619215824797,0.8595384938310356,0.8537619215824797,0.8564966001142768,0.8965173139354131,0.7359194594203269
