Model,Accuracy,Precision,Recall,F1 Score,ROC AUC Score,Overall MCC
4,0.7128223242670434,0.8714535168542753,0.7128223242670434,0.7661534147557537,0.8709216094755184,0.584897923853847
