Model,Accuracy,Precision,Recall,F1 Score,ROC AUC Score,Overall MCC
52,0.8682444365948428,0.853112687677214,0.8682444365948428,0.8584853631723184,0.9010775571896814,0.7562252821064449
