Model,Accuracy,Precision,Recall,F1 Score,ROC AUC Score,Overall MCC
184,0.8848463440480395,0.8796305081220743,0.8848463440480395,0.876339757843102,0.9296314388563843,0.7871832875361607
