Model,Accuracy,Precision,Recall,F1 Score,ROC AUC Score,Overall MCC
475,0.8901448251501236,0.8879066356089295,0.8901448251501236,0.8845282768862684,0.9412993678330177,0.7971985325125645
