Model,Accuracy,Precision,Recall,F1 Score,ROC AUC Score,Overall MCC
363,0.8922642175909573,0.8902954826684544,0.8922642175909573,0.8865822075109371,0.9380768229770138,0.8011544582799536
