Model,Accuracy,Precision,Recall,F1 Score,ROC AUC Score,Overall MCC
486,0.8954433062522077,0.8938031797613946,0.8954433062522077,0.8909850862756084,0.9420771056278686,0.8071924412967186
