Model,Accuracy,Precision,Recall,F1 Score,ROC AUC Score,Overall MCC
367,0.8929706817379018,0.8906350054873753,0.8929706817379018,0.8880406148227777,0.9378674442779616,0.8026104821622797
