Model,Accuracy,Precision,Recall,F1 Score,ROC AUC Score,Overall MCC
340,0.8919109855174849,0.8904194964236076,0.8919109855174849,0.8868969095021992,0.9403150098921689,0.8006029826855608
