Model,Accuracy,Precision,Recall,F1 Score,ROC AUC Score,Overall MCC
242,0.8859060402684564,0.883409054581374,0.8859060402684564,0.8767207872128839,0.9324115690023996,0.7889557089582359
