Model,Accuracy,Precision,Recall,F1 Score,ROC AUC Score,Overall MCC
405,0.8936771458848464,0.8921524935617037,0.8936771458848464,0.8889186861214936,0.9423569649296851,0.803832932658225
