Model,Accuracy,Precision,Recall,F1 Score,ROC AUC Score,Overall MCC
479,0.8926174496644296,0.8911031073388402,0.8926174496644296,0.8880010466746466,0.9430414301424367,0.8018280417458147
