Model,Accuracy,Precision,Recall,F1 Score,ROC AUC Score,Overall MCC
386,0.8894383610031791,0.886907542576439,0.8894383610031791,0.8838671562362829,0.9391015808256779,0.7958804810518372
