Model,Accuracy,Precision,Recall,F1 Score,ROC AUC Score,Overall MCC
323,0.8908512892970681,0.8883926201313405,0.8908512892970681,0.8852820814165764,0.9386374606909245,0.79857300851857
