Model,Accuracy,Precision,Recall,F1 Score,ROC AUC Score,Overall MCC
173,0.8851995761215118,0.8801086496279951,0.8851995761215118,0.8749973147290651,0.9289189028913057,0.7877078137912005
