Model,Accuracy,Precision,Recall,F1 Score,ROC AUC Score,Overall MCC
33,0.8869657364888732,0.8892995420561092,0.8869657364888732,0.8879946567263295,0.9319082772920507,0.7954184075879932
