Model,Accuracy,Precision,Recall,F1 Score,ROC AUC Score,Overall MCC
314,0.8926174496644296,0.890278353053868,0.8926174496644296,0.8864123097566734,0.9363099544678635,0.8017478736297019
