Model,Accuracy,Precision,Recall,F1 Score,ROC AUC Score,Overall MCC
332,0.8908512892970681,0.8885735550399914,0.8908512892970681,0.8852258203596332,0.9386558532853596,0.7984965579923107
