Model,Accuracy,Precision,Recall,F1 Score,ROC AUC Score,Overall MCC
403,0.8919109855174849,0.8901129209141193,0.8919109855174849,0.8870651591514989,0.942073498853361,0.8005629286035816
