Model,Accuracy,Precision,Recall,F1 Score,ROC AUC Score,Overall MCC
251,0.8897915930766513,0.8876414432271631,0.8897915930766513,0.8833847076479998,0.9349980956572822,0.796379463254956
