Model,Accuracy,Precision,Recall,F1 Score,ROC AUC Score,Overall MCC
476,0.8943836100317909,0.8923077848001316,0.8943836100317909,0.8895372143704724,0.9399859574127319,0.8052212293729439
