Model,Accuracy,Precision,Recall,F1 Score,ROC AUC Score,Overall MCC
166,0.8820204874602614,0.8749158421899725,0.8820204874602614,0.8724301254642601,0.925764788973258,0.7816452217702218
