Model,Accuracy,Precision,Recall,F1 Score,ROC AUC Score,Overall MCC
11,0.8442246555987284,0.8654413806323629,0.8442246555987284,0.8527900774787165,0.9103449290094866,0.7261917019201877
