Model,Accuracy,Precision,Recall,F1 Score,ROC AUC Score,Overall MCC
6,0.8060755916637231,0.8679244662764237,0.8060755916637231,0.8277215534933924,0.9029118831376705,0.6817519410333999
