Model,Accuracy,Precision,Recall,F1 Score,ROC AUC Score,Overall MCC
384,0.8912045213705404,0.8887595714474815,0.8912045213705404,0.8859177475834262,0.9387734327898655,0.7991553014668114
