Model,Accuracy,Precision,Recall,F1 Score,ROC AUC Score,Overall MCC
112,0.8816672553867891,0.8752120935685046,0.8816672553867891,0.8730493238192505,0.9307900641392308,0.7809862959702224
