Model,Accuracy,Precision,Recall,F1 Score,ROC AUC Score,Overall MCC
218,0.8859060402684564,0.8831335443313112,0.8859060402684564,0.8770224699136336,0.9333769574604475,0.7890248679243842
