Model,Accuracy,Precision,Recall,F1 Score,ROC AUC Score,Overall MCC
335,0.88802543270929,0.8852758783390584,0.88802543270929,0.8817382607929768,0.9366167460230391,0.7931146250262674
