Model,Accuracy,Precision,Recall,F1 Score,ROC AUC Score,Overall MCC
257,0.8862592723419287,0.8841929232032743,0.8862592723419287,0.8780779472719543,0.9330070076292021,0.78984456523648
