Model,Accuracy,Precision,Recall,F1 Score,ROC AUC Score,Overall MCC
428,0.8940303779583186,0.8920738471217766,0.8940303779583186,0.889134605676308,0.9437903681300662,0.8044554565682321
