Model,Accuracy,Precision,Recall,F1 Score,ROC AUC Score,Overall MCC
270,0.8869657364888732,0.8830794311449185,0.8869657364888732,0.8784792058193165,0.9333515670390237,0.7911305703420264
