Model,Accuracy,Precision,Recall,F1 Score,ROC AUC Score,Overall MCC
361,0.8908512892970681,0.8890389139755522,0.8908512892970681,0.8853629995217601,0.9386390929672223,0.7985356824142962
