Model,Accuracy,Precision,Recall,F1 Score,ROC AUC Score,Overall MCC
467,0.8947368421052632,0.8929101461572809,0.8947368421052632,0.8903257260872225,0.9423211000733138,0.8059152734923893
