Model,Accuracy,Precision,Recall,F1 Score,ROC AUC Score,Overall MCC
135,0.8837866478276227,0.8803466300637511,0.8837866478276227,0.8741980648715447,0.9294773577183069,0.784939381726593
