Model,Accuracy,Precision,Recall,F1 Score,ROC AUC Score,Overall MCC
176,0.8816672553867891,0.8757928081481483,0.8816672553867891,0.8728424856198397,0.9307450173467399,0.7812601117089785
