Model,Accuracy,Precision,Recall,F1 Score,ROC AUC Score,Overall MCC
106,0.8813140233133169,0.8749706183308127,0.8813140233133169,0.8724187747160027,0.9259476803074365,0.7803079431177429
