Model,Accuracy,Precision,Recall,F1 Score,ROC AUC Score,Overall MCC
209,0.8887318968562345,0.8853812087378038,0.8887318968562345,0.8812183953678023,0.9320616874307367,0.7943226309919371
