Model,Accuracy,Precision,Recall,F1 Score,ROC AUC Score,Overall MCC
18,0.8576474743906747,0.8658982530605739,0.8576474743906747,0.8613904666678952,0.9091238182832937,0.7441350613121722
