Model,Accuracy,Precision,Recall,F1 Score,ROC AUC Score,Overall MCC
114,0.8823737195337337,0.877704484996173,0.8823737195337337,0.8709128001913333,0.9255726396196956,0.7821270835248334
