Model,Accuracy,Precision,Recall,F1 Score,ROC AUC Score,Overall MCC
287,0.8904980572235959,0.8881654086874603,0.8904980572235959,0.8829067365463643,0.9334133655941041,0.7977591356797149
