Model,Accuracy,Precision,Recall,F1 Score,ROC AUC Score,Overall MCC
402,0.8943836100317909,0.8934241723479768,0.8943836100317909,0.8902882474201522,0.9453379732269043,0.8052065079220081
