Model,Accuracy,Precision,Recall,F1 Score,ROC AUC Score,Overall MCC
216,0.8883786647827623,0.8865222065820363,0.8883786647827623,0.8810621297411737,0.933163044321062,0.7939752442675115
