Model,Accuracy,Precision,Recall,F1 Score,ROC AUC Score,Overall MCC
254,0.8897915930766513,0.8882131606431833,0.8897915930766513,0.8825745669248977,0.9356997764655359,0.7964710993858853
