Model,Accuracy,Precision,Recall,F1 Score,ROC AUC Score,Overall MCC
267,0.8926174496644296,0.8912307774567525,0.8926174496644296,0.8868506584537535,0.9360547608103502,0.8017425097625596
