Model,Accuracy,Precision,Recall,F1 Score,ROC AUC Score,Overall MCC
95,0.8731896856234546,0.8588184089361306,0.8731896856234546,0.8599994723681519,0.9214822893560576,0.7649109233386215
