Model,Accuracy,Precision,Recall,F1 Score,ROC AUC Score,Overall MCC
220,0.8851995761215118,0.8794061838360786,0.8851995761215118,0.8770067734945952,0.9327402236488638,0.7877969054268021
