Model,Accuracy,Precision,Recall,F1 Score,ROC AUC Score,Overall MCC
434,0.8940303779583186,0.8921978302741794,0.8940303779583186,0.8896163481398969,0.942466092775187,0.8046016812750676
