Model,Accuracy,Precision,Recall,F1 Score,ROC AUC Score,Overall MCC
152,0.8823737195337337,0.8750753818140651,0.8823737195337337,0.8707360548868166,0.9220351702436679,0.7824562841754021
