Model,Accuracy,Precision,Recall,F1 Score,ROC AUC Score,Overall MCC
289,0.8919109855174849,0.8899069163675712,0.8919109855174849,0.8858312848728969,0.935924124623238,0.8003501265168489
