Model,Accuracy,Precision,Recall,F1 Score,ROC AUC Score,Overall MCC
439,0.8940303779583186,0.8923533022223935,0.8940303779583186,0.8889668589880839,0.9410406260676102,0.8044737052677915
