Model,Accuracy,Precision,Recall,F1 Score,ROC AUC Score,Overall MCC
390,0.8915577534440127,0.8894062818897205,0.8915577534440127,0.8870648502879167,0.9419904452619963,0.7999524826983376
