Model,Accuracy,Precision,Recall,F1 Score,ROC AUC Score,Overall MCC
67,0.8693041328152596,0.8524227397613009,0.8693041328152596,0.8584360827622717,0.8879139112913871,0.7579738082065259
