Model,Accuracy,Precision,Recall,F1 Score,ROC AUC Score,Overall MCC
76,0.8700105969622042,0.8524625270348638,0.8700105969622042,0.8576782283220882,0.9082127514426608,0.7592765040400931
