Model,Accuracy,Precision,Recall,F1 Score,ROC AUC Score,Overall MCC
471,0.8926174496644296,0.8911031073388402,0.8926174496644296,0.8880010466746466,0.9425757278424512,0.8018280417458147
