Model,Accuracy,Precision,Recall,F1 Score,ROC AUC Score,Overall MCC
490,0.897209466619569,0.8955613293737089,0.897209466619569,0.893298223884136,0.9435607213382794,0.8105372052393901
