Model,Accuracy,Precision,Recall,F1 Score,ROC AUC Score,Overall MCC
122,0.8848463440480395,0.8809188761375025,0.8848463440480395,0.8765634481132458,0.9327255728843694,0.786988293466772
