Model,Accuracy,Precision,Recall,F1 Score,ROC AUC Score,Overall MCC
206,0.886612504415401,0.8833487159059312,0.886612504415401,0.878092734708303,0.9307572481134283,0.7905853490786217
