Model,Accuracy,Precision,Recall,F1 Score,ROC AUC Score,Overall MCC
41,0.8869657364888732,0.8887563649360072,0.8869657364888732,0.8877835278193337,0.9259148428927647,0.7951133482601198
