Model,Accuracy,Precision,Recall,F1 Score,ROC AUC Score,Overall MCC
75,0.8668315083009537,0.8465390885522623,0.8668315083009537,0.8541739596048793,0.891811671590751,0.7532467167370436
