Model,Accuracy,Precision,Recall,F1 Score,ROC AUC Score,Overall MCC
276,0.8922642175909573,0.8899221951123173,0.8922642175909573,0.8860576207830105,0.9350268209090157,0.8010883163753086
