Model,Accuracy,Precision,Recall,F1 Score,ROC AUC Score,Overall MCC
435,0.8940303779583186,0.8922551909045535,0.8940303779583186,0.8892995301948744,0.9428465530969029,0.8045268105289417
