Model,Accuracy,Precision,Recall,F1 Score,ROC AUC Score,Overall MCC
263,0.8873189685623455,0.8840174048558234,0.8873189685623455,0.8784754515604783,0.9331669450397476,0.7916875274992492
