Model,Accuracy,Precision,Recall,F1 Score,ROC AUC Score,Overall MCC
365,0.8894383610031791,0.8861882267253357,0.8894383610031791,0.8837687341048669,0.9360624931922285,0.7958629169194422
