Model,Accuracy,Precision,Recall,F1 Score,ROC AUC Score,Overall MCC
87,0.8742493818438715,0.8596109036960162,0.8742493818438715,0.861136308602565,0.9142629885682236,0.7669957325997824
