Model,Accuracy,Precision,Recall,F1 Score,ROC AUC Score,Overall MCC
484,0.8908512892970681,0.8891288322666674,0.8908512892970681,0.8861585263927286,0.9417499983133348,0.7985923364737815
