Model,Accuracy,Precision,Recall,F1 Score,ROC AUC Score,Overall MCC
349,0.8901448251501236,0.8862887956014711,0.8901448251501236,0.8833592792057622,0.9362458404148825,0.7970748965127878
