Model,Accuracy,Precision,Recall,F1 Score,ROC AUC Score,Overall MCC
164,0.8834334157541505,0.879092931022432,0.8834334157541505,0.875035552506138,0.9278840614128955,0.7844280928526637
