Model,Accuracy,Precision,Recall,F1 Score,ROC AUC Score,Overall MCC
398,0.8943836100317909,0.8930544343134272,0.8943836100317909,0.8894294491364101,0.9415534229915631,0.8051317492045967
