Model,Accuracy,Precision,Recall,F1 Score,ROC AUC Score,Overall MCC
409,0.8926174496644296,0.8903713545781354,0.8926174496644296,0.887267354960309,0.9419884004860725,0.8017515352553429
