Model,Accuracy,Precision,Recall,F1 Score,ROC AUC Score,Overall MCC
36,0.8791946308724832,0.8807124069165129,0.8791946308724832,0.8799153549442311,0.9267000337919694,0.7807707669803456
