Model,Accuracy,Precision,Recall,F1 Score,ROC AUC Score,Overall MCC
77,0.8682444365948428,0.8514899108586618,0.8682444365948428,0.8570969507750623,0.9124821800161568,0.7559830405953655
