Model,Accuracy,Precision,Recall,F1 Score,ROC AUC Score,Overall MCC
453,0.8936771458848464,0.8921637810991216,0.8936771458848464,0.8890511834807872,0.9419174548281743,0.8038168513175686
