Model,Accuracy,Precision,Recall,F1 Score,ROC AUC Score,Overall MCC
380,0.8904980572235959,0.888184009625322,0.8904980572235959,0.8850961304966782,0.9394369448549478,0.7979524426063048
