Model,Accuracy,Precision,Recall,F1 Score,ROC AUC Score,Overall MCC
217,0.8834334157541505,0.8775180180807985,0.8834334157541505,0.8745869919130032,0.9314229992875918,0.7845706300562366
