Model,Accuracy,Precision,Recall,F1 Score,ROC AUC Score,Overall MCC
188,0.8802543270929001,0.8716898013531995,0.8802543270929001,0.8714509536900744,0.929596334221546,0.7785604539624795
