Model,Accuracy,Precision,Recall,F1 Score,ROC AUC Score,Overall MCC
83,0.8742493818438715,0.861308728490789,0.8742493818438715,0.8629267331937037,0.9137472711469187,0.7670957282360726
