Model,Accuracy,Precision,Recall,F1 Score,ROC AUC Score,Overall MCC
230,0.8869657364888732,0.8840668623824367,0.8869657364888732,0.8783718776054805,0.9328076627543859,0.7911852868279873
