Model,Accuracy,Precision,Recall,F1 Score,ROC AUC Score,Overall MCC
79,0.8671847403744259,0.8480262489415966,0.8671847403744259,0.8547297931954642,0.9077262909392739,0.7538214869461611
