Model,Accuracy,Precision,Recall,F1 Score,ROC AUC Score,Overall MCC
286,0.8915577534440127,0.8896664231339891,0.8915577534440127,0.8847393349001361,0.9341138718478673,0.7997429963999723
