Model,Accuracy,Precision,Recall,F1 Score,ROC AUC Score,Overall MCC
27,0.8767220063581773,0.879953389227366,0.8767220063581773,0.8781914551582646,0.9210712123954341,0.7770030087697393
