Model,Accuracy,Precision,Recall,F1 Score,ROC AUC Score,Overall MCC
207,0.8862592723419287,0.881976850612595,0.8862592723419287,0.8778355600041509,0.9304075040416407,0.789818092757663
