Model,Accuracy,Precision,Recall,F1 Score,ROC AUC Score,Overall MCC
19,0.8565877781702579,0.8631979388122886,0.8565877781702579,0.8596505200028655,0.9090620117837759,0.741496288360467
