Model,Accuracy,Precision,Recall,F1 Score,ROC AUC Score,Overall MCC
345,0.8919109855174849,0.8897583339340244,0.8919109855174849,0.8860555913259753,0.9372325664091398,0.800420208947283
