Model,Accuracy,Precision,Recall,F1 Score,ROC AUC Score,Overall MCC
232,0.8894383610031791,0.8881422990020971,0.8894383610031791,0.8827983975038028,0.9360886499462907,0.7958012059702424
