Model,Accuracy,Precision,Recall,F1 Score,ROC AUC Score,Overall MCC
74,0.8657718120805369,0.8474258149736483,0.8657718120805369,0.8543897934809196,0.8910906503555882,0.7513581843000757
