Model,Accuracy,Precision,Recall,F1 Score,ROC AUC Score,Overall MCC
235,0.8890851289297068,0.887980577219608,0.8890851289297068,0.8809517957246717,0.9339091870890037,0.7950850610493345
