Model,Accuracy,Precision,Recall,F1 Score,ROC AUC Score,Overall MCC
69,0.8675379724478983,0.8494977539208867,0.8675379724478983,0.8554919877692722,0.8876610251873371,0.7544503393724881
