Model,Accuracy,Precision,Recall,F1 Score,ROC AUC Score,Overall MCC
369,0.8904980572235959,0.888369415773663,0.8904980572235959,0.8848894822068616,0.9378544563452929,0.7979384697458235
