Model,Accuracy,Precision,Recall,F1 Score,ROC AUC Score,Overall MCC
420,0.8940303779583186,0.8922540748954558,0.8940303779583186,0.8897521720919621,0.9422733857832415,0.8046039512115905
