Model,Accuracy,Precision,Recall,F1 Score,ROC AUC Score,Overall MCC
336,0.8883786647827623,0.88540259014419,0.8883786647827623,0.8825406787585623,0.9372558949435441,0.7939050409498454
