Model,Accuracy,Precision,Recall,F1 Score,ROC AUC Score,Overall MCC
440,0.8943836100317909,0.8927532644577325,0.8943836100317909,0.8900608432086956,0.9430011377900795,0.8051899501881599
