Model,Accuracy,Precision,Recall,F1 Score,ROC AUC Score,Overall MCC
488,0.8943836100317909,0.8931425754745926,0.8943836100317909,0.8897971402500933,0.9420395314952691,0.8052998519956726
