Model,Accuracy,Precision,Recall,F1 Score,ROC AUC Score,Overall MCC
249,0.8876722006358178,0.8861194638484113,0.8876722006358178,0.8798218271478082,0.9349974539911973,0.7923598525885406
