Model,Accuracy,Precision,Recall,F1 Score,ROC AUC Score,Overall MCC
427,0.8933239138113741,0.8913417902074172,0.8933239138113741,0.8890944848643568,0.9438083097249104,0.8032947534850655
