Model,Accuracy,Precision,Recall,F1 Score,ROC AUC Score,Overall MCC
241,0.8830801836806782,0.8783910027668917,0.8830801836806782,0.8744435268520033,0.9320634413180354,0.7836630290166791
