Model,Accuracy,Precision,Recall,F1 Score,ROC AUC Score,Overall MCC
101,0.8816672553867891,0.8750528774232924,0.8816672553867891,0.8713512431454905,0.9249085399718128,0.7808447730599452
