Model,Accuracy,Precision,Recall,F1 Score,ROC AUC Score,Overall MCC
121,0.8837866478276227,0.8801520876212526,0.8837866478276227,0.8749230856978014,0.9316757656139725,0.7847999899968054
