Model,Accuracy,Precision,Recall,F1 Score,ROC AUC Score,Overall MCC
318,0.8915577534440127,0.8898672964973668,0.8915577534440127,0.8855300473475876,0.9376366718205288,0.7998760480108373
