Model,Accuracy,Precision,Recall,F1 Score,ROC AUC Score,Overall MCC
271,0.8919109855174849,0.8906936769443325,0.8919109855174849,0.8854308082136737,0.9351743594974696,0.8004608974847478
