Model,Accuracy,Precision,Recall,F1 Score,ROC AUC Score,Overall MCC
183,0.8873189685623455,0.882814393516733,0.8873189685623455,0.8788488843973074,0.9282768814456275,0.7916872599252452
