Model,Accuracy,Precision,Recall,F1 Score,ROC AUC Score,Overall MCC
301,0.8940303779583186,0.8927462132428644,0.8940303779583186,0.8884144747865098,0.9391498328930403,0.8044345494732639
