Model,Accuracy,Precision,Recall,F1 Score,ROC AUC Score,Overall MCC
346,0.8897915930766513,0.8876872035992185,0.8897915930766513,0.8833966117523343,0.9365739835618104,0.7963992377925075
