Model,Accuracy,Precision,Recall,F1 Score,ROC AUC Score,Overall MCC
140,0.885552808194984,0.8815172466144567,0.885552808194984,0.8763447347478115,0.9288246378656616,0.7884359023188612
