Model,Accuracy,Precision,Recall,F1 Score,ROC AUC Score,Overall MCC
310,0.8901448251501236,0.8886539280355072,0.8901448251501236,0.8831222040490715,0.9347684757543598,0.7971204965081052
