Model,Accuracy,Precision,Recall,F1 Score,ROC AUC Score,Overall MCC
327,0.8908512892970681,0.8885420870335546,0.8908512892970681,0.8858131011641756,0.9398967236603039,0.7986856841481595
