Model,Accuracy,Precision,Recall,F1 Score,ROC AUC Score,Overall MCC
489,0.8936771458848464,0.8915378926771781,0.8936771458848464,0.8892940306600521,0.9429426942319572,0.8038972433621892
