Model,Accuracy,Precision,Recall,F1 Score,ROC AUC Score,Overall MCC
324,0.8897915930766513,0.8871760400144976,0.8897915930766513,0.8840599211173095,0.9381867440440187,0.7965398342000206
