Model,Accuracy,Precision,Recall,F1 Score,ROC AUC Score,Overall MCC
404,0.8943836100317909,0.8932521527820441,0.8943836100317909,0.8897415783254208,0.9415839461305554,0.8051847911089447
