Model,Accuracy,Precision,Recall,F1 Score,ROC AUC Score,Overall MCC
316,0.8915577534440127,0.8897221522168397,0.8915577534440127,0.8853476308597651,0.9373273050454657,0.7998398417930528
