Model,Accuracy,Precision,Recall,F1 Score,ROC AUC Score,Overall MCC
80,0.8714235252560932,0.8533850035505915,0.8714235252560932,0.8588679773130722,0.9131807044383836,0.7616222775382392
