Model,Accuracy,Precision,Recall,F1 Score,ROC AUC Score,Overall MCC
259,0.8883786647827623,0.8860564321622052,0.8883786647827623,0.8806343034909138,0.9352609465300752,0.7938260926388382
