Model,Accuracy,Precision,Recall,F1 Score,ROC AUC Score,Overall MCC
97,0.8756623101377605,0.864116686748784,0.8756623101377605,0.8633890539453238,0.9202675800129496,0.7695721595059472
