Model,Accuracy,Precision,Recall,F1 Score,ROC AUC Score,Overall MCC
34,0.8788413987990109,0.8817186050819213,0.8788413987990109,0.8801602272933016,0.9273531814220043,0.7807051836308508
