Model,Accuracy,Precision,Recall,F1 Score,ROC AUC Score,Overall MCC
189,0.8830801836806782,0.8759025796877058,0.8830801836806782,0.8738957827745613,0.9285272934685872,0.7838838411050281
