Model,Accuracy,Precision,Recall,F1 Score,ROC AUC Score,Overall MCC
341,0.8904980572235959,0.8885219716232368,0.8904980572235959,0.8842782355698007,0.936327863673848,0.7977546233497339
