Model,Accuracy,Precision,Recall,F1 Score,ROC AUC Score,Overall MCC
26,0.8717767573295655,0.8795226430896335,0.8717767573295655,0.8749549632576245,0.9212668081069829,0.7701954564135366
