Model,Accuracy,Precision,Recall,F1 Score,ROC AUC Score,Overall MCC
421,0.8940303779583186,0.8929201954221401,0.8940303779583186,0.8896575689427383,0.9427439396899392,0.8044934316203818
