Model,Accuracy,Precision,Recall,F1 Score,ROC AUC Score,Overall MCC
388,0.8901448251501236,0.8883026158048514,0.8901448251501236,0.8845038884400847,0.9392286685993404,0.7972418762206673
