Model,Accuracy,Precision,Recall,F1 Score,ROC AUC Score,Overall MCC
381,0.8922642175909573,0.8906221103700352,0.8922642175909573,0.8865503405465105,0.9364273255836691,0.801138831634353
