Model,Accuracy,Precision,Recall,F1 Score,ROC AUC Score,Overall MCC
333,0.8859060402684564,0.8826103432736204,0.8859060402684564,0.8791672829959846,0.9353446258986503,0.7892007760314956
