Model,Accuracy,Precision,Recall,F1 Score,ROC AUC Score,Overall MCC
156,0.8806075591663723,0.8746276473653617,0.8806075591663723,0.8690888695931969,0.926826742065976,0.7789588324005073
