Model,Accuracy,Precision,Recall,F1 Score,ROC AUC Score,Overall MCC
118,0.8830801836806782,0.8788325718581564,0.8830801836806782,0.8745865202674233,0.9297254019934132,0.7835421534709596
