Model,Accuracy,Precision,Recall,F1 Score,ROC AUC Score,Overall MCC
497,0.8940303779583186,0.8922392488160742,0.8940303779583186,0.8891655948434383,0.9403061151780111,0.8045460381459911
