Model,Accuracy,Precision,Recall,F1 Score,ROC AUC Score,Overall MCC
165,0.8823737195337337,0.876413497831784,0.8823737195337337,0.8717990174743778,0.9275192562158744,0.7824636530319509
