Model,Accuracy,Precision,Recall,F1 Score,ROC AUC Score,Overall MCC
247,0.884139879901095,0.8800971488445785,0.884139879901095,0.8749431057041411,0.9324987543122405,0.7857581605699572
