Model,Accuracy,Precision,Recall,F1 Score,ROC AUC Score,Overall MCC
170,0.8830801836806782,0.8785939613051764,0.8830801836806782,0.8739670034143695,0.9287666104738287,0.7837567830914619
