Model,Accuracy,Precision,Recall,F1 Score,ROC AUC Score,Overall MCC
465,0.8929706817379018,0.8905338306515302,0.8929706817379018,0.8878784814881691,0.9421494268956309,0.802611903599784
