Model,Accuracy,Precision,Recall,F1 Score,ROC AUC Score,Overall MCC
436,0.8929706817379018,0.8912911484891936,0.8929706817379018,0.8879170177098732,0.9413718596006251,0.8024810978616268
