Model,Accuracy,Precision,Recall,F1 Score,ROC AUC Score,Overall MCC
399,0.8943836100317909,0.8934830627662449,0.8943836100317909,0.889839218363489,0.9439477510984835,0.8051130335719244
