Model,Accuracy,Precision,Recall,F1 Score,ROC AUC Score,Overall MCC
382,0.8894383610031791,0.8873616845384097,0.8894383610031791,0.8840020505293763,0.9380521304438462,0.7959190711636049
