Model,Accuracy,Precision,Recall,F1 Score,ROC AUC Score,Overall MCC
272,0.8890851289297068,0.8866444382489153,0.8890851289297068,0.8819626579186234,0.9358239675751583,0.7951270070735967
