Model,Accuracy,Precision,Recall,F1 Score,ROC AUC Score,Overall MCC
348,0.8912045213705404,0.8893730243665254,0.8912045213705404,0.8858526364091946,0.9390448178215873,0.7991540228317423
