Model,Accuracy,Precision,Recall,F1 Score,ROC AUC Score,Overall MCC
109,0.8816672553867891,0.8746456221561809,0.8816672553867891,0.8737373848567977,0.9275452864700514,0.7811055987183709
