Model,Accuracy,Precision,Recall,F1 Score,ROC AUC Score,Overall MCC
473,0.8943836100317909,0.8930179525727322,0.8943836100317909,0.8902327067320538,0.9427857029854071,0.8053141850401695
