Model,Accuracy,Precision,Recall,F1 Score,ROC AUC Score,Overall MCC
319,0.8915577534440127,0.8896089789427473,0.8915577534440127,0.8858861230742696,0.937493656672418,0.7998366004367475
