Model,Accuracy,Precision,Recall,F1 Score,ROC AUC Score,Overall MCC
457,0.8915577534440127,0.8893665394581335,0.8915577534440127,0.8870543448384298,0.9419492282993662,0.7999360345184818
