Model,Accuracy,Precision,Recall,F1 Score,ROC AUC Score,Overall MCC
292,0.8929706817379018,0.890162766352499,0.8929706817379018,0.8866176840053462,0.9350915216281314,0.802407430884095
