Model,Accuracy,Precision,Recall,F1 Score,ROC AUC Score,Overall MCC
59,0.8721299894030378,0.8549633460757814,0.8721299894030378,0.8608477806410932,0.8878493590721366,0.7631251915634828
