Model,Accuracy,Precision,Recall,F1 Score,ROC AUC Score,Overall MCC
344,0.8915577534440127,0.8890457567368164,0.8915577534440127,0.8855801850707157,0.9388202793029468,0.7998003513686713
