Model,Accuracy,Precision,Recall,F1 Score,ROC AUC Score,Overall MCC
174,0.8827269516072059,0.8774100731907659,0.8827269516072059,0.8734172908867085,0.927589708707553,0.7830002939470337
