Model,Accuracy,Precision,Recall,F1 Score,ROC AUC Score,Overall MCC
451,0.8965030024726245,0.8952706254341829,0.8965030024726245,0.8924720631360341,0.9430739375574078,0.8093487081064729
