Model,Accuracy,Precision,Recall,F1 Score,ROC AUC Score,Overall MCC
392,0.8936771458848464,0.8916160785905128,0.8936771458848464,0.8886336215860573,0.9416836231512926,0.8037622064031166
