Model,Accuracy,Precision,Recall,F1 Score,ROC AUC Score,Overall MCC
107,0.8802543270929001,0.8735108223352012,0.8802543270929001,0.872012979228733,0.9268949432263627,0.7783827188824756
