Model,Accuracy,Precision,Recall,F1 Score,ROC AUC Score,Overall MCC
499,0.8940303779583186,0.8922132984796479,0.8940303779583186,0.8892887046009671,0.9432093083235605,0.804508896562799
