Model,Accuracy,Precision,Recall,F1 Score,ROC AUC Score,Overall MCC
372,0.8897915930766513,0.8871566179229211,0.8897915930766513,0.8841996239450673,0.9378726420788045,0.7964838723706864
