Model,Accuracy,Precision,Recall,F1 Score,ROC AUC Score,Overall MCC
498,0.8933239138113741,0.8915824812607744,0.8933239138113741,0.8883881279224424,0.9425497049216008,0.8030876764667589
