Model,Accuracy,Precision,Recall,F1 Score,ROC AUC Score,Overall MCC
260,0.8876722006358178,0.8847827691968617,0.8876722006358178,0.8785489447117079,0.932565621418281,0.7924061223670607
