Model,Accuracy,Precision,Recall,F1 Score,ROC AUC Score,Overall MCC
455,0.8954433062522077,0.8939726943248605,0.8954433062522077,0.890807752103031,0.9429987043478413,0.807156452102545
