Model,Accuracy,Precision,Recall,F1 Score,ROC AUC Score,Overall MCC
70,0.8700105969622042,0.8530839515467106,0.8700105969622042,0.8587975311055804,0.8948031579895813,0.7592496425181496
