Model,Accuracy,Precision,Recall,F1 Score,ROC AUC Score,Overall MCC
37,0.8834334157541505,0.8857609920410419,0.8834334157541505,0.8844919811471382,0.9288355749113008,0.7888948329149005
