Model,Accuracy,Precision,Recall,F1 Score,ROC AUC Score,Overall MCC
20,0.8685976686683151,0.878666352087869,0.8685976686683151,0.872543244351752,0.9204453392406702,0.7656502638852981
