Model,Accuracy,Precision,Recall,F1 Score,ROC AUC Score,Overall MCC
312,0.8912045213705404,0.8885280445651522,0.8912045213705404,0.8844623931520135,0.9357681524035417,0.7990869053891279
