Model,Accuracy,Precision,Recall,F1 Score,ROC AUC Score,Overall MCC
422,0.8936771458848464,0.8913365496905057,0.8936771458848464,0.8893227167665461,0.9437738785339057,0.8039345930954621
