Model,Accuracy,Precision,Recall,F1 Score,ROC AUC Score,Overall MCC
198,0.886612504415401,0.8819512915029085,0.886612504415401,0.8779376897693133,0.929868480697022,0.790373239661326
