Model,Accuracy,Precision,Recall,F1 Score,ROC AUC Score,Overall MCC
31,0.8774284705051218,0.8817335047771456,0.8774284705051218,0.879294311369715,0.9270038064609932,0.7788936225993554
