Model,Accuracy,Precision,Recall,F1 Score,ROC AUC Score,Overall MCC
485,0.8954433062522077,0.8940527304335563,0.8954433062522077,0.8908153817323623,0.9434612575951266,0.8072126794594704
