Model,Accuracy,Precision,Recall,F1 Score,ROC AUC Score,Overall MCC
423,0.8940303779583186,0.8921036453353081,0.8940303779583186,0.8896090274109542,0.9432190414814023,0.80453321072945
