Model,Accuracy,Precision,Recall,F1 Score,ROC AUC Score,Overall MCC
290,0.8897915930766513,0.8875770441490267,0.8897915930766513,0.8830459591611057,0.9345940965791302,0.7964533287075458
