Model,Accuracy,Precision,Recall,F1 Score,ROC AUC Score,Overall MCC
136,0.8862592723419287,0.8841863144326403,0.8862592723419287,0.8775514479941046,0.9315078336551196,0.7896879864675
