Model,Accuracy,Precision,Recall,F1 Score,ROC AUC Score,Overall MCC
383,0.8897915930766513,0.88714214543645,0.8897915930766513,0.8834005734018553,0.9375662614954784,0.7963034606164453
