Model,Accuracy,Precision,Recall,F1 Score,ROC AUC Score,Overall MCC
223,0.8827269516072059,0.8758948943631508,0.8827269516072059,0.8728461973810684,0.930225451762257,0.7830809700773012
