Model,Accuracy,Precision,Recall,F1 Score,ROC AUC Score,Overall MCC
329,0.8912045213705404,0.8892045052397324,0.8912045213705404,0.8864086052983463,0.9392774138329226,0.7992857034998619
