Model,Accuracy,Precision,Recall,F1 Score,ROC AUC Score,Overall MCC
376,0.8894383610031791,0.8870441316705897,0.8894383610031791,0.8837336866486593,0.9351995225857662,0.796026950374156
