Model,Accuracy,Precision,Recall,F1 Score,ROC AUC Score,Overall MCC
16,0.8569410102437302,0.861684587018458,0.8569410102437302,0.8591767055879097,0.8999117091911616,0.7414321356155996
