Model,Accuracy,Precision,Recall,F1 Score,ROC AUC Score,Overall MCC
48,0.8873189685623455,0.886261672596835,0.8873189685623455,0.8867508285388418,0.9247078977092839,0.7943526750282189
