Model,Accuracy,Precision,Recall,F1 Score,ROC AUC Score,Overall MCC
274,0.8904980572235959,0.8881368265492695,0.8904980572235959,0.8822212094552986,0.934208634317505,0.7976953129387339
