Model,Accuracy,Precision,Recall,F1 Score,ROC AUC Score,Overall MCC
387,0.8936771458848464,0.8921346302773316,0.8936771458848464,0.8884889984623797,0.9399105860921798,0.8039403788205757
