Model,Accuracy,Precision,Recall,F1 Score,ROC AUC Score,Overall MCC
416,0.8947368421052632,0.8931328827832783,0.8947368421052632,0.8902865550129778,0.9430756761669424,0.8058963827005097
