Model,Accuracy,Precision,Recall,F1 Score,ROC AUC Score,Overall MCC
85,0.8742493818438715,0.8590212501476688,0.8742493818438715,0.8617874278036066,0.917735876086139,0.7669556769874022
