Model,Accuracy,Precision,Recall,F1 Score,ROC AUC Score,Overall MCC
132,0.884139879901095,0.88004698408481,0.884139879901095,0.8743978902947552,0.9308640842943413,0.7856509441399739
