Model,Accuracy,Precision,Recall,F1 Score,ROC AUC Score,Overall MCC
268,0.8887318968562345,0.8860161353531658,0.8887318968562345,0.8813952670642562,0.9356276299753933,0.7943644976734037
