Model,Accuracy,Precision,Recall,F1 Score,ROC AUC Score,Overall MCC
110,0.8813140233133169,0.8768303973153274,0.8813140233133169,0.87291839061186,0.9301445315578469,0.7803279905926191
