Model,Accuracy,Precision,Recall,F1 Score,ROC AUC Score,Overall MCC
300,0.8929706817379018,0.8916733502269909,0.8929706817379018,0.8872136017402359,0.9399926857399649,0.8024632299889174
