Model,Accuracy,Precision,Recall,F1 Score,ROC AUC Score,Overall MCC
322,0.8908512892970681,0.8886179129660312,0.8908512892970681,0.8856067552465161,0.939032062722041,0.7986087483182125
