Model,Accuracy,Precision,Recall,F1 Score,ROC AUC Score,Overall MCC
417,0.8922642175909573,0.890027233157034,0.8922642175909573,0.8876221827409918,0.9417819239510555,0.8012620880447093
