Model,Accuracy,Precision,Recall,F1 Score,ROC AUC Score,Overall MCC
350,0.8926174496644296,0.8906461904959502,0.8926174496644296,0.886375468274942,0.9375550231723345,0.8017544912467837
