Model,Accuracy,Precision,Recall,F1 Score,ROC AUC Score,Overall MCC
492,0.8936771458848464,0.8918060769392285,0.8936771458848464,0.8892643449063643,0.9417912702759149,0.80390991399827
