Model,Accuracy,Precision,Recall,F1 Score,ROC AUC Score,Overall MCC
261,0.88802543270929,0.8857530926508304,0.88802543270929,0.8802924073568895,0.9344850561224379,0.7931890050220239
