Model,Accuracy,Precision,Recall,F1 Score,ROC AUC Score,Overall MCC
145,0.8848463440480395,0.8822214477958411,0.8848463440480395,0.8754392262431465,0.9303515195924,0.7869784928852066
