Model,Accuracy,Precision,Recall,F1 Score,ROC AUC Score,Overall MCC
321,0.8912045213705404,0.8885597505064347,0.8912045213705404,0.8858295507892273,0.9372670941556125,0.7992472963322019
