Model,Accuracy,Precision,Recall,F1 Score,ROC AUC Score,Overall MCC
309,0.8894383610031791,0.8863958457012745,0.8894383610031791,0.8826015481955983,0.9349137092337925,0.7958072739447005
