Model,Accuracy,Precision,Recall,F1 Score,ROC AUC Score,Overall MCC
258,0.8922642175909573,0.8902693708583241,0.8922642175909573,0.8860224309117659,0.9363336307241749,0.8010738602510599
