Model,Accuracy,Precision,Recall,F1 Score,ROC AUC Score,Overall MCC
239,0.8869657364888732,0.8847662447626031,0.8869657364888732,0.8792558995120093,0.9354190255534168,0.7912284551138326
