Model,Accuracy,Precision,Recall,F1 Score,ROC AUC Score,Overall MCC
180,0.8862592723419287,0.8824608355154901,0.8862592723419287,0.8786411894753868,0.9320962328994155,0.7896954390475234
