Model,Accuracy,Precision,Recall,F1 Score,ROC AUC Score,Overall MCC
84,0.8717767573295655,0.8554441993093087,0.8717767573295655,0.8586430517242165,0.914393397727764,0.7621644843848084
