Model,Accuracy,Precision,Recall,F1 Score,ROC AUC Score,Overall MCC
60,0.8657718120805369,0.8462745010616979,0.8657718120805369,0.8539639351261735,0.8846322054334671,0.7513105137966969
