Model,Accuracy,Precision,Recall,F1 Score,ROC AUC Score,Overall MCC
279,0.8926174496644296,0.890408525477769,0.8926174496644296,0.8860097045031078,0.9344259904537685,0.801727804177321
