Model,Accuracy,Precision,Recall,F1 Score,ROC AUC Score,Overall MCC
127,0.885552808194984,0.883179770918633,0.885552808194984,0.877325166301719,0.9333104875762689,0.7883282069475354
