Model,Accuracy,Precision,Recall,F1 Score,ROC AUC Score,Overall MCC
245,0.8844931119745673,0.8810954071618918,0.8844931119745673,0.8759942396398549,0.9313605587608711,0.7864574125398027
