Model,Accuracy,Precision,Recall,F1 Score,ROC AUC Score,Overall MCC
256,0.8883786647827623,0.8857401788440746,0.8883786647827623,0.8798900689649398,0.9316638251247985,0.7935937032306436
