Model,Accuracy,Precision,Recall,F1 Score,ROC AUC Score,Overall MCC
92,0.8784881667255386,0.8701031265084875,0.8784881667255386,0.866705024851797,0.9227320788895819,0.7749026882200388
