Model,Accuracy,Precision,Recall,F1 Score,ROC AUC Score,Overall MCC
10,0.8410455669374779,0.8662922222972264,0.8410455669374779,0.8510169022939207,0.9110981307154726,0.7225256904740883
