Model,Accuracy,Precision,Recall,F1 Score,ROC AUC Score,Overall MCC
339,0.8869657364888732,0.8836120515364665,0.8869657364888732,0.8812472589248823,0.937111562852183,0.7913692291490054
