Model,Accuracy,Precision,Recall,F1 Score,ROC AUC Score,Overall MCC
66,0.8685976686683151,0.8520131838288284,0.8685976686683151,0.8580915635945164,0.8925288409960729,0.7568307844291483
