Model,Accuracy,Precision,Recall,F1 Score,ROC AUC Score,Overall MCC
313,0.8887318968562345,0.8863655515226494,0.8887318968562345,0.8806694058999075,0.932395199795019,0.79425709340704
