Model,Accuracy,Precision,Recall,F1 Score,ROC AUC Score,Overall MCC
205,0.8834334157541505,0.8796591316190198,0.8834334157541505,0.8739515526954198,0.9280435909071443,0.7843837339966865
