Model,Accuracy,Precision,Recall,F1 Score,ROC AUC Score,Overall MCC
308,0.8901448251501236,0.8883258223608095,0.8901448251501236,0.8836921558661307,0.9346150106157237,0.7970043415377046
