Model,Accuracy,Precision,Recall,F1 Score,ROC AUC Score,Overall MCC
356,0.8894383610031791,0.8871856540429579,0.8894383610031791,0.8836809964326742,0.9389008481187866,0.7959032977195757
