Model,Accuracy,Precision,Recall,F1 Score,ROC AUC Score,Overall MCC
226,0.8851995761215118,0.8800925507181674,0.8851995761215118,0.8771811714771938,0.9310368929154392,0.7878875365873358
