Model,Accuracy,Precision,Recall,F1 Score,ROC AUC Score,Overall MCC
389,0.8912045213705404,0.88968279869662,0.8912045213705404,0.8861117852824452,0.9412117101347163,0.7990686732274704
