Model,Accuracy,Precision,Recall,F1 Score,ROC AUC Score,Overall MCC
429,0.8936771458848464,0.8918040240221797,0.8936771458848464,0.8890583979957088,0.9435047870001042,0.8037877726248893
