Model,Accuracy,Precision,Recall,F1 Score,ROC AUC Score,Confusion Matrix
105,0.8950900741787354,0.8936481665131625,0.8950900741787354,0.8905951223264109,0.9433146540058249,"[[1235, 1, 103], [6, 63, 83], [90, 14, 1236]]"
