Model,Accuracy,Precision,Recall,F1 Score,ROC AUC Score,Confusion Matrix
106,0.8954433062522077,0.8935573205282885,0.8954433062522077,0.8910123004576408,0.9438773041067998,"[[1235, 2, 102], [6, 63, 83], [88, 15, 1237]]"
