Model,Accuracy,Precision,Recall,F1 Score,ROC AUC Score,Confusion Matrix
107,0.8954433062522077,0.8940956158424472,0.8954433062522077,0.8912217098461243,0.9436263747787536,"[[1236, 1, 102], [5, 65, 82], [92, 14, 1234]]"
