Model,Accuracy,Precision,Recall,F1 Score,ROC AUC Score,Confusion Matrix
109,0.8943836100317909,0.8930189935640706,0.8943836100317909,0.88990747165476,0.9431592412578436,"[[1233, 1, 105], [6, 63, 83], [90, 14, 1236]]"
