Model,Accuracy,Precision,Recall,F1 Score,ROC AUC Score,Confusion Matrix
110,0.8929706817379018,0.8911764144570801,0.8929706817379018,0.8885764170693066,0.9431628180879338,"[[1231, 2, 106], [6, 63, 83], [91, 15, 1234]]"
