Model,Accuracy,Precision,Recall,F1 Score,ROC AUC Score,Confusion Matrix
111,0.8933239138113741,0.8915654873575016,0.8933239138113741,0.8887350962041629,0.9426437426141178,"[[1234, 1, 104], [6, 62, 84], [92, 15, 1233]]"
