Model,Accuracy,Precision,Recall,F1 Score,ROC AUC Score,Confusion Matrix
112,0.8929706817379018,0.8908097602753353,0.8929706817379018,0.8881239510912421,0.9427545363469982,"[[1234, 2, 103], [6, 60, 86], [91, 15, 1234]]"
