Model,Accuracy,Precision,Recall,F1 Score,ROC AUC Score,Confusion Matrix
115,0.8936771458848464,0.8920522637370006,0.8936771458848464,0.8888981864167586,0.9431926622830974,"[[1235, 1, 103], [6, 61, 85], [92, 14, 1234]]"
