Model,Accuracy,Precision,Recall,F1 Score,ROC AUC Score,Confusion Matrix
117,0.8954433062522077,0.893836921762954,0.8954433062522077,0.890789235429229,0.9435650559454604,"[[1238, 1, 100], [5, 62, 85], [91, 14, 1235]]"
