Model,Accuracy,Precision,Recall,F1 Score,ROC AUC Score,Confusion Matrix
119,0.8933239138113741,0.8913209667607115,0.8933239138113741,0.8882896320868535,0.9425682435714592,"[[1235, 1, 103], [6, 59, 87], [90, 15, 1235]]"
