Model,Accuracy,Precision,Recall,F1 Score,ROC AUC Score,Confusion Matrix
120,0.8929706817379018,0.8909471701667654,0.8929706817379018,0.8879362983369266,0.942509769457809,"[[1235, 1, 103], [6, 59, 87], [91, 15, 1234]]"
