Model,Accuracy,Precision,Recall,F1 Score,ROC AUC Score,Confusion Matrix
122,0.8926174496644296,0.8906401746898666,0.8926174496644296,0.8877310887059092,0.9426324389021442,"[[1235, 1, 103], [6, 60, 86], [93, 15, 1232]]"
