Model,Accuracy,Precision,Recall,F1 Score,ROC AUC Score,Confusion Matrix
123,0.8940303779583186,0.8923541384845239,0.8940303779583186,0.8894526499428429,0.9431830947362162,"[[1234, 1, 104], [5, 62, 85], [90, 15, 1235]]"
