Model,Accuracy,Precision,Recall,F1 Score,ROC AUC Score,Confusion Matrix
125,0.8950900741787354,0.8936405322347182,0.8950900741787354,0.8904653788817269,0.9429130462032825,"[[1235, 1, 103], [5, 62, 85], [89, 14, 1237]]"
