Model,Accuracy,Precision,Recall,F1 Score,ROC AUC Score,Confusion Matrix
126,0.8922642175909573,0.8899980463078787,0.8922642175909573,0.8869140099904859,0.942353927099106,"[[1236, 1, 102], [6, 57, 89], [92, 15, 1233]]"
