Model,Accuracy,Precision,Recall,F1 Score,ROC AUC Score,Confusion Matrix
128,0.8940303779583186,0.8925369662232545,0.8940303779583186,0.8891357224793462,0.9424857222573896,"[[1233, 1, 105], [5, 60, 87], [88, 14, 1238]]"
