Model,Accuracy,Precision,Recall,F1 Score,ROC AUC Score,Confusion Matrix
130,0.8947368421052632,0.8928830178014809,0.8947368421052632,0.8899866935154016,0.9430064575074786,"[[1236, 1, 102], [6, 61, 85], [89, 15, 1236]]"
