Model,Accuracy,Precision,Recall,F1 Score,ROC AUC Score,Confusion Matrix
133,0.8929706817379018,0.8909895160535706,0.8929706817379018,0.8874298666597921,0.9412419643850632,"[[1235, 1, 103], [6, 56, 90], [89, 14, 1237]]"
