Model,Accuracy,Precision,Recall,F1 Score,ROC AUC Score,Confusion Matrix
134,0.8950900741787354,0.8933151720128762,0.8950900741787354,0.8904825321195042,0.9425848309453088,"[[1236, 1, 102], [6, 62, 84], [89, 15, 1236]]"
