Model,Accuracy,Precision,Recall,F1 Score,ROC AUC Score,Confusion Matrix
135,0.8922642175909573,0.8900029978096028,0.8922642175909573,0.8871422728578081,0.9422866102156956,"[[1234, 1, 104], [5, 58, 89], [90, 16, 1234]]"
