Model,Accuracy,Precision,Recall,F1 Score,ROC AUC Score,Confusion Matrix
137,0.8950900741787354,0.8936302080345943,0.8950900741787354,0.8905960309338308,0.9431113075790812,"[[1236, 1, 102], [5, 63, 84], [91, 14, 1235]]"
