Model,Accuracy,Precision,Recall,F1 Score,ROC AUC Score,Confusion Matrix
138,0.89579653832568,0.894259322882015,0.89579653832568,0.8916099567559886,0.9426412303386179,"[[1236, 1, 102], [5, 65, 82], [90, 15, 1235]]"
