Model,Accuracy,Precision,Recall,F1 Score,ROC AUC Score,Confusion Matrix
139,0.8940303779583186,0.8923727656095647,0.8940303779583186,0.8894514065832995,0.9430828194382438,"[[1233, 1, 105], [6, 62, 84], [89, 15, 1236]]"
