Model,Accuracy,Precision,Recall,F1 Score,ROC AUC Score,Confusion Matrix
13,0.8926174496644296,0.8905139127740519,0.8926174496644296,0.8872862899707161,0.9413755940972391,"[[1233, 2, 104], [6, 57, 89], [89, 14, 1237]]"
