Model,Accuracy,Precision,Recall,F1 Score,ROC AUC Score,Confusion Matrix
141,0.8954433062522077,0.8939129360271486,0.8954433062522077,0.8907982339976454,0.9435530680952183,"[[1236, 1, 102], [6, 62, 84], [89, 14, 1237]]"
