Model,Accuracy,Precision,Recall,F1 Score,ROC AUC Score,Confusion Matrix
143,0.8947368421052632,0.8929432429468247,0.8947368421052632,0.8899964594479473,0.9429949985734236,"[[1235, 1, 103], [6, 61, 85], [88, 15, 1237]]"
