Model,Accuracy,Precision,Recall,F1 Score,ROC AUC Score,Confusion Matrix
144,0.8929706817379018,0.890915141001532,0.8929706817379018,0.8876525896231567,0.9415877203493558,"[[1234, 1, 104], [5, 57, 90], [88, 15, 1237]]"
