Model,Accuracy,Precision,Recall,F1 Score,ROC AUC Score,Confusion Matrix
148,0.8954433062522077,0.8938602245635281,0.8954433062522077,0.8906546521643933,0.942266166734231,"[[1236, 1, 102], [6, 61, 85], [88, 14, 1238]]"
