Model,Accuracy,Precision,Recall,F1 Score,ROC AUC Score,Confusion Matrix
149,0.89579653832568,0.8945437124553542,0.89579653832568,0.8915834560666961,0.9448484730596066,"[[1234, 1, 104], [6, 65, 81], [89, 14, 1237]]"
