Model,Accuracy,Precision,Recall,F1 Score,ROC AUC Score,Confusion Matrix
14,0.8943836100317909,0.8928004874332413,0.8943836100317909,0.8899440579229252,0.9420203811237434,"[[1233, 1, 105], [6, 63, 83], [89, 15, 1236]]"
