Model,Accuracy,Precision,Recall,F1 Score,ROC AUC Score,Confusion Matrix
150,0.8950900741787354,0.8935467007044524,0.8950900741787354,0.8903110505553712,0.943014874944291,"[[1235, 1, 103], [6, 61, 85], [88, 14, 1238]]"
