Model,Accuracy,Precision,Recall,F1 Score,ROC AUC Score,Confusion Matrix
151,0.8950900741787354,0.8933562913543067,0.8950900741787354,0.8904932786408302,0.9422092772302554,"[[1236, 1, 102], [5, 62, 85], [89, 15, 1236]]"
