Model,Accuracy,Precision,Recall,F1 Score,ROC AUC Score,Confusion Matrix
152,0.8940303779583186,0.8923097691819026,0.8940303779583186,0.8890952682577906,0.943561242004474,"[[1236, 1, 102], [6, 60, 86], [91, 14, 1235]]"
