Model,Accuracy,Precision,Recall,F1 Score,ROC AUC Score,Confusion Matrix
155,0.8947368421052632,0.8930947706216229,0.8947368421052632,0.8899489820319255,0.9430300237638894,"[[1237, 1, 101], [5, 61, 86], [91, 14, 1235]]"
