Model,Accuracy,Precision,Recall,F1 Score,ROC AUC Score,Confusion Matrix
158,0.89579653832568,0.8943285842769895,0.89579653832568,0.8911623081347996,0.942228051157678,"[[1236, 1, 102], [5, 62, 85], [88, 14, 1238]]"
