Model,Accuracy,Precision,Recall,F1 Score,ROC AUC Score,Confusion Matrix
161,0.8936771458848464,0.8917938356036729,0.8936771458848464,0.8884410092201481,0.942366627809813,"[[1237, 1, 101], [5, 58, 89], [91, 14, 1235]]"
