Model,Accuracy,Precision,Recall,F1 Score,ROC AUC Score,Confusion Matrix
162,0.8947368421052632,0.8929786356161986,0.8947368421052632,0.8896533401574181,0.9413059348270636,"[[1237, 1, 101], [5, 59, 88], [89, 14, 1237]]"
