Model,Accuracy,Precision,Recall,F1 Score,ROC AUC Score,Confusion Matrix
163,0.8929706817379018,0.891167710972959,0.8929706817379018,0.8877548411250173,0.9417395825450008,"[[1235, 1, 103], [5, 58, 89], [91, 14, 1235]]"
