Model,Accuracy,Precision,Recall,F1 Score,ROC AUC Score,Confusion Matrix
165,0.8961497703991522,0.8943362529023192,0.8961497703991522,0.8915223127595001,0.9430320673175924,"[[1237, 2, 100], [6, 62, 84], [88, 14, 1238]]"
