Model,Accuracy,Precision,Recall,F1 Score,ROC AUC Score,Confusion Matrix
168,0.8940303779583186,0.8923724146986838,0.8940303779583186,0.8889654487014739,0.9422960506515806,"[[1234, 1, 104], [6, 59, 87], [88, 14, 1238]]"
