Model,Accuracy,Precision,Recall,F1 Score,ROC AUC Score,Confusion Matrix
169,0.8940303779583186,0.8923505375838888,0.8940303779583186,0.8891060041128691,0.9417628487461283,"[[1236, 1, 102], [5, 60, 87], [91, 14, 1235]]"
