Model,Accuracy,Precision,Recall,F1 Score,ROC AUC Score,Confusion Matrix
16,0.8954433062522077,0.8940216476080206,0.8954433062522077,0.8909483571534332,0.9418259453000317,"[[1235, 1, 103], [6, 63, 83], [89, 14, 1237]]"
