Model,Accuracy,Precision,Recall,F1 Score,ROC AUC Score,Confusion Matrix
170,0.8954433062522077,0.8941701753832111,0.8954433062522077,0.8912302182060086,0.9430987070905056,"[[1234, 1, 104], [6, 65, 81], [90, 14, 1236]]"
