Model,Accuracy,Precision,Recall,F1 Score,ROC AUC Score,Confusion Matrix
172,0.8943836100317909,0.8926828824728489,0.8943836100317909,0.8895851744118827,0.9429766017012144,"[[1237, 1, 101], [6, 61, 85], [92, 14, 1234]]"
