Model,Accuracy,Precision,Recall,F1 Score,ROC AUC Score,Confusion Matrix
173,0.8947368421052632,0.8931490340562186,0.8947368421052632,0.8900923491522317,0.9423481001599447,"[[1237, 1, 101], [5, 62, 85], [92, 14, 1234]]"
