Model,Accuracy,Precision,Recall,F1 Score,ROC AUC Score,Confusion Matrix
174,0.8943836100317909,0.8925400666712937,0.8943836100317909,0.8890025025281304,0.940649068589289,"[[1236, 1, 102], [5, 57, 90], [87, 14, 1239]]"
