Model,Accuracy,Precision,Recall,F1 Score,ROC AUC Score,Confusion Matrix
175,0.8950900741787354,0.8935730022070627,0.8950900741787354,0.8905862338937746,0.9429402259564174,"[[1237, 1, 101], [5, 63, 84], [92, 14, 1234]]"
