Model,Accuracy,Precision,Recall,F1 Score,ROC AUC Score,Confusion Matrix
177,0.8954433062522077,0.894155771807284,0.8954433062522077,0.8913530621036383,0.9431006180332174,"[[1235, 1, 103], [6, 66, 80], [92, 14, 1234]]"
