Model,Accuracy,Precision,Recall,F1 Score,ROC AUC Score,Confusion Matrix
178,0.8950900741787354,0.8936955195894867,0.8950900741787354,0.890732823128098,0.9427544019026755,"[[1235, 1, 103], [6, 64, 82], [91, 14, 1235]]"
