Model,Accuracy,Precision,Recall,F1 Score,ROC AUC Score,Confusion Matrix
179,0.8936771458848464,0.8918808243767393,0.8936771458848464,0.8890787351624826,0.9428013688045368,"[[1235, 1, 103], [6, 62, 84], [92, 15, 1233]]"
