Model,Accuracy,Precision,Recall,F1 Score,ROC AUC Score,Confusion Matrix
17,0.897209466619569,0.8960205804106621,0.897209466619569,0.8931194319774323,0.9423714286943491,"[[1235, 1, 103], [6, 66, 80], [87, 14, 1239]]"
