Model,Accuracy,Precision,Recall,F1 Score,ROC AUC Score,Confusion Matrix
181,0.8943836100317909,0.8926269539774785,0.8943836100317909,0.889785496576143,0.9425862847773242,"[[1235, 1, 103], [6, 62, 84], [90, 15, 1235]]"
