Model,Accuracy,Precision,Recall,F1 Score,ROC AUC Score,Confusion Matrix
185,0.8940303779583186,0.8925869341386844,0.8940303779583186,0.8895448460924594,0.9429747873139706,"[[1234, 1, 104], [6, 63, 83], [92, 14, 1234]]"
