Model,Accuracy,Precision,Recall,F1 Score,ROC AUC Score,Confusion Matrix
189,0.8940303779583186,0.892254146726453,0.8940303779583186,0.8895618479151308,0.9428058201338342,"[[1236, 1, 102], [6, 63, 83], [93, 15, 1232]]"
