Model,Accuracy,Precision,Recall,F1 Score,ROC AUC Score,Confusion Matrix
18,0.8961497703991522,0.894754940803827,0.8961497703991522,0.8921028227706481,0.9431753733543283,"[[1234, 1, 104], [6, 66, 80], [88, 15, 1237]]"
