Model,Accuracy,Precision,Recall,F1 Score,ROC AUC Score,Confusion Matrix
192,0.8933239138113741,0.8917346653601639,0.8933239138113741,0.8886882892891411,0.9434142662488431,"[[1235, 1, 103], [6, 62, 84], [94, 14, 1232]]"
