Model,Accuracy,Precision,Recall,F1 Score,ROC AUC Score,Confusion Matrix
193,0.8954433062522077,0.8941269262037943,0.8954433062522077,0.8910953897691017,0.9433523919160537,"[[1234, 1, 104], [6, 64, 82], [89, 14, 1237]]"
