Model,Accuracy,Precision,Recall,F1 Score,ROC AUC Score,Confusion Matrix
196,0.8943836100317909,0.8927820319337169,0.8943836100317909,0.889945288146912,0.9432160543729996,"[[1234, 1, 104], [5, 63, 84], [90, 15, 1235]]"
