Model,Accuracy,Precision,Recall,F1 Score,ROC AUC Score,Confusion Matrix
197,0.89579653832568,0.89405939166629,0.89579653832568,0.8913192726721909,0.9432121560987562,"[[1237, 1, 101], [6, 63, 83], [89, 15, 1236]]"
