Model,Accuracy,Precision,Recall,F1 Score,ROC AUC Score,Confusion Matrix
198,0.8947368421052632,0.8932751196364116,0.8947368421052632,0.8902418731304768,0.9437541903850896,"[[1235, 1, 103], [6, 63, 83], [91, 14, 1235]]"
