Model,Accuracy,Precision,Recall,F1 Score,ROC AUC Score,Confusion Matrix
19,0.8947368421052632,0.893379940975641,0.8947368421052632,0.8903889256861313,0.941842285174106,"[[1234, 1, 104], [6, 64, 82], [91, 14, 1235]]"
