Model,Accuracy,Precision,Recall,F1 Score,ROC AUC Score,Confusion Matrix
200,0.8940303779583186,0.8921950336823548,0.8940303779583186,0.8892897820202117,0.9426742131976024,"[[1235, 1, 103], [6, 61, 85], [90, 15, 1235]]"
