Model,Accuracy,Precision,Recall,F1 Score,ROC AUC Score,Confusion Matrix
205,0.8954433062522077,0.8938031797613946,0.8954433062522077,0.8909850862756084,0.9432020367190422,"[[1235, 1, 103], [6, 63, 83], [88, 15, 1237]]"
