Model,Accuracy,Precision,Recall,F1 Score,ROC AUC Score,Confusion Matrix
206,0.8968562345460968,0.8953981502149668,0.8968562345460968,0.8923424456293483,0.9438055817273837,"[[1237, 1, 101], [6, 63, 83], [87, 14, 1239]]"
