Model,Accuracy,Precision,Recall,F1 Score,ROC AUC Score,Confusion Matrix
207,0.8950900741787354,0.8933118750641715,0.8950900741787354,0.8901352965587637,0.9422067967325044,"[[1238, 1, 100], [6, 60, 86], [90, 14, 1236]]"
