Model,Accuracy,Precision,Recall,F1 Score,ROC AUC Score,Confusion Matrix
20,0.8947368421052632,0.893284642282589,0.8947368421052632,0.8901108228499582,0.941941392639804,"[[1234, 1, 104], [6, 62, 84], [89, 14, 1237]]"
