Model,Accuracy,Precision,Recall,F1 Score,ROC AUC Score,Confusion Matrix
212,0.8954433062522077,0.8937494056729509,0.8954433062522077,0.890845530973233,0.9430460874159919,"[[1235, 1, 103], [6, 62, 84], [87, 15, 1238]]"
