Model,Accuracy,Precision,Recall,F1 Score,ROC AUC Score,Confusion Matrix
214,0.8968562345460968,0.8954903703349072,0.8968562345460968,0.8926155257812202,0.9434523243810037,"[[1237, 1, 101], [6, 65, 81], [89, 14, 1237]]"
