Model,Accuracy,Precision,Recall,F1 Score,ROC AUC Score,Confusion Matrix
215,0.89579653832568,0.8941176873134162,0.89579653832568,0.8913288968431718,0.9425540621398726,"[[1236, 1, 102], [6, 63, 83], [88, 15, 1237]]"
