Model,Accuracy,Precision,Recall,F1 Score,ROC AUC Score,Confusion Matrix
216,0.8940303779583186,0.8924252228705385,0.8940303779583186,0.889251423970917,0.9431803355720513,"[[1235, 1, 103], [6, 61, 85], [91, 14, 1235]]"
