Model,Accuracy,Precision,Recall,F1 Score,ROC AUC Score,Confusion Matrix
21,0.8936771458848464,0.8921170648297024,0.8936771458848464,0.888771219578223,0.9416734909382573,"[[1233, 1, 105], [6, 60, 86], [89, 14, 1237]]"
