Model,Accuracy,Precision,Recall,F1 Score,ROC AUC Score,Confusion Matrix
220,0.8954433062522077,0.8941130603765222,0.8954433062522077,0.8912209746131451,0.9433802463352433,"[[1235, 1, 103], [6, 65, 81], [91, 14, 1235]]"
