Model,Accuracy,Precision,Recall,F1 Score,ROC AUC Score,Confusion Matrix
224,0.89579653832568,0.8944417013422464,0.89579653832568,0.8914393331789404,0.9439428750473488,"[[1235, 1, 103], [6, 64, 82], [89, 14, 1237]]"
