Model,Accuracy,Precision,Recall,F1 Score,ROC AUC Score,Confusion Matrix
226,0.8940303779583186,0.8923124176851348,0.8940303779583186,0.8894418112133787,0.942787106095246,"[[1234, 1, 104], [6, 62, 84], [90, 15, 1235]]"
