Model,Accuracy,Precision,Recall,F1 Score,ROC AUC Score,Confusion Matrix
227,0.89579653832568,0.8941877539088571,0.89579653832568,0.8914646548097537,0.9434037423139404,"[[1235, 2, 102], [6, 64, 82], [89, 14, 1237]]"
