Model,Accuracy,Precision,Recall,F1 Score,ROC AUC Score,Confusion Matrix
228,0.8929706817379018,0.8913079654374865,0.8929706817379018,0.8880551914161081,0.9428045856905088,"[[1234, 1, 104], [6, 60, 86], [92, 14, 1234]]"
