Model,Accuracy,Precision,Recall,F1 Score,ROC AUC Score,Confusion Matrix
231,0.8922642175909573,0.8906200161077701,0.8922642175909573,0.8874949126184535,0.9420579809229862,"[[1234, 1, 104], [6, 61, 85], [95, 14, 1231]]"
