Model,Accuracy,Precision,Recall,F1 Score,ROC AUC Score,Confusion Matrix
234,0.8940303779583186,0.892484655651846,0.8940303779583186,0.8892610593427976,0.943229673888429,"[[1234, 1, 104], [6, 61, 85], [90, 14, 1236]]"
