Model,Accuracy,Precision,Recall,F1 Score,ROC AUC Score,Confusion Matrix
235,0.8943836100317909,0.892682551519991,0.8943836100317909,0.8899249701401888,0.9428622464160078,"[[1235, 1, 103], [6, 63, 83], [91, 15, 1234]]"
