Model,Accuracy,Precision,Recall,F1 Score,ROC AUC Score,Confusion Matrix
236,0.8929706817379018,0.8910759693548544,0.8929706817379018,0.8882296571644571,0.9426717834220275,"[[1235, 1, 103], [6, 61, 85], [93, 15, 1232]]"
