Model,Accuracy,Precision,Recall,F1 Score,ROC AUC Score,Confusion Matrix
237,0.8929706817379018,0.8912496184067288,0.8929706817379018,0.8880453828258076,0.94188202569363,"[[1235, 1, 103], [6, 60, 86], [93, 14, 1233]]"
