Model,Accuracy,Precision,Recall,F1 Score,ROC AUC Score,Confusion Matrix
238,0.8936771458848464,0.8918215802094112,0.8936771458848464,0.8889364218503615,0.9425055931282622,"[[1235, 1, 103], [6, 61, 85], [91, 15, 1234]]"
