Model,Accuracy,Precision,Recall,F1 Score,ROC AUC Score,Confusion Matrix
239,0.8961497703991522,0.8947033776250749,0.8961497703991522,0.8915156351290645,0.9426347770111355,"[[1236, 1, 102], [5, 62, 85], [87, 14, 1239]]"
