Model,Accuracy,Precision,Recall,F1 Score,ROC AUC Score,Confusion Matrix
23,0.8950900741787354,0.8938303242964769,0.8950900741787354,0.8906230541439284,0.9423147365790833,"[[1232, 1, 106], [6, 63, 83], [87, 14, 1239]]"
