Model,Accuracy,Precision,Recall,F1 Score,ROC AUC Score,Confusion Matrix
241,0.8933239138113741,0.8913861297858197,0.8933239138113741,0.8884378268244901,0.9419727090002995,"[[1235, 1, 103], [6, 60, 86], [91, 15, 1234]]"
