Model,Accuracy,Precision,Recall,F1 Score,ROC AUC Score,Confusion Matrix
242,0.8947368421052632,0.8931668646833391,0.8947368421052632,0.8900917301564348,0.9427632770612954,"[[1236, 1, 102], [6, 62, 84], [91, 14, 1235]]"
