Model,Accuracy,Precision,Recall,F1 Score,ROC AUC Score,Confusion Matrix
243,0.8943836100317909,0.8923123193069697,0.8943836100317909,0.8896719747977034,0.9421888869154093,"[[1235, 2, 102], [6, 61, 85], [89, 15, 1236]]"
