Model,Accuracy,Precision,Recall,F1 Score,ROC AUC Score,Confusion Matrix
244,0.8940303779583186,0.8921364782959011,0.8940303779583186,0.8892799414879917,0.9425850497228883,"[[1236, 1, 102], [6, 61, 85], [91, 15, 1234]]"
