Model,Accuracy,Precision,Recall,F1 Score,ROC AUC Score,Confusion Matrix
245,0.8943836100317909,0.8927407168739274,0.8943836100317909,0.8899345602709147,0.942359596677299,"[[1234, 1, 104], [6, 63, 83], [90, 15, 1235]]"
