Model,Accuracy,Precision,Recall,F1 Score,ROC AUC Score,Confusion Matrix
246,0.8940303779583186,0.892002915125462,0.8940303779583186,0.8894601106149267,0.9419352711453541,"[[1235, 2, 102], [6, 62, 84], [91, 15, 1234]]"
