Model,Accuracy,Precision,Recall,F1 Score,ROC AUC Score,Confusion Matrix
247,0.89579653832568,0.8940772091429051,0.89579653832568,0.8913183855236481,0.9429811214748942,"[[1236, 2, 101], [6, 63, 83], [89, 14, 1237]]"
