Model,Accuracy,Precision,Recall,F1 Score,ROC AUC Score,Confusion Matrix
249,0.8950900741787354,0.8934812876878047,0.8950900741787354,0.8907684005821537,0.9430816607726277,"[[1235, 1, 103], [6, 64, 82], [90, 15, 1235]]"
