Model,Accuracy,Precision,Recall,F1 Score,ROC AUC Score,Confusion Matrix
24,0.8947368421052632,0.8933184666662118,0.8947368421052632,0.8906985200012415,0.9436059991305608,"[[1233, 1, 105], [6, 66, 80], [91, 15, 1234]]"
