Model,Accuracy,Precision,Recall,F1 Score,ROC AUC Score,Confusion Matrix
250,0.8943836100317909,0.8927869835354639,0.8943836100317909,0.8901953833248382,0.942978868921381,"[[1235, 1, 103], [6, 65, 81], [93, 15, 1232]]"
