Model,Accuracy,Precision,Recall,F1 Score,ROC AUC Score,Confusion Matrix
251,0.8943836100317909,0.892682551519991,0.8943836100317909,0.8899249701401888,0.9425845602233321,"[[1235, 1, 103], [6, 63, 83], [91, 15, 1234]]"
