Model,Accuracy,Precision,Recall,F1 Score,ROC AUC Score,Confusion Matrix
252,0.8947368421052632,0.8931174413040321,0.8947368421052632,0.8898114336642695,0.9424692784945208,"[[1235, 1, 103], [6, 60, 86], [88, 14, 1238]]"
