Model,Accuracy,Precision,Recall,F1 Score,ROC AUC Score,Confusion Matrix
253,0.8954433062522077,0.893865008630267,0.8954433062522077,0.8912454958561546,0.9436301936086245,"[[1235, 2, 102], [6, 65, 81], [91, 14, 1235]]"
