Model,Accuracy,Precision,Recall,F1 Score,ROC AUC Score,Confusion Matrix
254,0.8936771458848464,0.8921065903177147,0.8936771458848464,0.8890415700608838,0.9423467807722522,"[[1235, 1, 103], [6, 62, 84], [93, 14, 1233]]"
