Model,Accuracy,Precision,Recall,F1 Score,ROC AUC Score,Confusion Matrix
258,0.8943836100317909,0.8929599484777649,0.8943836100317909,0.8898980867830499,0.9430331868721328,"[[1234, 1, 104], [6, 63, 83], [91, 14, 1235]]"
