Model,Accuracy,Precision,Recall,F1 Score,ROC AUC Score,Confusion Matrix
259,0.8936771458848464,0.8920472272355275,0.8936771458848464,0.8893643191294385,0.9425182370056873,"[[1234, 1, 104], [6, 64, 82], [93, 15, 1232]]"
