Model,Accuracy,Precision,Recall,F1 Score,ROC AUC Score,Confusion Matrix
25,0.8950900741787354,0.89342447490285,0.8950900741787354,0.8907588540257122,0.9422750370039665,"[[1236, 1, 102], [6, 64, 82], [91, 15, 1234]]"
