Model,Accuracy,Precision,Recall,F1 Score,ROC AUC Score,Confusion Matrix
261,0.8940303779583186,0.8924196978767227,0.8940303779583186,0.8897177254280121,0.9432401474067108,"[[1234, 1, 104], [6, 64, 82], [92, 15, 1233]]"
