Model,Accuracy,Precision,Recall,F1 Score,ROC AUC Score,Confusion Matrix
262,0.8933239138113741,0.891448559181068,0.8933239138113741,0.8885830469940622,0.9426423291153995,"[[1235, 1, 103], [6, 61, 85], [92, 15, 1233]]"
