Model,Accuracy,Precision,Recall,F1 Score,ROC AUC Score,Confusion Matrix
263,0.8940303779583186,0.8922521235724473,0.8940303779583186,0.8890853880565412,0.9417982571029135,"[[1237, 1, 101], [6, 60, 86], [92, 14, 1234]]"
