Model,Accuracy,Precision,Recall,F1 Score,ROC AUC Score,Confusion Matrix
264,0.8943836100317909,0.8929510705379745,0.8943836100317909,0.8900262542172879,0.943226570363465,"[[1235, 1, 103], [6, 64, 82], [93, 14, 1233]]"
