Model,Accuracy,Precision,Recall,F1 Score,ROC AUC Score,Confusion Matrix
266,0.8940303779583186,0.8925303235625155,0.8940303779583186,0.8895353304843903,0.9429713327059916,"[[1235, 1, 103], [6, 63, 83], [93, 14, 1233]]"
