Model,Accuracy,Precision,Recall,F1 Score,ROC AUC Score,Confusion Matrix
267,0.8940303779583186,0.8924225223878998,0.8940303779583186,0.8893851675383209,0.9423804615194925,"[[1236, 1, 102], [6, 62, 84], [93, 14, 1233]]"
