Model,Accuracy,Precision,Recall,F1 Score,ROC AUC Score,Confusion Matrix
268,0.8943836100317909,0.89285173235135,0.8943836100317909,0.8897480863807762,0.9430302400970266,"[[1235, 1, 103], [6, 62, 84], [91, 14, 1235]]"
