Model,Accuracy,Precision,Recall,F1 Score,ROC AUC Score,Confusion Matrix
269,0.8940303779583186,0.8925369677888962,0.8940303779583186,0.8894044110072655,0.9428935322209752,"[[1234, 1, 104], [6, 62, 84], [91, 14, 1235]]"
