Model,Accuracy,Precision,Recall,F1 Score,ROC AUC Score,Confusion Matrix
26,0.8947368421052632,0.8932548773653343,0.8947368421052632,0.8905686542000565,0.9418707806482699,"[[1234, 1, 104], [5, 65, 82], [91, 15, 1234]]"
