Model,Accuracy,Precision,Recall,F1 Score,ROC AUC Score,Confusion Matrix
270,0.8943836100317909,0.8929025057333444,0.8943836100317909,0.8898886092787625,0.9426728070322105,"[[1235, 1, 103], [6, 63, 83], [92, 14, 1234]]"
