Model,Accuracy,Precision,Recall,F1 Score,ROC AUC Score,Confusion Matrix
275,0.8954433062522077,0.8940683932565374,0.8954433062522077,0.8910860853675208,0.9431715820244323,"[[1235, 1, 103], [6, 64, 82], [90, 14, 1236]]"
