Model,Accuracy,Precision,Recall,F1 Score,ROC AUC Score,Confusion Matrix
277,0.8947368421052632,0.8933333963045474,0.8947368421052632,0.8902513129154757,0.9430402415324032,"[[1234, 1, 104], [6, 63, 83], [90, 14, 1236]]"
