Model,Accuracy,Precision,Recall,F1 Score,ROC AUC Score,Confusion Matrix
278,0.8943836100317909,0.8925083074001076,0.8943836100317909,0.8894978250152875,0.9428389820482117,"[[1235, 1, 103], [6, 60, 86], [88, 15, 1237]]"
