Model,Accuracy,Precision,Recall,F1 Score,ROC AUC Score,Confusion Matrix
279,0.8936771458848464,0.8918624047445806,0.8936771458848464,0.8889471609717479,0.9426087932013608,"[[1235, 1, 103], [5, 61, 86], [91, 15, 1234]]"
