Model,Accuracy,Precision,Recall,F1 Score,ROC AUC Score,Confusion Matrix
280,0.8943836100317909,0.8927926008314861,0.8943836100317909,0.8900711166727806,0.9429554401648454,"[[1234, 1, 104], [6, 64, 82], [91, 15, 1234]]"
