Model,Accuracy,Precision,Recall,F1 Score,ROC AUC Score,Confusion Matrix
283,0.8940303779583186,0.8920154809524931,0.8940303779583186,0.8891246128039368,0.9428246356167748,"[[1237, 1, 101], [6, 60, 86], [91, 15, 1234]]"
