Model,Accuracy,Precision,Recall,F1 Score,ROC AUC Score,Confusion Matrix
284,0.8943836100317909,0.8924960239215561,0.8943836100317909,0.8900879567868414,0.9431164451855341,"[[1235, 2, 102], [6, 64, 82], [92, 15, 1233]]"
