Model,Accuracy,Precision,Recall,F1 Score,ROC AUC Score,Confusion Matrix
287,0.8947368421052632,0.893172440107687,0.8947368421052632,0.8899578557535954,0.9425499133103008,"[[1235, 1, 103], [6, 61, 85], [89, 14, 1237]]"
