Model,Accuracy,Precision,Recall,F1 Score,ROC AUC Score,Confusion Matrix
288,0.8950900741787354,0.893531206811894,0.8950900741787354,0.8909022536672838,0.9438288100396567,"[[1235, 1, 103], [6, 65, 81], [91, 15, 1234]]"
