Model,Accuracy,Precision,Recall,F1 Score,ROC AUC Score,Confusion Matrix
289,0.8929706817379018,0.8916127353233969,0.8929706817379018,0.8886421423131037,0.9434408092247774,"[[1233, 1, 105], [5, 64, 83], [95, 14, 1231]]"
