Model,Accuracy,Precision,Recall,F1 Score,ROC AUC Score,Confusion Matrix
28,0.8940303779583186,0.8921036453353081,0.8940303779583186,0.8896090274109542,0.9421655070477181,"[[1235, 1, 103], [6, 63, 83], [91, 16, 1233]]"
