Model,Accuracy,Precision,Recall,F1 Score,ROC AUC Score,Confusion Matrix
290,0.8947368421052632,0.8932751196364116,0.8947368421052632,0.8902418731304768,0.9434050818682813,"[[1235, 1, 103], [6, 63, 83], [91, 14, 1235]]"
