Model,Accuracy,Precision,Recall,F1 Score,ROC AUC Score,Confusion Matrix
292,0.8947368421052632,0.8933689594135041,0.8947368421052632,0.890514379499237,0.943511689493846,"[[1235, 1, 103], [6, 65, 81], [93, 14, 1233]]"
