Model,Accuracy,Precision,Recall,F1 Score,ROC AUC Score,Confusion Matrix
295,0.8954433062522077,0.8939065687880724,0.8954433062522077,0.890929351674458,0.9426291291273673,"[[1237, 1, 101], [6, 63, 83], [91, 14, 1235]]"
