Model,Accuracy,Precision,Recall,F1 Score,ROC AUC Score,Confusion Matrix
296,0.8947368421052632,0.893284642282589,0.8947368421052632,0.8901108228499582,0.942404598553164,"[[1234, 1, 104], [6, 62, 84], [89, 14, 1237]]"
