Model,Accuracy,Precision,Recall,F1 Score,ROC AUC Score,Confusion Matrix
297,0.8943836100317909,0.8927986145790735,0.8943836100317909,0.889604646987652,0.9426738776979064,"[[1235, 1, 103], [6, 61, 85], [90, 14, 1236]]"
