Model,Accuracy,Precision,Recall,F1 Score,ROC AUC Score,Confusion Matrix
298,0.8933239138113741,0.8917664616985335,0.8933239138113741,0.8884305003752845,0.9428435617107263,"[[1234, 1, 104], [4, 60, 88], [91, 14, 1235]]"
