Model,Accuracy,Precision,Recall,F1 Score,ROC AUC Score,Confusion Matrix
2,0.8965030024726245,0.8945005811466721,0.8965030024726245,0.8919145809108111,0.942775342217023,"[[1237, 2, 100], [6, 62, 84], [86, 15, 1239]]"
