Model,Accuracy,Precision,Recall,F1 Score,ROC AUC Score,Confusion Matrix
301,0.8936771458848464,0.8917465055870589,0.8936771458848464,0.8891258725898811,0.9422353472066186,"[[1233, 2, 104], [6, 62, 84], [90, 15, 1235]]"
