Model,Accuracy,Precision,Recall,F1 Score,ROC AUC Score,Confusion Matrix
302,0.8954433062522077,0.8938546568093126,0.8954433062522077,0.8911217855750904,0.9426792328597178,"[[1235, 1, 103], [6, 64, 82], [89, 15, 1236]]"
