Model,Accuracy,Precision,Recall,F1 Score,ROC AUC Score,Confusion Matrix
303,0.8954433062522077,0.8940815974130385,0.8954433062522077,0.8909577226532032,0.942825114116341,"[[1234, 1, 104], [6, 63, 83], [88, 14, 1238]]"
