Model,Accuracy,Precision,Recall,F1 Score,ROC AUC Score,Confusion Matrix
306,0.8943836100317909,0.8924659759607425,0.8943836100317909,0.8894868796556326,0.9421732015407417,"[[1235, 2, 102], [6, 60, 86], [89, 14, 1237]]"
