Model,Accuracy,Precision,Recall,F1 Score,ROC AUC Score,Confusion Matrix
308,0.8950900741787354,0.8936591325845731,0.8950900741787354,0.890464007739618,0.9431965348906971,"[[1234, 1, 104], [6, 62, 84], [88, 14, 1238]]"
