Model,Accuracy,Precision,Recall,F1 Score,ROC AUC Score,Confusion Matrix
309,0.8936771458848464,0.8919954491857062,0.8936771458848464,0.8887518463095149,0.9425040696296435,"[[1235, 1, 103], [6, 60, 86], [91, 14, 1235]]"
