Model,Accuracy,Precision,Recall,F1 Score,ROC AUC Score,Confusion Matrix
30,0.8947368421052632,0.8931259325064529,0.8947368421052632,0.8904141101354275,0.9424695027720954,"[[1234, 2, 103], [6, 64, 82], [91, 14, 1235]]"
