Model,Accuracy,Precision,Recall,F1 Score,ROC AUC Score,Confusion Matrix
310,0.8950900741787354,0.8935986054832773,0.8950900741787354,0.8904545443142932,0.9427997218615856,"[[1235, 1, 103], [6, 62, 84], [89, 14, 1237]]"
