Model,Accuracy,Precision,Recall,F1 Score,ROC AUC Score,Confusion Matrix
315,0.8950900741787354,0.8928679972958167,0.8950900741787354,0.8905504971237602,0.9424971362748188,"[[1236, 2, 101], [6, 62, 84], [88, 16, 1236]]"
