Model,Accuracy,Precision,Recall,F1 Score,ROC AUC Score,Confusion Matrix
31,0.8919109855174849,0.8900905342777342,0.8919109855174849,0.8867727491747752,0.9420342044445436,"[[1229, 2, 108], [6, 58, 88], [88, 14, 1238]]"
