Model,Accuracy,Precision,Recall,F1 Score,ROC AUC Score,Confusion Matrix
322,0.8936771458848464,0.8921108640476845,0.8936771458848464,0.8889078594508731,0.942636738064913,"[[1234, 1, 104], [6, 61, 85], [91, 14, 1235]]"
