Model,Accuracy,Precision,Recall,F1 Score,ROC AUC Score,Confusion Matrix
324,0.8943836100317909,0.8929524801924467,0.8943836100317909,0.8897684496286541,0.9428646095805316,"[[1234, 1, 104], [5, 62, 85], [90, 14, 1236]]"
