Model,Accuracy,Precision,Recall,F1 Score,ROC AUC Score,Confusion Matrix
326,0.8933239138113741,0.8915070495632286,0.8933239138113741,0.8885928705250218,0.942334726005404,"[[1234, 1, 104], [6, 61, 85], [91, 15, 1234]]"
