Model,Accuracy,Precision,Recall,F1 Score,ROC AUC Score,Confusion Matrix
327,0.8947368421052632,0.8932335431277734,0.8947368421052632,0.889967416953526,0.94167987887691,"[[1234, 1, 104], [6, 61, 85], [88, 14, 1238]]"
