Model,Accuracy,Precision,Recall,F1 Score,ROC AUC Score,Confusion Matrix
328,0.8961497703991522,0.8948588948484545,0.8961497703991522,0.8919275106301657,0.943419366577552,"[[1235, 1, 103], [6, 65, 81], [89, 14, 1237]]"
