Model,Accuracy,Precision,Recall,F1 Score,ROC AUC Score,Confusion Matrix
32,0.8919109855174849,0.89018487385206,0.8919109855174849,0.8877836097175797,0.9414931937683932,"[[1230, 2, 107], [7, 65, 80], [95, 15, 1230]]"
