Model,Accuracy,Precision,Recall,F1 Score,ROC AUC Score,Confusion Matrix
332,0.8943836100317909,0.8928588815949231,0.8943836100317909,0.8896142450814818,0.9427905882031999,"[[1234, 1, 104], [6, 61, 85], [89, 14, 1237]]"
