Model,Accuracy,Precision,Recall,F1 Score,ROC AUC Score,Confusion Matrix
333,0.8943836100317909,0.8929018465766502,0.8943836100317909,0.8896252912011204,0.9421705028765218,"[[1234, 1, 104], [5, 61, 86], [89, 14, 1237]]"
