Model,Accuracy,Precision,Recall,F1 Score,ROC AUC Score,Confusion Matrix
334,0.8954433062522077,0.8939213976204473,0.8954433062522077,0.8906642316795942,0.9424218966485914,"[[1235, 1, 103], [6, 61, 85], [87, 14, 1239]]"
