Model,Accuracy,Precision,Recall,F1 Score,ROC AUC Score,Confusion Matrix
335,0.8947368421052632,0.8930796480242618,0.8947368421052632,0.8901469547211278,0.9421529047258108,"[[1233, 2, 104], [6, 62, 84], [88, 14, 1238]]"
