Model,Accuracy,Precision,Recall,F1 Score,ROC AUC Score,Confusion Matrix
336,0.89579653832568,0.8942345198139817,0.89579653832568,0.8910078560292604,0.9419650536183514,"[[1236, 1, 102], [6, 61, 85], [87, 14, 1239]]"
