Model,Accuracy,Precision,Recall,F1 Score,ROC AUC Score,Confusion Matrix
338,0.8961497703991522,0.8945365979766333,0.8961497703991522,0.8919436099947327,0.9431137489657565,"[[1237, 1, 101], [6, 65, 81], [90, 15, 1235]]"
