Model,Accuracy,Precision,Recall,F1 Score,ROC AUC Score,Confusion Matrix
339,0.8947368421052632,0.8930523745056752,0.8947368421052632,0.8904054164931755,0.9441206758305872,"[[1236, 1, 102], [6, 64, 82], [92, 15, 1233]]"
