Model,Accuracy,Precision,Recall,F1 Score,ROC AUC Score,Confusion Matrix
33,0.89579653832568,0.8940474581356154,0.89579653832568,0.8915108610077781,0.942381639129536,"[[1234, 2, 103], [6, 64, 82], [87, 15, 1238]]"
