Model,Accuracy,Precision,Recall,F1 Score,ROC AUC Score,Confusion Matrix
344,0.8961497703991522,0.894756845537434,0.8961497703991522,0.8917832450489103,0.9439793430698401,"[[1236, 1, 102], [6, 64, 82], [89, 14, 1237]]"
