Model,Accuracy,Precision,Recall,F1 Score,ROC AUC Score,Confusion Matrix
347,0.8950900741787354,0.8934292020936719,0.8950900741787354,0.8906317285570434,0.9440166904804229,"[[1235, 1, 103], [6, 63, 83], [89, 15, 1236]]"
