Model,Accuracy,Precision,Recall,F1 Score,ROC AUC Score,Confusion Matrix
34,0.8954433062522077,0.8940948478793785,0.8954433062522077,0.8906947058784304,0.9411647273439806,"[[1233, 1, 105], [5, 61, 86], [85, 14, 1241]]"
