Model,Accuracy,Precision,Recall,F1 Score,ROC AUC Score,Confusion Matrix
350,0.8965030024726245,0.8959735482560923,0.8965030024726245,0.8926980289035605,0.9441285059901546,"[[1228, 1, 110], [6, 68, 78], [85, 13, 1242]]"
