Model,Accuracy,Precision,Recall,F1 Score,ROC AUC Score,Confusion Matrix
351,0.8901448251501236,0.8884764892734469,0.8901448251501236,0.8848188413641017,0.94066946440413,"[[1227, 2, 110], [7, 57, 88], [91, 13, 1236]]"
