Model,Accuracy,Precision,Recall,F1 Score,ROC AUC Score,Confusion Matrix
352,0.8950900741787354,0.8932149334735028,0.8950900741787354,0.8901932555816311,0.9415584866536388,"[[1235, 2, 102], [6, 60, 86], [87, 14, 1239]]"
