Model,Accuracy,Precision,Recall,F1 Score,ROC AUC Score,Confusion Matrix
353,0.8954433062522077,0.8937121362786791,0.8954433062522077,0.89070141745534,0.9412235858461712,"[[1234, 2, 103], [6, 61, 85], [86, 14, 1240]]"
