Model,Accuracy,Precision,Recall,F1 Score,ROC AUC Score,Confusion Matrix
354,0.8961497703991522,0.8943954997889302,0.8961497703991522,0.891531750366591,0.9420924585583932,"[[1236, 2, 101], [6, 62, 84], [87, 14, 1239]]"
