Model,Accuracy,Precision,Recall,F1 Score,ROC AUC Score,Confusion Matrix
355,0.8943836100317909,0.8926099648475848,0.8943836100317909,0.8901067281237309,0.9429753972023066,"[[1233, 2, 104], [6, 64, 82], [90, 15, 1235]]"
