Model,Accuracy,Precision,Recall,F1 Score,ROC AUC Score,Confusion Matrix
356,0.8965030024726245,0.8950161440883992,0.8965030024726245,0.8921176592269517,0.9442510171568556,"[[1238, 1, 100], [6, 64, 82], [90, 14, 1236]]"
