Model,Accuracy,Precision,Recall,F1 Score,ROC AUC Score,Confusion Matrix
358,0.8965030024726245,0.8949264560440343,0.8965030024726245,0.8922961923173557,0.9432396682960341,"[[1236, 2, 101], [6, 65, 81], [89, 14, 1237]]"
