Model,Accuracy,Precision,Recall,F1 Score,ROC AUC Score,Confusion Matrix
359,0.89579653832568,0.8943277862382577,0.89579653832568,0.8914205242237305,0.9437835970250942,"[[1237, 1, 101], [6, 64, 82], [91, 14, 1235]]"
