Model,Accuracy,Precision,Recall,F1 Score,ROC AUC Score,Confusion Matrix
35,0.8675379724478983,0.8643586501254048,0.8675379724478983,0.8577200382535785,0.9261800685411824,"[[1198, 2, 139], [33, 35, 84], [108, 9, 1223]]"
