Model,Accuracy,Precision,Recall,F1 Score,ROC AUC Score,Confusion Matrix
360,0.8961497703991522,0.8946507941999169,0.8961497703991522,0.89196244797134,0.9432682010479422,"[[1235, 1, 103], [6, 65, 81], [88, 15, 1237]]"
