Model,Accuracy,Precision,Recall,F1 Score,ROC AUC Score,Confusion Matrix
361,0.8954433062522077,0.8939618071482432,0.8954433062522077,0.8912650227049079,0.9434035797585322,"[[1234, 1, 104], [6, 65, 81], [89, 15, 1236]]"
