Model,Accuracy,Precision,Recall,F1 Score,ROC AUC Score,Confusion Matrix
362,0.8947368421052632,0.8930735797279731,0.8947368421052632,0.8902773053675497,0.9433037890712312,"[[1234, 2, 103], [6, 63, 83], [90, 14, 1236]]"
