Model,Accuracy,Precision,Recall,F1 Score,ROC AUC Score,Confusion Matrix
363,0.89579653832568,0.8941130987365113,0.89579653832568,0.8914561214738491,0.9439834387327934,"[[1237, 1, 101], [6, 64, 82], [90, 15, 1235]]"
