Model,Accuracy,Precision,Recall,F1 Score,ROC AUC Score,Confusion Matrix
365,0.8943836100317909,0.892997555897748,0.8943836100317909,0.890161059063155,0.9438307778156503,"[[1235, 1, 103], [6, 65, 81], [94, 14, 1232]]"
