Model,Accuracy,Precision,Recall,F1 Score,ROC AUC Score,Confusion Matrix
367,0.8961497703991522,0.8947699174447314,0.8961497703991522,0.89165478484817,0.943050097523467,"[[1235, 1, 103], [6, 63, 83], [87, 14, 1239]]"
