Model,Accuracy,Precision,Recall,F1 Score,ROC AUC Score,Confusion Matrix
368,0.89579653832568,0.8942284614678859,0.89579653832568,0.8914751562780528,0.9428033378027515,"[[1235, 1, 103], [6, 64, 82], [88, 15, 1237]]"
