Model,Accuracy,Precision,Recall,F1 Score,ROC AUC Score,Confusion Matrix
36,0.8915577534440127,0.8895226494341353,0.8915577534440127,0.8863909015504469,0.941796439660117,"[[1232, 2, 105], [6, 58, 88], [92, 14, 1234]]"
