Model,Accuracy,Precision,Recall,F1 Score,ROC AUC Score,Confusion Matrix
370,0.8954433062522077,0.8935163833831395,0.8954433062522077,0.8908720786277944,0.9412583775924043,"[[1234, 2, 103], [7, 62, 83], [86, 15, 1239]]"
