Model,Accuracy,Precision,Recall,F1 Score,ROC AUC Score,Confusion Matrix
371,0.89579653832568,0.8945187529039922,0.89579653832568,0.8913201446941723,0.9419348867568137,"[[1233, 1, 105], [6, 63, 83], [86, 14, 1240]]"
