Model,Accuracy,Precision,Recall,F1 Score,ROC AUC Score,Confusion Matrix
372,0.8943836100317909,0.8925873529946958,0.8943836100317909,0.8896419034161784,0.9412446673270572,"[[1234, 2, 103], [6, 61, 85], [89, 14, 1237]]"
