Model,Accuracy,Precision,Recall,F1 Score,ROC AUC Score,Confusion Matrix
376,0.8950900741787354,0.8935897010693242,0.8950900741787354,0.8903221059271889,0.9426389863406524,"[[1235, 1, 103], [5, 61, 86], [88, 14, 1238]]"
