Model,Accuracy,Precision,Recall,F1 Score,ROC AUC Score,Confusion Matrix
377,0.8954433062522077,0.8934979576218879,0.8954433062522077,0.8908735705250937,0.9440453760099702,"[[1235, 2, 102], [6, 62, 84], [87, 15, 1238]]"
