Model,Accuracy,Precision,Recall,F1 Score,ROC AUC Score,Confusion Matrix
379,0.89579653832568,0.8942064406170757,0.89579653832568,0.8912063990170203,0.9417229038101228,"[[1233, 2, 104], [6, 62, 84], [85, 14, 1241]]"
