Model,Accuracy,Precision,Recall,F1 Score,ROC AUC Score,Confusion Matrix
381,0.8943836100317909,0.8925939160928659,0.8943836100317909,0.889366975513147,0.9416852309831683,"[[1232, 2, 105], [6, 59, 87], [85, 14, 1241]]"
