Model,Accuracy,Precision,Recall,F1 Score,ROC AUC Score,Confusion Matrix
382,0.8961497703991522,0.8946337098657208,0.8961497703991522,0.8916992258208242,0.9417181233977904,"[[1233, 2, 104], [6, 63, 83], [85, 14, 1241]]"
