Model,Accuracy,Precision,Recall,F1 Score,ROC AUC Score,Confusion Matrix
383,0.89579653832568,0.8941431977962617,0.89579653832568,0.8911971969466693,0.9421625425504058,"[[1234, 2, 103], [6, 62, 84], [86, 14, 1240]]"
