Model,Accuracy,Precision,Recall,F1 Score,ROC AUC Score,Confusion Matrix
385,0.8926174496644296,0.8904575869093634,0.8926174496644296,0.8869924022757306,0.9411310997633584,"[[1233, 2, 104], [4, 55, 93], [87, 14, 1239]]"
