Model,Accuracy,Precision,Recall,F1 Score,ROC AUC Score,Confusion Matrix
386,0.8936771458848464,0.8919467589454193,0.8936771458848464,0.8888204336840952,0.941345164458162,"[[1232, 2, 105], [5, 60, 87], [88, 14, 1238]]"
