Model,Accuracy,Precision,Recall,F1 Score,ROC AUC Score,Confusion Matrix
388,0.8936771458848464,0.8918864283297804,0.8936771458848464,0.888672393362024,0.9411049937314724,"[[1232, 2, 105], [5, 59, 88], [87, 14, 1239]]"
