Model,Accuracy,Precision,Recall,F1 Score,ROC AUC Score,Confusion Matrix
389,0.8933239138113741,0.8914656969904325,0.8933239138113741,0.8881659843802371,0.9410129048705218,"[[1231, 2, 106], [6, 58, 88], [86, 14, 1240]]"
