Model,Accuracy,Precision,Recall,F1 Score,ROC AUC Score,Confusion Matrix
38,0.8961497703991522,0.8947581966154916,0.8961497703991522,0.8922210118007756,0.9428416636013361,"[[1234, 2, 103], [6, 67, 79], [90, 14, 1236]]"
