Model,Accuracy,Precision,Recall,F1 Score,ROC AUC Score,Confusion Matrix
390,0.8940303779583186,0.8921520832385835,0.8940303779583186,0.8890044268159102,0.940570792660259,"[[1233, 2, 104], [6, 59, 87], [87, 14, 1239]]"
