Model,Accuracy,Precision,Recall,F1 Score,ROC AUC Score,Confusion Matrix
392,0.8936771458848464,0.8917564468400634,0.8936771458848464,0.8885115565961009,0.9412220947364119,"[[1233, 2, 104], [5, 58, 89], [87, 14, 1239]]"
