Model,Accuracy,Precision,Recall,F1 Score,ROC AUC Score,Confusion Matrix
394,0.8933239138113741,0.8914011811607987,0.8933239138113741,0.8882981686956876,0.9415570346549552,"[[1233, 2, 104], [6, 59, 87], [89, 14, 1237]]"
