Model,Accuracy,Precision,Recall,F1 Score,ROC AUC Score,Confusion Matrix
396,0.8929706817379018,0.8910887549616912,0.8929706817379018,0.8879546038114309,0.941303555773665,"[[1232, 2, 105], [6, 59, 87], [89, 14, 1237]]"
