Model,Accuracy,Precision,Recall,F1 Score,ROC AUC Score,Confusion Matrix
39,0.8965030024726245,0.8952145172141532,0.8965030024726245,0.8922819338196596,0.9419254298209436,"[[1236, 1, 102], [5, 65, 82], [89, 14, 1237]]"
