Model,Accuracy,Precision,Recall,F1 Score,ROC AUC Score,Confusion Matrix
3,0.89579653832568,0.8946459276789226,0.89579653832568,0.8916033845831849,0.9424622268898032,"[[1233, 1, 105], [5, 65, 82], [88, 14, 1238]]"
