Model,Accuracy,Precision,Recall,F1 Score,ROC AUC Score,Confusion Matrix
400,0.8950900741787354,0.8934989389517288,0.8950900741787354,0.8905112618884782,0.9412185527396234,"[[1233, 2, 104], [5, 62, 85], [87, 14, 1239]]"
