Model,Accuracy,Precision,Recall,F1 Score,ROC AUC Score,Confusion Matrix
401,0.8922642175909573,0.8899026765816128,0.8922642175909573,0.886976714389761,0.9413228885616921,"[[1233, 2, 104], [6, 57, 89], [89, 15, 1236]]"
