Model,Accuracy,Precision,Recall,F1 Score,ROC AUC Score,Confusion Matrix
402,0.8940303779583186,0.892162501926035,0.8940303779583186,0.8885010427145598,0.9416823783190881,"[[1235, 1, 103], [5, 56, 91], [86, 14, 1240]]"
