Model,Accuracy,Precision,Recall,F1 Score,ROC AUC Score,Confusion Matrix
403,0.8943836100317909,0.8927664144279829,0.8943836100317909,0.8898030351283437,0.9419169818286032,"[[1232, 2, 105], [6, 62, 84], [88, 14, 1238]]"
