Model,Accuracy,Precision,Recall,F1 Score,ROC AUC Score,Confusion Matrix
404,0.8912045213705404,0.8889694328981702,0.8912045213705404,0.8855776709244136,0.940460649760122,"[[1232, 2, 105], [5, 55, 92], [90, 14, 1236]]"
