Model,Accuracy,Precision,Recall,F1 Score,ROC AUC Score,Confusion Matrix
405,0.8922642175909573,0.8901206989665265,0.8922642175909573,0.8866349696272982,0.9397666298338111,"[[1231, 2, 106], [6, 55, 91], [86, 14, 1240]]"
