Model,Accuracy,Precision,Recall,F1 Score,ROC AUC Score,Confusion Matrix
409,0.8929706817379018,0.890954666143013,0.8929706817379018,0.8876491050224113,0.9407928610700281,"[[1232, 2, 105], [6, 57, 89], [87, 14, 1239]]"
