Model,Accuracy,Precision,Recall,F1 Score,ROC AUC Score,Confusion Matrix
40,0.8950900741787354,0.8937072788662364,0.8950900741787354,0.8906045247765811,0.9415241122959159,"[[1234, 1, 104], [6, 63, 83], [89, 14, 1237]]"
