Model,Accuracy,Precision,Recall,F1 Score,ROC AUC Score,Confusion Matrix
411,0.8933239138113741,0.8916085074672829,0.8933239138113741,0.8879731590173355,0.9413900719174458,"[[1233, 1, 105], [5, 57, 90], [87, 14, 1239]]"
