Model,Accuracy,Precision,Recall,F1 Score,ROC AUC Score,Confusion Matrix
412,0.8922642175909573,0.8900799844362312,0.8922642175909573,0.8870083155094453,0.941606172221515,"[[1231, 2, 106], [5, 57, 90], [87, 15, 1238]]"
