Model,Accuracy,Precision,Recall,F1 Score,ROC AUC Score,Confusion Matrix
413,0.8922642175909573,0.8898072853389972,0.8922642175909573,0.886671205509259,0.94074546944633,"[[1232, 2, 105], [6, 55, 91], [86, 15, 1239]]"
