Model,Accuracy,Precision,Recall,F1 Score,ROC AUC Score,Confusion Matrix
415,0.8926174496644296,0.8907117412920901,0.8926174496644296,0.8873152374047074,0.9418320894055722,"[[1230, 2, 107], [6, 57, 89], [86, 14, 1240]]"
