Model,Accuracy,Precision,Recall,F1 Score,ROC AUC Score,Confusion Matrix
418,0.8933239138113741,0.8913315122946058,0.8933239138113741,0.8880021652100083,0.9418098675923868,"[[1232, 2, 105], [6, 57, 89], [86, 14, 1240]]"
