Model,Accuracy,Precision,Recall,F1 Score,ROC AUC Score,Confusion Matrix
419,0.8940303779583186,0.8917381443093636,0.8940303779583186,0.8887310046371528,0.941763043690396,"[[1233, 3, 103], [6, 57, 89], [85, 14, 1241]]"
