Model,Accuracy,Precision,Recall,F1 Score,ROC AUC Score,Confusion Matrix
41,0.8950900741787354,0.893749435322896,0.8950900741787354,0.8906153494318991,0.9422544101893348,"[[1234, 1, 104], [5, 63, 84], [89, 14, 1237]]"
