Model,Accuracy,Precision,Recall,F1 Score,ROC AUC Score,Confusion Matrix
420,0.8926174496644296,0.8905529974941053,0.8926174496644296,0.8871505918946856,0.9407271703518099,"[[1232, 2, 105], [5, 56, 91], [87, 14, 1239]]"
