Model,Accuracy,Precision,Recall,F1 Score,ROC AUC Score,Confusion Matrix
422,0.8933239138113741,0.8916844455778716,0.8933239138113741,0.8887543443883325,0.9427920548685368,"[[1232, 1, 106], [6, 62, 84], [90, 15, 1235]]"
