Model,Accuracy,Precision,Recall,F1 Score,ROC AUC Score,Confusion Matrix
423,0.8975626986930413,0.8964191288343794,0.8975626986930413,0.8931519473314452,0.9430653416763124,"[[1237, 1, 101], [6, 64, 82], [87, 13, 1240]]"
