Model,Accuracy,Precision,Recall,F1 Score,ROC AUC Score,Confusion Matrix
424,0.8975626986930413,0.8961924828735042,0.8975626986930413,0.8931869210097995,0.9426014494857968,"[[1237, 1, 101], [6, 64, 82], [86, 14, 1240]]"
