Model,Accuracy,Precision,Recall,F1 Score,ROC AUC Score,Confusion Matrix
425,0.8950900741787354,0.8935397086617114,0.8950900741787354,0.8907778551496492,0.9429107209276131,"[[1234, 1, 104], [6, 64, 82], [89, 15, 1236]]"
