Model,Accuracy,Precision,Recall,F1 Score,ROC AUC Score,Confusion Matrix
426,0.8950900741787354,0.8934990344436138,0.8950900741787354,0.8907673623855966,0.9434591187081768,"[[1234, 2, 103], [6, 64, 82], [90, 14, 1236]]"
