Model,Accuracy,Precision,Recall,F1 Score,ROC AUC Score,Confusion Matrix
427,0.8950900741787354,0.8938972748992678,0.8950900741787354,0.8904274706215655,0.9431514428760251,"[[1234, 1, 104], [6, 62, 84], [89, 13, 1238]]"
