Model,Accuracy,Precision,Recall,F1 Score,ROC AUC Score,Confusion Matrix
428,0.8965030024726245,0.8951659253489027,0.8965030024726245,0.8916668974679942,0.9429337646844979,"[[1237, 1, 101], [6, 61, 85], [87, 13, 1240]]"
