Model,Accuracy,Precision,Recall,F1 Score,ROC AUC Score,Confusion Matrix
429,0.8943836100317909,0.892512604915632,0.8943836100317909,0.8897659189327012,0.943283614783967,"[[1237, 1, 101], [6, 62, 84], [92, 15, 1233]]"
