Model,Accuracy,Precision,Recall,F1 Score,ROC AUC Score,Confusion Matrix
42,0.8961497703991522,0.8946104947559336,0.8961497703991522,0.891952057777491,0.9427521019880943,"[[1235, 2, 102], [6, 65, 81], [89, 14, 1237]]"
