Model,Accuracy,Precision,Recall,F1 Score,ROC AUC Score,Confusion Matrix
430,0.8954433062522077,0.8938006575424526,0.8954433062522077,0.8906449816745529,0.9420166570160088,"[[1237, 1, 101], [6, 61, 85], [89, 14, 1237]]"
