Model,Accuracy,Precision,Recall,F1 Score,ROC AUC Score,Confusion Matrix
431,0.8954433062522077,0.893534498999104,0.8954433062522077,0.8908061637789388,0.9427538311254153,"[[1238, 2, 99], [6, 62, 84], [91, 14, 1235]]"
