Model,Accuracy,Precision,Recall,F1 Score,ROC AUC Score,Confusion Matrix
432,0.8954433062522077,0.8937072144867643,0.8954433062522077,0.8908346972447697,0.9428061754946232,"[[1235, 2, 102], [6, 62, 84], [88, 14, 1238]]"
