Model,Accuracy,Precision,Recall,F1 Score,ROC AUC Score,Confusion Matrix
433,0.8965030024726245,0.8950723597357857,0.8965030024726245,0.8921271256601002,0.9430451068891031,"[[1237, 1, 101], [6, 64, 82], [89, 14, 1237]]"
