Model,Accuracy,Precision,Recall,F1 Score,ROC AUC Score,Confusion Matrix
434,0.8954433062522077,0.8941686771193579,0.8954433062522077,0.8911061035119027,0.9426578910457343,"[[1234, 1, 104], [5, 64, 83], [89, 14, 1237]]"
