Model,Accuracy,Precision,Recall,F1 Score,ROC AUC Score,Confusion Matrix
435,0.8954433062522077,0.8935989330366058,0.8954433062522077,0.8910230361093494,0.9438063920599823,"[[1235, 2, 102], [5, 63, 84], [88, 15, 1237]]"
