Model,Accuracy,Precision,Recall,F1 Score,ROC AUC Score,Confusion Matrix
436,0.8943836100317909,0.8921271081228408,0.8943836100317909,0.8895079165481414,0.9425430456498608,"[[1237, 2, 100], [6, 60, 86], [90, 15, 1235]]"
