Model,Accuracy,Precision,Recall,F1 Score,ROC AUC Score,Confusion Matrix
437,0.8940303779583186,0.8924966439531673,0.8940303779583186,0.8893939285774222,0.9428202814540558,"[[1234, 2, 103], [6, 62, 84], [92, 13, 1235]]"
