Model,Accuracy,Precision,Recall,F1 Score,ROC AUC Score,Confusion Matrix
440,0.8940303779583186,0.8923124176851348,0.8940303779583186,0.8894418112133787,0.9427169457144138,"[[1234, 1, 104], [6, 62, 84], [90, 15, 1235]]"
