Model,Accuracy,Precision,Recall,F1 Score,ROC AUC Score,Confusion Matrix
442,0.89579653832568,0.8940033900482736,0.89579653832568,0.8911795676628651,0.942735699475188,"[[1237, 1, 101], [6, 62, 84], [88, 15, 1237]]"
