Model,Accuracy,Precision,Recall,F1 Score,ROC AUC Score,Confusion Matrix
443,0.897209466619569,0.8957721347727345,0.897209466619569,0.8926956841420453,0.9432094195456818,"[[1237, 1, 101], [6, 63, 83], [86, 14, 1240]]"
