Model,Accuracy,Precision,Recall,F1 Score,ROC AUC Score,Confusion Matrix
444,0.8950900741787354,0.8933709715931406,0.8950900741787354,0.89062212140619,0.9436946596612863,"[[1236, 1, 102], [6, 63, 83], [90, 15, 1235]]"
