Model,Accuracy,Precision,Recall,F1 Score,ROC AUC Score,Confusion Matrix
445,0.8947368421052632,0.893172440107687,0.8947368421052632,0.8899578557535954,0.9435232248167206,"[[1235, 1, 103], [6, 61, 85], [89, 14, 1237]]"
