Model,Accuracy,Precision,Recall,F1 Score,ROC AUC Score,Confusion Matrix
446,0.89579653832568,0.8941799314662304,0.89579653832568,0.8908612929553953,0.9417580985837685,"[[1236, 1, 102], [6, 60, 86], [86, 14, 1240]]"
