Model,Accuracy,Precision,Recall,F1 Score,ROC AUC Score,Confusion Matrix
447,0.8936771458848464,0.8917458997555272,0.8936771458848464,0.8882846782226366,0.9425785511732246,"[[1236, 1, 102], [6, 57, 89], [89, 14, 1237]]"
