Model,Accuracy,Precision,Recall,F1 Score,ROC AUC Score,Confusion Matrix
449,0.8933239138113741,0.8916353267827647,0.8933239138113741,0.8884768026449325,0.941973573110627,"[[1231, 2, 106], [5, 60, 87], [88, 14, 1238]]"
