Model,Accuracy,Precision,Recall,F1 Score,ROC AUC Score,Confusion Matrix
450,0.8936771458848464,0.8920009890224554,0.8936771458848464,0.8884697514904888,0.9411225478822232,"[[1233, 1, 105], [6, 58, 88], [87, 14, 1239]]"
