Model,Accuracy,Precision,Recall,F1 Score,ROC AUC Score,Confusion Matrix
452,0.8922642175909573,0.8901522339279113,0.8922642175909573,0.8871611034548871,0.9418415658969801,"[[1231, 2, 106], [5, 58, 89], [88, 15, 1237]]"
