Model,Accuracy,Precision,Recall,F1 Score,ROC AUC Score,Confusion Matrix
454,0.8929706817379018,0.8906545049644365,0.8929706817379018,0.8880390320606928,0.9418865277451037,"[[1232, 3, 104], [5, 59, 88], [88, 15, 1237]]"
