Model,Accuracy,Precision,Recall,F1 Score,ROC AUC Score,Confusion Matrix
455,0.8919109855174849,0.8891771188090754,0.8919109855174849,0.8865015703617275,0.9415713590864122,"[[1233, 3, 103], [6, 56, 90], [89, 15, 1236]]"
