Model,Accuracy,Precision,Recall,F1 Score,ROC AUC Score,Confusion Matrix
456,0.8919109855174849,0.8894244868683158,0.8919109855174849,0.8869581201622722,0.9411039725657315,"[[1233, 3, 103], [6, 59, 87], [92, 15, 1233]]"
