Model,Accuracy,Precision,Recall,F1 Score,ROC AUC Score,Confusion Matrix
458,0.8904980572235959,0.887860274410167,0.8904980572235959,0.8845999107816691,0.9402650632152315,"[[1231, 2, 106], [5, 53, 94], [88, 15, 1237]]"
