Model,Accuracy,Precision,Recall,F1 Score,ROC AUC Score,Confusion Matrix
459,0.8947368421052632,0.8929367626378166,0.8947368421052632,0.8896423751560758,0.9427973324193074,"[[1237, 1, 101], [6, 59, 87], [89, 14, 1237]]"
