Model,Accuracy,Precision,Recall,F1 Score,ROC AUC Score,Confusion Matrix
45,0.8947368421052632,0.893366750923913,0.8947368421052632,0.8903251988988665,0.9436121634027496,"[[1230, 1, 108], [6, 63, 83], [85, 15, 1240]]"
