Model,Accuracy,Precision,Recall,F1 Score,ROC AUC Score,Confusion Matrix
460,0.8915577534440127,0.8892114073996047,0.8915577534440127,0.8864240954709315,0.9426265924074452,"[[1234, 2, 103], [5, 58, 89], [93, 15, 1232]]"
