Model,Accuracy,Precision,Recall,F1 Score,ROC AUC Score,Confusion Matrix
461,0.8961497703991522,0.8944505501674619,0.8961497703991522,0.8916716419398069,0.942692162125773,"[[1236, 2, 101], [6, 63, 83], [88, 14, 1238]]"
