Model,Accuracy,Precision,Recall,F1 Score,ROC AUC Score,Confusion Matrix
462,0.8968562345460968,0.8955272249979555,0.8968562345460968,0.8925016789128717,0.942680493580797,"[[1237, 1, 101], [4, 64, 84], [88, 14, 1238]]"
