Model,Accuracy,Precision,Recall,F1 Score,ROC AUC Score,Confusion Matrix
463,0.8968562345460968,0.8957325960703686,0.8968562345460968,0.8923268040049648,0.9426347525667133,"[[1236, 1, 102], [5, 63, 84], [87, 13, 1240]]"
