Model,Accuracy,Precision,Recall,F1 Score,ROC AUC Score,Confusion Matrix
465,0.8954433062522077,0.8936889202920811,0.8954433062522077,0.8908358996892941,0.9429473099499944,"[[1236, 1, 102], [6, 62, 84], [88, 15, 1237]]"
