Model,Accuracy,Precision,Recall,F1 Score,ROC AUC Score,Confusion Matrix
466,0.89579653832568,0.8935163795212474,0.89579653832568,0.891237256760076,0.9429875595246128,"[[1237, 3, 99], [6, 62, 84], [88, 15, 1237]]"
