Model,Accuracy,Precision,Recall,F1 Score,ROC AUC Score,Confusion Matrix
467,0.8954433062522077,0.8937970078351075,0.8954433062522077,0.8911122765960873,0.9425882360533326,"[[1236, 1, 102], [6, 64, 82], [90, 15, 1235]]"
