Model,Accuracy,Precision,Recall,F1 Score,ROC AUC Score,Confusion Matrix
468,0.89579653832568,0.8939132104804175,0.89579653832568,0.8913668564894094,0.9431668031398762,"[[1236, 2, 101], [5, 63, 84], [88, 15, 1237]]"
