Model,Accuracy,Precision,Recall,F1 Score,ROC AUC Score,Confusion Matrix
46,0.8975626986930413,0.89614970110994,0.8975626986930413,0.8933758448523902,0.9443451220715336,"[[1235, 1, 103], [6, 65, 81], [84, 15, 1241]]"
