Model,Accuracy,Precision,Recall,F1 Score,ROC AUC Score,Confusion Matrix
472,0.8950900741787354,0.8934548061121224,0.8950900741787354,0.8905001160375067,0.9425524811968615,"[[1233, 2, 104], [6, 62, 84], [87, 14, 1239]]"
