Model,Accuracy,Precision,Recall,F1 Score,ROC AUC Score,Confusion Matrix
473,0.8950900741787354,0.8931875354026819,0.8950900741787354,0.8910933591852698,0.9436000756359314,"[[1234, 3, 102], [6, 66, 80], [91, 15, 1234]]"
