Model,Accuracy,Precision,Recall,F1 Score,ROC AUC Score,Confusion Matrix
474,0.8947368421052632,0.8925782572026929,0.8947368421052632,0.8903339276797728,0.942648575276403,"[[1235, 3, 101], [6, 63, 83], [90, 15, 1235]]"
