Model,Accuracy,Precision,Recall,F1 Score,ROC AUC Score,Confusion Matrix
475,0.8961497703991522,0.8946027029139774,0.8961497703991522,0.8918285129782252,0.9433111890089664,"[[1235, 1, 103], [6, 64, 82], [87, 15, 1238]]"
