Model,Accuracy,Precision,Recall,F1 Score,ROC AUC Score,Confusion Matrix
476,0.8965030024726245,0.8948308940245029,0.8965030024726245,0.892352104719486,0.9428582937529247,"[[1235, 1, 103], [6, 65, 81], [86, 16, 1238]]"
