Model,Accuracy,Precision,Recall,F1 Score,ROC AUC Score,Confusion Matrix
477,0.8968562345460968,0.8954728635097698,0.8968562345460968,0.8926162447423979,0.9429801360591211,"[[1238, 1, 100], [5, 65, 82], [90, 14, 1236]]"
