Model,Accuracy,Precision,Recall,F1 Score,ROC AUC Score,Confusion Matrix
478,0.8950900741787354,0.8932749554525007,0.8950900741787354,0.8904720195148613,0.9428751420709824,"[[1236, 2, 101], [6, 62, 84], [90, 14, 1236]]"
