Model,Accuracy,Precision,Recall,F1 Score,ROC AUC Score,Confusion Matrix
479,0.8947368421052632,0.8925220280756173,0.8947368421052632,0.8903244794186695,0.9423169457437469,"[[1236, 3, 100], [6, 63, 83], [91, 15, 1234]]"
