Model,Accuracy,Precision,Recall,F1 Score,ROC AUC Score,Confusion Matrix
47,0.8950900741787354,0.8937850075150635,0.8950900741787354,0.8904826598593101,0.9421560433896318,"[[1232, 1, 106], [6, 62, 84], [86, 14, 1240]]"
