Model,Accuracy,Precision,Recall,F1 Score,ROC AUC Score,Confusion Matrix
480,0.8947368421052632,0.8927313785492871,0.8947368421052632,0.8901677875290589,0.9431117830230944,"[[1236, 1, 102], [6, 62, 84], [89, 16, 1235]]"
