Model,Accuracy,Precision,Recall,F1 Score,ROC AUC Score,Confusion Matrix
481,0.8975626986930413,0.8958005497390135,0.8975626986930413,0.89325909865136,0.9434491050505892,"[[1236, 2, 101], [6, 64, 82], [84, 15, 1241]]"
