Model,Accuracy,Precision,Recall,F1 Score,ROC AUC Score,Confusion Matrix
484,0.8943836100317909,0.892406476059551,0.8943836100317909,0.8894772267247718,0.942498011079581,"[[1236, 2, 101], [6, 60, 86], [90, 14, 1236]]"
