Model,Accuracy,Precision,Recall,F1 Score,ROC AUC Score,Confusion Matrix
485,0.8954433062522077,0.8932555351814376,0.8954433062522077,0.8907714473811319,0.9419601800116592,"[[1234, 3, 102], [6, 61, 85], [85, 15, 1240]]"
