Model,Accuracy,Precision,Recall,F1 Score,ROC AUC Score,Confusion Matrix
486,0.8950900741787354,0.8933318312987721,0.8950900741787354,0.8906118296883733,0.9422384834259973,"[[1236, 2, 101], [6, 63, 83], [91, 14, 1235]]"
