Model,Accuracy,Precision,Recall,F1 Score,ROC AUC Score,Confusion Matrix
487,0.8933239138113741,0.8909851501169441,0.8933239138113741,0.8880248249914741,0.940992526777887,"[[1233, 3, 103], [6, 57, 89], [87, 14, 1239]]"
