Model,Accuracy,Precision,Recall,F1 Score,ROC AUC Score,Confusion Matrix
488,0.89579653832568,0.8938120622567687,0.89579653832568,0.8912174038305786,0.9433478293646346,"[[1236, 2, 101], [6, 62, 84], [87, 15, 1238]]"
