Model,Accuracy,Precision,Recall,F1 Score,ROC AUC Score,Confusion Matrix
489,0.8915577534440127,0.8892687513314834,0.8915577534440127,0.8861438282872172,0.9412536922077636,"[[1230, 3, 106], [5, 56, 91], [88, 14, 1238]]"
