Model,Accuracy,Precision,Recall,F1 Score,ROC AUC Score,Confusion Matrix
490,0.897209466619569,0.8955651928393439,0.897209466619569,0.892859239658068,0.9436099805158399,"[[1237, 2, 100], [6, 64, 82], [87, 14, 1239]]"
