Model,Accuracy,Precision,Recall,F1 Score,ROC AUC Score,Confusion Matrix
491,0.8929706817379018,0.8906852974918948,0.8929706817379018,0.887825117813152,0.9408317735347476,"[[1233, 3, 103], [6, 58, 88], [89, 14, 1237]]"
