Model,Accuracy,Precision,Recall,F1 Score,ROC AUC Score,Confusion Matrix
492,0.8908512892970681,0.888827896908079,0.8908512892970681,0.8855500377894261,0.9406261598878372,"[[1230, 2, 107], [6, 57, 89], [91, 14, 1235]]"
