Model,Accuracy,Precision,Recall,F1 Score,ROC AUC Score,Confusion Matrix
493,0.8915577534440127,0.8892232860053785,0.8915577534440127,0.886494322289284,0.9414102018991949,"[[1229, 3, 107], [6, 58, 88], [88, 15, 1237]]"
