Model,Accuracy,Precision,Recall,F1 Score,ROC AUC Score,Confusion Matrix
495,0.8919109855174849,0.8901318189516837,0.8919109855174849,0.887063870924953,0.9417333761061834,"[[1231, 2, 106], [5, 60, 87], [92, 14, 1234]]"
