Model,Accuracy,Precision,Recall,F1 Score,ROC AUC Score,Confusion Matrix
498,0.8912045213705404,0.888956680920832,0.8912045213705404,0.8854245097180983,0.9413173082056406,"[[1231, 2, 106], [5, 54, 93], [88, 14, 1238]]"
