Model,Accuracy,Precision,Recall,F1 Score,ROC AUC Score,Confusion Matrix
499,0.8915577534440127,0.8892989192713067,0.8915577534440127,0.8862881300885945,0.9403287977685566,"[[1230, 3, 106], [6, 57, 89], [89, 14, 1237]]"
