Model,Accuracy,Precision,Recall,F1 Score,ROC AUC Score,Confusion Matrix
55,0.8922642175909573,0.8905430416408713,0.8922642175909573,0.8870685439929542,0.9422412487012678,"[[1233, 1, 105], [5, 58, 89], [91, 14, 1235]]"
