Model,Accuracy,Precision,Recall,F1 Score,ROC AUC Score,Confusion Matrix
57,0.8940303779583186,0.8923774351309606,0.8940303779583186,0.8888228346873878,0.941450614029221,"[[1233, 1, 105], [6, 58, 88], [86, 14, 1240]]"
