Model,Accuracy,Precision,Recall,F1 Score,ROC AUC Score,Confusion Matrix
59,0.8922642175909573,0.8906070158749121,0.8922642175909573,0.8870785694855606,0.941634222196083,"[[1232, 1, 106], [5, 58, 89], [90, 14, 1236]]"
