Model,Accuracy,Precision,Recall,F1 Score,ROC AUC Score,Confusion Matrix
5,0.89579653832568,0.8943839396626363,0.89579653832568,0.8914299743940991,0.9409828626755378,"[[1236, 1, 102], [6, 64, 82], [90, 14, 1236]]"
