Model,Accuracy,Precision,Recall,F1 Score,ROC AUC Score,Confusion Matrix
61,0.8933239138113741,0.8916814952482635,0.8933239138113741,0.8884083925226629,0.942739074027684,"[[1234, 1, 104], [6, 60, 86], [91, 14, 1235]]"
