Model,Accuracy,Precision,Recall,F1 Score,ROC AUC Score,Confusion Matrix
62,0.8943836100317909,0.8926237269457254,0.8943836100317909,0.8891564341355099,0.9418363580128132,"[[1235, 1, 103], [6, 58, 88], [87, 14, 1239]]"
