Model,Accuracy,Precision,Recall,F1 Score,ROC AUC Score,Confusion Matrix
64,0.8919109855174849,0.8899194070360367,0.8919109855174849,0.8862291375872219,0.9418143824771822,"[[1233, 1, 105], [6, 55, 91], [89, 14, 1237]]"
