Model,Accuracy,Precision,Recall,F1 Score,ROC AUC Score,Confusion Matrix
65,0.8919109855174849,0.8899370863442208,0.8919109855174849,0.8866112456491791,0.941630254255236,"[[1231, 1, 107], [6, 57, 89], [88, 15, 1237]]"
