Model,Accuracy,Precision,Recall,F1 Score,ROC AUC Score,Confusion Matrix
68,0.8915577534440127,0.8894134657692542,0.8915577534440127,0.8862390433942114,0.941884435913667,"[[1234, 1, 104], [5, 57, 90], [92, 15, 1233]]"
