Model,Accuracy,Precision,Recall,F1 Score,ROC AUC Score,Confusion Matrix
69,0.8940303779583186,0.8920271258074967,0.8940303779583186,0.8889852009975738,0.9421275301932616,"[[1235, 2, 102], [6, 59, 87], [89, 14, 1237]]"
