Model,Accuracy,Precision,Recall,F1 Score,ROC AUC Score,Confusion Matrix
6,0.8936771458848464,0.8921967755202391,0.8936771458848464,0.8883558881215396,0.9418527834423652,"[[1230, 1, 108], [5, 57, 90], [83, 14, 1243]]"
