Model,Accuracy,Precision,Recall,F1 Score,ROC AUC Score,Confusion Matrix
70,0.8929706817379018,0.8913729995418705,0.8929706817379018,0.8879254265153379,0.9419887518746428,"[[1232, 1, 106], [6, 59, 87], [89, 14, 1237]]"
