Model,Accuracy,Precision,Recall,F1 Score,ROC AUC Score,Confusion Matrix
71,0.8922642175909573,0.8904995724949477,0.8922642175909573,0.8870572856390817,0.9419739287769712,"[[1233, 1, 105], [6, 58, 88], [91, 14, 1235]]"
