Model,Accuracy,Precision,Recall,F1 Score,ROC AUC Score,Confusion Matrix
73,0.8929706817379018,0.8910076451269974,0.8929706817379018,0.8879462789238388,0.9417636682453852,"[[1234, 1, 104], [6, 59, 87], [90, 15, 1235]]"
