Model,Accuracy,Precision,Recall,F1 Score,ROC AUC Score,Confusion Matrix
74,0.8926174496644296,0.8906334494892173,0.8926174496644296,0.8875929684188234,0.9417069840745566,"[[1234, 1, 104], [6, 59, 87], [91, 15, 1234]]"
