Model,Accuracy,Precision,Recall,F1 Score,ROC AUC Score,Confusion Matrix
75,0.8922642175909573,0.8899598323006931,0.8922642175909573,0.8871309785991827,0.9419239503222849,"[[1234, 1, 104], [6, 58, 88], [90, 16, 1234]]"
