Model,Accuracy,Precision,Recall,F1 Score,ROC AUC Score,Confusion Matrix
79,0.8961497703991522,0.8946998562895991,0.8961497703991522,0.8917738322535851,0.9423026989233309,"[[1237, 1, 101], [6, 64, 82], [90, 14, 1236]]"
