Model,Accuracy,Precision,Recall,F1 Score,ROC AUC Score,Confusion Matrix
7,0.8940303779583186,0.8927357504181371,0.8940303779583186,0.8898264234450699,0.9417550118643447,"[[1233, 1, 105], [6, 65, 81], [93, 14, 1233]]"
