Model,Accuracy,Precision,Recall,F1 Score,ROC AUC Score,Confusion Matrix
81,0.89579653832568,0.8943987828622764,0.89579653832568,0.8917481337969854,0.9419699058361742,"[[1233, 2, 104], [6, 66, 80], [89, 14, 1237]]"
