Model,Accuracy,Precision,Recall,F1 Score,ROC AUC Score,Confusion Matrix
82,0.8950900741787354,0.8938125191778072,0.8950900741787354,0.8907514145382399,0.9429613071317483,"[[1233, 1, 105], [6, 64, 82], [89, 14, 1237]]"
