Model,Accuracy,Precision,Recall,F1 Score,ROC AUC Score,Confusion Matrix
85,0.8919109855174849,0.8901253040591321,0.8919109855174849,0.8867041344791597,0.9420578917008449,"[[1233, 1, 105], [6, 58, 88], [92, 14, 1234]]"
