Model,Accuracy,Precision,Recall,F1 Score,ROC AUC Score,Confusion Matrix
88,0.8915577534440127,0.8894763124055421,0.8915577534440127,0.8862494095726933,0.9421627136613618,"[[1233, 1, 105], [5, 57, 90], [91, 15, 1234]]"
