Model,Accuracy,Precision,Recall,F1 Score,ROC AUC Score,Confusion Matrix
89,0.8929706817379018,0.8913137554966648,0.8929706817379018,0.887773287691269,0.9424103246590834,"[[1232, 1, 106], [6, 58, 88], [88, 14, 1238]]"
