Model,Accuracy,Precision,Recall,F1 Score,ROC AUC Score,Confusion Matrix
92,0.8915577534440127,0.8896162699537074,0.8915577534440127,0.8860375098426058,0.9416632719475224,"[[1233, 1, 105], [6, 56, 90], [91, 14, 1235]]"
