Model,Accuracy,Precision,Recall,F1 Score,ROC AUC Score,Confusion Matrix
94,0.8922642175909573,0.890480659240484,0.8922642175909573,0.8870584249258859,0.9422417125341807,"[[1234, 1, 104], [5, 58, 89], [92, 14, 1234]]"
