Model,Accuracy,Precision,Recall,F1 Score,ROC AUC Score,Confusion Matrix
95,0.8897915930766513,0.8871145061412661,0.8897915930766513,0.8841884591239458,0.9407865629646274,"[[1233, 2, 104], [6, 55, 91], [94, 15, 1231]]"
