Model,Accuracy,Precision,Recall,F1 Score,ROC AUC Score,Confusion Matrix
96,0.8915577534440127,0.8896089789427473,0.8915577534440127,0.8858861230742696,0.9415144836379793,"[[1232, 1, 106], [6, 55, 91], [89, 14, 1237]]"
