Model,Accuracy,Precision,Recall,F1 Score,ROC AUC Score,Confusion Matrix
97,0.8908512892970681,0.888653186527651,0.8908512892970681,0.8849949399254888,0.9408935244232045,"[[1234, 1, 104], [6, 54, 92], [92, 14, 1234]]"
