Model,Accuracy,Precision,Recall,F1 Score,ROC AUC Score,Confusion Matrix
98,0.8922642175909573,0.8902301947065155,0.8922642175909573,0.886572118921504,0.941760439137202,"[[1234, 1, 104], [6, 55, 91], [89, 14, 1237]]"
