Model,Accuracy,Precision,Recall,F1 Score,ROC AUC Score,Confusion Matrix
full_set,0.8933239138113741,0.8916223182288399,0.8933239138113741,0.8883986219500607,0.9420575005900883,"[[1235, 1, 103], [6, 60, 86], [92, 14, 1234]]"
