Model,Accuracy,Precision,Recall,F1 Score,ROC AUC Score,Overall MCC
156,0.8777817025785941,0.8908420339856749,0.8777817025785941,0.8823805740425832,0.9414933893237715,0.7838809301800536
