Model,Accuracy,Precision,Recall,F1 Score,ROC AUC Score,Overall MCC
445,0.8876722006358178,0.8935007033234915,0.8876722006358178,0.8898783283144087,0.9490526435811587,0.7984597596655435
