Model,Accuracy,Precision,Recall,F1 Score,ROC AUC Score,Overall MCC
10,0.6658424584952314,0.7263963807804675,0.6658424584952314,0.6789307029300361,0.8608892867381579,0.4579721081292002
