Model,Accuracy,Precision,Recall,F1 Score,ROC AUC Score,Overall MCC
274,0.885552808194984,0.892558708596925,0.885552808194984,0.888136236871509,0.9492385678570319,0.795226300256892
