Model,Accuracy,Precision,Recall,F1 Score,ROC AUC Score,Overall MCC
412,0.8897915930766513,0.8942749326869729,0.8897915930766513,0.8915311349972497,0.9515437758780876,0.8016850269122211
