Model,Accuracy,Precision,Recall,F1 Score,ROC AUC Score,Overall MCC
354,0.8876722006358178,0.8939817886748809,0.8876722006358178,0.889940468203467,0.9504823746182026,0.7988780736392279
