Model,Accuracy,Precision,Recall,F1 Score,ROC AUC Score,Overall MCC
345,0.8862592723419287,0.8939755861206048,0.8862592723419287,0.8889939214544824,0.9493729901796,0.7969376501579355
