Model,Accuracy,Precision,Recall,F1 Score,ROC AUC Score,Overall MCC
483,0.8887318968562345,0.894032021798532,0.8887318968562345,0.8907842649067453,0.9478093800972732,0.8000893604321166
