Model,Accuracy,Precision,Recall,F1 Score,ROC AUC Score,Overall MCC
431,0.8887318968562345,0.893608157595191,0.8887318968562345,0.8906139087775945,0.9499376062232371,0.799955632079006
