Model,Accuracy,Precision,Recall,F1 Score,ROC AUC Score,Overall MCC
251,0.8823737195337337,0.8912332698956431,0.8823737195337337,0.8855652386550847,0.9507240835101642,0.7903340843156546
