Model,Accuracy,Precision,Recall,F1 Score,ROC AUC Score,Overall MCC
104,0.8742493818438715,0.8865427509700609,0.8742493818438715,0.8787262519799527,0.9418083275937831,0.7770749992766857
