Model,Accuracy,Precision,Recall,F1 Score,ROC AUC Score,Overall MCC
327,0.8890851289297068,0.8954177920398614,0.8890851289297068,0.8913625988501247,0.9500412909070074,0.8014184511536421
