Model,Accuracy,Precision,Recall,F1 Score,ROC AUC Score,Overall MCC
3,0.596255740021194,0.720940316982882,0.596255740021194,0.635409211897755,0.8185862902039859,0.38697828555316116
