Model,Accuracy,Precision,Recall,F1 Score,ROC AUC Score,Overall MCC
219,0.8859060402684564,0.8939135288118762,0.8859060402684564,0.8887607094428811,0.9467896522996041,0.7963856769939942
