Model,Accuracy,Precision,Recall,F1 Score,ROC AUC Score,Overall MCC
101,0.8735429176969269,0.8866879369608567,0.8735429176969269,0.878318644785316,0.9394921153049266,0.7761596619340068
