Model,Accuracy,Precision,Recall,F1 Score,ROC AUC Score,Overall MCC
317,0.8894383610031791,0.8962864102223927,0.8894383610031791,0.8918783586755615,0.9494031405411526,0.8022818635739591
