Model,Accuracy,Precision,Recall,F1 Score,ROC AUC Score,Overall MCC
401,0.8876722006358178,0.892961714234189,0.8876722006358178,0.8896615326295609,0.9502782331366241,0.7983207534935741
