Model,Accuracy,Precision,Recall,F1 Score,ROC AUC Score,Overall MCC
189,0.8823737195337337,0.8939293778722599,0.8823737195337337,0.8864310344259461,0.9424171165418144,0.7914909564123714
