Model,Accuracy,Precision,Recall,F1 Score,ROC AUC Score,Overall MCC
94,0.8700105969622042,0.8836679690019119,0.8700105969622042,0.8750193982026294,0.9400737697220043,0.770005563078271
