Model,Accuracy,Precision,Recall,F1 Score,ROC AUC Score,Overall MCC
315,0.8883786647827623,0.895494735368133,0.8883786647827623,0.8909341584088577,0.9490870002166755,0.8004489757331836
