Model,Accuracy,Precision,Recall,F1 Score,ROC AUC Score,Overall MCC
316,0.8890851289297068,0.8961194164670873,0.8890851289297068,0.8915952380789001,0.9490532491917207,0.80171169349116
