Model,Accuracy,Precision,Recall,F1 Score,ROC AUC Score,Overall MCC
280,0.8844931119745673,0.8925038221931615,0.8844931119745673,0.8874003477037112,0.9497795351443324,0.7937723107417819
