Model,Accuracy,Precision,Recall,F1 Score,ROC AUC Score,Overall MCC
452,0.8883786647827623,0.8935475643866501,0.8883786647827623,0.8903495910236074,0.9503043733907015,0.7994618897615514
