Model,Accuracy,Precision,Recall,F1 Score,ROC AUC Score,Overall MCC
157,0.8809607912398446,0.8926673020152018,0.8809607912398446,0.8850543804480924,0.9419309017048714,0.789061944016974
