Model,Accuracy,Precision,Recall,F1 Score,ROC AUC Score,Overall MCC
141,0.8770752384316496,0.8887603972622795,0.8770752384316496,0.8811480710103105,0.9447909718339632,0.7821642828430972
