Model,Accuracy,Precision,Recall,F1 Score,ROC AUC Score,Overall MCC
344,0.8873189685623455,0.8944931045882103,0.8873189685623455,0.8898662689040191,0.9495358584763771,0.7986221929365446
