Model,Accuracy,Precision,Recall,F1 Score,ROC AUC Score,Overall MCC
365,0.8883786647827623,0.8945104935889399,0.8883786647827623,0.8905816488400844,0.9512680666280641,0.8000816536133852
