Model,Accuracy,Precision,Recall,F1 Score,ROC AUC Score,Overall MCC
309,0.8894383610031791,0.8960261384268249,0.8894383610031791,0.8918136110977142,0.9506641170645338,0.8021366413805122
