Model,Accuracy,Precision,Recall,F1 Score,ROC AUC Score,Overall MCC
51,0.8297421405863652,0.8644462239095724,0.8297421405863652,0.8437292490474289,0.9035339392958951,0.7062158679533047
