Model,Accuracy,Precision,Recall,F1 Score,ROC AUC Score,Overall MCC
131,0.8728364535499823,0.8874410986498794,0.8728364535499823,0.8779708503815412,0.9432720987110751,0.7757141760419608
