Model,Accuracy,Precision,Recall,F1 Score,ROC AUC Score,Overall MCC
53,0.8276227481455316,0.8622571120639754,0.8276227481455316,0.8416617149280852,0.9054454601183384,0.7023831431604236
