Model,Accuracy,Precision,Recall,F1 Score,ROC AUC Score,Overall MCC
363,0.8873189685623455,0.8943220228428141,0.8873189685623455,0.8898166128006001,0.9507943685575503,0.798539028029078
