Model,Accuracy,Precision,Recall,F1 Score,ROC AUC Score,Overall MCC
253,0.8809607912398446,0.8902608854292604,0.8809607912398446,0.8843063679378153,0.9509341655974676,0.7879844047973468
