Model,Accuracy,Precision,Recall,F1 Score,ROC AUC Score,Overall MCC
460,0.8894383610031791,0.8947434169426294,0.8894383610031791,0.8914605746608067,0.9503102284409485,0.8014269496506786
