Model,Accuracy,Precision,Recall,F1 Score,ROC AUC Score,Overall MCC
473,0.8890851289297068,0.8948797248456467,0.8890851289297068,0.8912811382714535,0.9492687548852178,0.8009916170611272
