Model,Accuracy,Precision,Recall,F1 Score,ROC AUC Score,Overall MCC
72,0.8558813140233134,0.8709504869190847,0.8558813140233134,0.861957718997669,0.9233170889147283,0.7445473200228765
