Model,Accuracy,Precision,Recall,F1 Score,ROC AUC Score,Overall MCC
375,0.88802543270929,0.8944248630986606,0.88802543270929,0.8903407701098046,0.950924317550841,0.7995191688881965
