Model,Accuracy,Precision,Recall,F1 Score,ROC AUC Score,Overall MCC
55,0.8304486047333098,0.8629542769721246,0.8304486047333098,0.843487134315784,0.907681313202276,0.7066536635202149
