Model,Accuracy,Precision,Recall,F1 Score,ROC AUC Score,Overall MCC
405,0.8876722006358178,0.8925588729003099,0.8876722006358178,0.8895555928772186,0.9511446956288093,0.7980523477972117
