Model,Accuracy,Precision,Recall,F1 Score,ROC AUC Score,Overall MCC
25,0.697986577181208,0.7466501125570197,0.697986577181208,0.7092296060469754,0.867829880778686,0.49932936320799237
