Model,Accuracy,Precision,Recall,F1 Score,ROC AUC Score,Overall MCC
255,0.8837866478276227,0.8917706500220304,0.8837866478276227,0.8866772792690465,0.9506772877192592,0.7925111098176538
