Model,Accuracy,Precision,Recall,F1 Score,ROC AUC Score,Overall MCC
134,0.8746026139173437,0.8876983212278775,0.8746026139173437,0.8792170330901222,0.9449925112067898,0.7782412940730602
