Model,Accuracy,Precision,Recall,F1 Score,ROC AUC Score,Overall MCC
167,0.8781349346520664,0.8913082987121766,0.8781349346520664,0.8826309929429352,0.9428441288213231,0.784765780868053
