Model,Accuracy,Precision,Recall,F1 Score,ROC AUC Score,Overall MCC
339,0.885552808194984,0.8936170387266331,0.885552808194984,0.8883964701650325,0.9499419921637049,0.795829402736826
