Model,Accuracy,Precision,Recall,F1 Score,ROC AUC Score,Overall MCC
334,0.8873189685623455,0.8941454144320201,0.8873189685623455,0.8897575244242758,0.950186319053293,0.7984654781673123
