Model,Accuracy,Precision,Recall,F1 Score,ROC AUC Score,Overall MCC
9,0.6647827622748146,0.7312227130255587,0.6647827622748146,0.6805516359339835,0.8598181174871291,0.46002466956491894
