Model,Accuracy,Precision,Recall,F1 Score,ROC AUC Score,Overall MCC
180,0.8820204874602614,0.8932162669104122,0.8820204874602614,0.885919817266482,0.9419211068248631,0.790777087137775
