Model,Accuracy,Precision,Recall,F1 Score,ROC AUC Score,Overall MCC
73,0.8555280819498411,0.8749551980910951,0.8555280819498411,0.8627642871303509,0.9303235747288477,0.7464677652929996
