Model,Accuracy,Precision,Recall,F1 Score,ROC AUC Score,Overall MCC
305,0.8887318968562345,0.8959355693695848,0.8887318968562345,0.8912901598881786,0.9506249454889383,0.8011614808472005
