Model,Accuracy,Precision,Recall,F1 Score,ROC AUC Score,Overall MCC
127,0.8756623101377605,0.8887825039263151,0.8756623101377605,0.8802690709034009,0.9443085843824391,0.7801557007774478
