Model,Accuracy,Precision,Recall,F1 Score,ROC AUC Score,Overall MCC
58,0.8262098198516425,0.8571065725241611,0.8262098198516425,0.8393224139732623,0.8977986129403687,0.6973574024338387
