Model,Accuracy,Precision,Recall,F1 Score,ROC AUC Score,Overall MCC
211,0.8802543270929001,0.8908606842665092,0.8802543270929001,0.884037247505329,0.9463682341261345,0.7872634150607819
