Model,Accuracy,Precision,Recall,F1 Score,ROC AUC Score,Overall MCC
84,0.8693041328152596,0.8848275542469438,0.8693041328152596,0.8749179330714489,0.9389396120836406,0.7695852304100814
