Model,Accuracy,Precision,Recall,F1 Score,ROC AUC Score,Overall MCC
348,0.8876722006358178,0.8944990846136326,0.8876722006358178,0.8901081484615032,0.9502480448862171,0.7991034095517187
