Model,Accuracy,Precision,Recall,F1 Score,ROC AUC Score,Overall MCC
205,0.8795478629459554,0.8907452011113333,0.8795478629459554,0.8835206710972131,0.9450496989327174,0.7862607880381617
