Model,Accuracy,Precision,Recall,F1 Score,ROC AUC Score,Overall MCC
266,0.8820204874602614,0.8900510324566514,0.8820204874602614,0.8849314077704118,0.9502330977331025,0.7893625858321937
