Model,Accuracy,Precision,Recall,F1 Score,ROC AUC Score,Overall MCC
62,0.8318615330271989,0.8587532506273118,0.8318615330271989,0.8431953135894338,0.9067126919693814,0.7058581269217419
