Model,Accuracy,Precision,Recall,F1 Score,ROC AUC Score,Overall MCC
420,0.88802543270929,0.8929199246151034,0.88802543270929,0.8899126919684827,0.9515683761335612,0.798688523263833
