Model,Accuracy,Precision,Recall,F1 Score,ROC AUC Score,Overall MCC
296,0.8862592723419287,0.8933937659954241,0.8862592723419287,0.8887796344661574,0.9499109709696086,0.7967322412759397
