Model,Accuracy,Precision,Recall,F1 Score,ROC AUC Score,Overall MCC
147,0.8774284705051218,0.8882012243371762,0.8774284705051218,0.8812220467472627,0.9442198566295522,0.782372943509732
