Model,Accuracy,Precision,Recall,F1 Score,ROC AUC Score,Overall MCC
77,0.8551748498763688,0.8778014314653846,0.8551748498763688,0.8632141765028155,0.9351426251373532,0.7477067479446255
