Model,Accuracy,Precision,Recall,F1 Score,ROC AUC Score,Overall MCC
91,0.8678912045213706,0.8844884272857094,0.8678912045213706,0.8738147175025976,0.9396522837152629,0.7676178668724477
