Model,Accuracy,Precision,Recall,F1 Score,ROC AUC Score,Overall MCC
264,0.8848463440480395,0.8923832938279266,0.8848463440480395,0.8876065156066968,0.9494357555115815,0.7941874866434975
