Model,Accuracy,Precision,Recall,F1 Score,ROC AUC Score,Overall MCC
409,0.8873189685623455,0.8926644701976555,0.8873189685623455,0.889350464176735,0.9509657105133114,0.797627601788726
