Model,Accuracy,Precision,Recall,F1 Score,ROC AUC Score,Overall MCC
425,0.8883786647827623,0.8935003726047593,0.8883786647827623,0.890332291494551,0.9503289779239488,0.7994535073606018
