Model,Accuracy,Precision,Recall,F1 Score,ROC AUC Score,Overall MCC
311,0.88802543270929,0.8946089235645105,0.88802543270929,0.8904070294108135,0.9502732263078304,0.7995877375636278
