Model,Accuracy,Precision,Recall,F1 Score,ROC AUC Score,Overall MCC
159,0.8788413987990109,0.8919311437597423,0.8788413987990109,0.8834491380170958,0.9415791947459745,0.7857762207938305
