Model,Accuracy,Precision,Recall,F1 Score,ROC AUC Score,Overall MCC
352,0.8890851289297068,0.8954075381782168,0.8890851289297068,0.8913550938038836,0.9509311901001655,0.8014220407180568
