Model,Accuracy,Precision,Recall,F1 Score,ROC AUC Score,Overall MCC
122,0.8735429176969269,0.8861480262603304,0.8735429176969269,0.8779762421744726,0.9435579346741392,0.7761831429272416
