Model,Accuracy,Precision,Recall,F1 Score,ROC AUC Score,Overall MCC
100,0.8731896856234546,0.8870180189506198,0.8731896856234546,0.878222013610928,0.9394995696315013,0.7757759596984652
