Model,Accuracy,Precision,Recall,F1 Score,ROC AUC Score,Overall MCC
160,0.8781349346520664,0.89145825717399,0.8781349346520664,0.8827207377050615,0.9427756269945426,0.784765780868053
