Model,Accuracy,Precision,Recall,F1 Score,ROC AUC Score,Overall MCC
367,0.88802543270929,0.8946608906901541,0.88802543270929,0.890388719915447,0.9511635233339611,0.7996731085293631
