Model,Accuracy,Precision,Recall,F1 Score,ROC AUC Score,Overall MCC
98,0.8707170611091487,0.8841951237369253,0.8707170611091487,0.8755876293424915,0.939137495793115,0.7713113473603597
