Model,Accuracy,Precision,Recall,F1 Score,ROC AUC Score,Overall MCC
228,0.8848463440480395,0.8939174665232831,0.8848463440480395,0.8880567490167997,0.9475562263267991,0.7949222616236238
