Model,Accuracy,Precision,Recall,F1 Score,ROC AUC Score,Overall MCC
86,0.8664782762274814,0.8828503483878128,0.8664782762274814,0.8723953081495084,0.938276006518643,0.7649183162018991
