Model,Accuracy,Precision,Recall,F1 Score,ROC AUC Score,Overall MCC
435,0.885552808194984,0.8916813527275858,0.885552808194984,0.8878611088112692,0.9494332530138506,0.7947855716047959
