Model,Accuracy,Precision,Recall,F1 Score,ROC AUC Score,Overall MCC
278,0.8820204874602614,0.890535446048632,0.8820204874602614,0.8850818484909789,0.9501221848336635,0.7895859772637223
