Model,Accuracy,Precision,Recall,F1 Score,ROC AUC Score,Overall MCC
35,0.7937124690921936,0.8474789801946486,0.7937124690921936,0.8089020829444593,0.9036400158663854,0.6597500177329604
