Model,Accuracy,Precision,Recall,F1 Score,ROC AUC Score,Overall MCC
492,0.8904980572235959,0.8959767799354285,0.8904980572235959,0.8926184799512153,0.9481047878849923,0.8033321151391145
