Model,Accuracy,Precision,Recall,F1 Score,ROC AUC Score,Overall MCC
331,0.8869657364888732,0.8945058866445686,0.8869657364888732,0.8896392462789533,0.950664519786391,0.7981334300281103
