Model,Accuracy,Precision,Recall,F1 Score,ROC AUC Score,Overall MCC
330,0.886612504415401,0.8937844022518084,0.886612504415401,0.8891651064758623,0.9502424703357158,0.7973458959890501
