Model,Accuracy,Precision,Recall,F1 Score,ROC AUC Score,Overall MCC
136,0.8760155422112328,0.8887770156342204,0.8760155422112328,0.880471019901055,0.9444400886520974,0.7806869727794205
