Model,Accuracy,Precision,Recall,F1 Score,ROC AUC Score,Overall MCC
441,0.8883786647827623,0.8939915137680547,0.8883786647827623,0.8905078841800672,0.948988105417451,0.7996537060234671
