Model,Accuracy,Precision,Recall,F1 Score,ROC AUC Score,Overall MCC
173,0.8802543270929001,0.8922363963610792,0.8802543270929001,0.8844031639392198,0.9420249821751273,0.7879724406787789
