Model,Accuracy,Precision,Recall,F1 Score,ROC AUC Score,Overall MCC
439,0.8844931119745673,0.8906775072443179,0.8844931119745673,0.8868372667415012,0.949273278325561,0.7928784336107068
