Model,Accuracy,Precision,Recall,F1 Score,ROC AUC Score,Overall MCC
297,0.88802543270929,0.8952439709207933,0.88802543270929,0.8906064618220582,0.9498952697060666,0.799872131164348
