Model,Accuracy,Precision,Recall,F1 Score,ROC AUC Score,Overall MCC
323,0.886612504415401,0.8942303374693111,0.886612504415401,0.8893217637472122,0.9494986815656398,0.7975166894965915
