Model,Accuracy,Precision,Recall,F1 Score,ROC AUC Score,Overall MCC
13,0.6799717414341222,0.7410287230702491,0.6799717414341222,0.693943122511423,0.8639252668744248,0.47990502437772126
