Model,Accuracy,Precision,Recall,F1 Score,ROC AUC Score,Overall MCC
12,0.6803249735075945,0.7410352244910668,0.6803249735075945,0.6936152381134372,0.8617989089134337,0.48097036653015435
