Model,Accuracy,Precision,Recall,F1 Score,ROC AUC Score,Overall MCC
391,0.8883786647827623,0.8939337242597046,0.8883786647827623,0.8904104227281717,0.9505831828045809,0.7997953928353874
