Model,Accuracy,Precision,Recall,F1 Score,ROC AUC Score,Overall MCC
320,0.88802543270929,0.8952181901300232,0.88802543270929,0.8905852657690709,0.9497501828931676,0.7998844425001608
