Model,Accuracy,Precision,Recall,F1 Score,ROC AUC Score,Overall MCC
81,0.858000706464147,0.8818546759764371,0.858000706464147,0.8663979007736454,0.936720987428527,0.7532833693488268
