Model,Accuracy,Precision,Recall,F1 Score,ROC AUC Score,Overall MCC
340,0.886612504415401,0.8933113749660506,0.886612504415401,0.889007725907301,0.9501700934568929,0.797147452706989
