Model,Accuracy,Precision,Recall,F1 Score,ROC AUC Score,Overall MCC
178,0.8830801836806782,0.8932123264621376,0.8830801836806782,0.886672113271836,0.941946781412696,0.792159771185965
