Model,Accuracy,Precision,Recall,F1 Score,ROC AUC Score,Overall MCC
471,0.8890851289297068,0.8947258976052975,0.8890851289297068,0.891226756484852,0.9497414788455036,0.8009263653613509
