Model,Accuracy,Precision,Recall,F1 Score,ROC AUC Score,Overall MCC
17,0.6863299187566231,0.7433230246845213,0.6863299187566231,0.699332356944844,0.8652850049749289,0.4873546839235955
