Model,Accuracy,Precision,Recall,F1 Score,ROC AUC Score,Overall MCC
472,0.8890851289297068,0.8943286490876982,0.8890851289297068,0.891081014323543,0.9499471224368312,0.8007857542252156
