Model,Accuracy,Precision,Recall,F1 Score,ROC AUC Score,Overall MCC
224,0.8859060402684564,0.8943042824513389,0.8859060402684564,0.8888941788109269,0.9468989561449465,0.7965390288607841
