Model,Accuracy,Precision,Recall,F1 Score,ROC AUC Score,Overall MCC
446,0.88802543270929,0.8938781224559422,0.88802543270929,0.8902572352166274,0.9485374517149326,0.7990845934926409
