Model,Accuracy,Precision,Recall,F1 Score,ROC AUC Score,Overall MCC
265,0.8834334157541505,0.8908651003868373,0.8834334157541505,0.88617756987748,0.9495716047773005,0.791577434633904
