Model,Accuracy,Precision,Recall,F1 Score,ROC AUC Score,Overall MCC
215,0.8837866478276227,0.8933315782046178,0.8837866478276227,0.8871741282537046,0.9461552303192579,0.7931934459232863
