Model,Accuracy,Precision,Recall,F1 Score,ROC AUC Score,Overall MCC
108,0.8707170611091487,0.8843154732886439,0.8707170611091487,0.8756103733783811,0.9432042556614748,0.7713865491101123
