Model,Accuracy,Precision,Recall,F1 Score,ROC AUC Score,Overall MCC
116,0.8693041328152596,0.8829889158402746,0.8693041328152596,0.8742500135885098,0.9421570755553627,0.7688777349450782
