Model,Accuracy,Precision,Recall,F1 Score,ROC AUC Score,Overall MCC
41,0.796891557753444,0.834442457130482,0.796891557753444,0.809531028602902,0.8769977210220663,0.6531724443805053
