Model,Accuracy,Precision,Recall,F1 Score,ROC AUC Score,Overall MCC
87,0.8675379724478983,0.8822039320227839,0.8675379724478983,0.8729978352250503,0.9382179534601667,0.7658746450089885
