Model,Accuracy,Precision,Recall,F1 Score,ROC AUC Score,Overall MCC
76,0.8555280819498411,0.8793583182138247,0.8555280819498411,0.8640042524990518,0.9343527366312966,0.7488101204239548
