Model,Accuracy,Precision,Recall,F1 Score,ROC AUC Score,Overall MCC
301,0.8890851289297068,0.8960359765256531,0.8890851289297068,0.891583841350478,0.9505367726244373,0.8016480260037273
