Model,Accuracy,Precision,Recall,F1 Score,ROC AUC Score,Overall MCC
190,0.8816672553867891,0.8924750728775276,0.8816672553867891,0.8854980480736709,0.9418045387083295,0.7898975070064598
