Model,Accuracy,Precision,Recall,F1 Score,ROC AUC Score,Overall MCC
275,0.8851995761215118,0.8918299946697124,0.8851995761215118,0.8876483034217811,0.9492286978104252,0.7944487555039864
