Model,Accuracy,Precision,Recall,F1 Score,ROC AUC Score,Overall MCC
22,0.6955139526669022,0.7457635504262055,0.6955139526669022,0.7072402975399925,0.8658058557249131,0.49659901631921266
