Model,Accuracy,Precision,Recall,F1 Score,ROC AUC Score,Overall MCC
256,0.8806075591663723,0.8898284150600188,0.8806075591663723,0.8839610061107828,0.950545715616329,0.7872629597639734
