Model,Accuracy,Precision,Recall,F1 Score,ROC AUC Score,Overall MCC
378,0.8876722006358178,0.8934746290594409,0.8876722006358178,0.8898070487669274,0.950691734983938,0.798595739786574
