Model,Accuracy,Precision,Recall,F1 Score,ROC AUC Score,Overall MCC
172,0.8813140233133169,0.8933349687749624,0.8813140233133169,0.8854932455880106,0.9418467560589412,0.7898463468406198
