Model,Accuracy,Precision,Recall,F1 Score,ROC AUC Score,Overall MCC
186,0.8834334157541505,0.893763074915591,0.8834334157541505,0.8870792809012826,0.9424430429071967,0.7928887721159433
