Model,Accuracy,Precision,Recall,F1 Score,ROC AUC Score,Overall MCC
202,0.884139879901095,0.8938165931379808,0.884139879901095,0.8875686859878579,0.9445576486010653,0.7938781729797485
