Model,Accuracy,Precision,Recall,F1 Score,ROC AUC Score,Overall MCC
428,0.8862592723419287,0.8910952537641571,0.8862592723419287,0.8881351527890118,0.9496795709016336,0.7954526219988809
