Model,Accuracy,Precision,Recall,F1 Score,ROC AUC Score,Overall MCC
151,0.8774284705051218,0.8904829013004971,0.8774284705051218,0.8820244161010324,0.9430547859636608,0.7832516906000502
