Model,Accuracy,Precision,Recall,F1 Score,ROC AUC Score,Overall MCC
424,0.8883786647827623,0.8933175127324836,0.8883786647827623,0.890298002497029,0.9499396528324926,0.7993173755339315
