Model,Accuracy,Precision,Recall,F1 Score,ROC AUC Score,Overall MCC
312,0.8890851289297068,0.8961344620007557,0.8890851289297068,0.8916083259896971,0.9489259291960463,0.8017034643039264
