Model,Accuracy,Precision,Recall,F1 Score,ROC AUC Score,Overall MCC
133,0.8717767573295655,0.8851798298247483,0.8717767573295655,0.8764332688712058,0.9447043756346994,0.7734463447025287
