Model,Accuracy,Precision,Recall,F1 Score,ROC AUC Score,Overall MCC
39,0.7951253973860827,0.8375848113602379,0.7951253973860827,0.8085251893131775,0.879477375440513,0.6537286793908905
