Model,Accuracy,Precision,Recall,F1 Score,ROC AUC Score,Overall MCC
234,0.8837866478276227,0.8922803404811321,0.8837866478276227,0.886810209164216,0.9476759367738173,0.7927808522562941
