Model,Accuracy,Precision,Recall,F1 Score,ROC AUC Score,Overall MCC
463,0.8890851289297068,0.8946500076816979,0.8890851289297068,0.8912175136995595,0.9497557458325682,0.8008597567063461
