Model,Accuracy,Precision,Recall,F1 Score,ROC AUC Score,Overall MCC
491,0.8887318968562345,0.8943458090358369,0.8887318968562345,0.8908969884312272,0.9479013742360873,0.8002204076567011
