Model,Accuracy,Precision,Recall,F1 Score,ROC AUC Score,Overall MCC
358,0.8901448251501236,0.8961559480357432,0.8901448251501236,0.8923192096846934,0.9508437964016245,0.8031770758596073
