Model,Accuracy,Precision,Recall,F1 Score,ROC AUC Score,Overall MCC
21,0.6898622394913458,0.7406617400359353,0.6898622394913458,0.7010996954750709,0.8619390542863686,0.488194970093195
