Model,Accuracy,Precision,Recall,F1 Score,ROC AUC Score,Overall MCC
230,0.8848463440480395,0.893895609948118,0.8848463440480395,0.8880395925128796,0.9477120815188238,0.7949314297976138
