Model,Accuracy,Precision,Recall,F1 Score,ROC AUC Score,Overall MCC
318,0.88802543270929,0.8949523221274079,0.88802543270929,0.8905156857460286,0.9496060543016219,0.7997417001648293
