Model,Accuracy,Precision,Recall,F1 Score,ROC AUC Score,Overall MCC
109,0.8717767573295655,0.8848828418257304,0.8717767573295655,0.8765385776134565,0.9427551089575901,0.7730048917276214
