Model,Accuracy,Precision,Recall,F1 Score,ROC AUC Score,Overall MCC
78,0.8576474743906747,0.8797966170665819,0.8576474743906747,0.8654060337651256,0.9363831422903953,0.7520061455157844
