Model,Accuracy,Precision,Recall,F1 Score,ROC AUC Score,Overall MCC
306,0.8894383610031791,0.8961091562994131,0.8894383610031791,0.8918155851161451,0.9509559547443788,0.8022140762804337
