Model,Accuracy,Precision,Recall,F1 Score,ROC AUC Score,Overall MCC
113,0.8742493818438715,0.8861236166702806,0.8742493818438715,0.8785817919347529,0.9430137590564139,0.7769014247636932
