Model,Accuracy,Precision,Recall,F1 Score,ROC AUC Score,Overall MCC
44,0.8198516425291417,0.8623459984930303,0.8198516425291417,0.8367865917751489,0.898564615579193,0.6926779735711425
