Model,Accuracy,Precision,Recall,F1 Score,ROC AUC Score,Overall MCC
454,0.8894383610031791,0.8941529328134324,0.8894383610031791,0.8912630114849965,0.9501177878932058,0.8011607632716772
