Model,Accuracy,Precision,Recall,F1 Score,ROC AUC Score,Overall MCC
49,0.825503355704698,0.8629435816420163,0.825503355704698,0.8406610297097661,0.9019780579287832,0.6998781878116971
