Model,Accuracy,Precision,Recall,F1 Score,ROC AUC Score,Overall MCC
120,0.8746026139173437,0.8873282127480973,0.8746026139173437,0.8790469229977932,0.9437110789797328,0.7781606303738088
