Model,Accuracy,Precision,Recall,F1 Score,ROC AUC Score,Overall MCC
204,0.8823737195337337,0.8922992984569462,0.8823737195337337,0.8858980045716413,0.9445513767734184,0.7908120183656877
