Model,Accuracy,Precision,Recall,F1 Score,ROC AUC Score,Overall MCC
103,0.8728364535499823,0.8857082091748872,0.8728364535499823,0.8774733858381407,0.941821799526013,0.7748608167834623
