Model,Accuracy,Precision,Recall,F1 Score,ROC AUC Score,Overall MCC
245,0.8837866478276227,0.892657542659999,0.8837866478276227,0.8869357759189147,0.947691769426129,0.7929375223726051
