Model,Accuracy,Precision,Recall,F1 Score,ROC AUC Score,Overall MCC
482,0.8890851289297068,0.8949432577175789,0.8890851289297068,0.8913204286331226,0.9480637218666699,0.8009892249325621
