Model,Accuracy,Precision,Recall,F1 Score,ROC AUC Score,Overall MCC
2,0.5411515365595196,0.6737149977125438,0.5411515365595196,0.5777248303722698,0.685172193110545,0.31311539729613713
