Model,Accuracy,Precision,Recall,F1 Score,ROC AUC Score,Overall MCC
176,0.8809607912398446,0.8925622685281568,0.8809607912398446,0.8849994657149689,0.9419468914125964,0.7890470415989597
