Model,Accuracy,Precision,Recall,F1 Score,ROC AUC Score,Overall MCC
46,0.8219710349699753,0.8627969890663444,0.8219710349699753,0.8383453580235974,0.8986780554207853,0.6954494043821173
