Model,Accuracy,Precision,Recall,F1 Score,ROC AUC Score,Overall MCC
490,0.8883786647827623,0.8940334576668195,0.8883786647827623,0.8905593770583347,0.9474184221184084,0.7995911205247802
