Model,Accuracy,Precision,Recall,F1 Score,ROC AUC Score,Overall MCC
357,0.8873189685623455,0.893893448938292,0.8873189685623455,0.8896984426655062,0.95102383201617,0.798316070952573
