Model,Accuracy,Precision,Recall,F1 Score,ROC AUC Score,Overall MCC
366,0.8883786647827623,0.894858972328024,0.8883786647827623,0.8906991893043247,0.9510647012568931,0.800225631273552
