Model,Accuracy,Precision,Recall,F1 Score,ROC AUC Score,Overall MCC
468,0.8883786647827623,0.8935359866257513,0.8883786647827623,0.8903777598198045,0.9495348672550535,0.7993931090540276
