Model,Accuracy,Precision,Recall,F1 Score,ROC AUC Score,Overall MCC
400,0.8887318968562345,0.893205191598432,0.8887318968562345,0.890429421537732,0.9508718042095641,0.7998937423255518
