Model,Accuracy,Precision,Recall,F1 Score,ROC AUC Score,Overall MCC
380,0.8901448251501236,0.8961352129339244,0.8901448251501236,0.8923370445092776,0.9507295877829515,0.8031242510738077
