Model,Accuracy,Precision,Recall,F1 Score,ROC AUC Score,Overall MCC
462,0.8901448251501236,0.895025723158881,0.8901448251501236,0.8920157592325972,0.949635658941447,0.8025122638645857
