Model,Accuracy,Precision,Recall,F1 Score,ROC AUC Score,Overall MCC
61,0.8297421405863652,0.8572385908517436,0.8297421405863652,0.841441646992304,0.9055323264284684,0.7021702665643643
