Model,Accuracy,Precision,Recall,F1 Score,ROC AUC Score,Overall MCC
456,0.8894383610031791,0.8947564044467092,0.8894383610031791,0.8914653552416575,0.9500214701472004,0.8014292159804015
