Model,Accuracy,Precision,Recall,F1 Score,ROC AUC Score,Overall MCC
16,0.6838572942423172,0.7425625314505545,0.6838572942423172,0.6976598116760969,0.8629102134614065,0.48439320768249616
