Model,Accuracy,Precision,Recall,F1 Score,ROC AUC Score,Overall MCC
355,0.8883786647827623,0.8950231376248673,0.8883786647827623,0.8907429180891029,0.9512196324497554,0.8003120941942484
