Model,Accuracy,Precision,Recall,F1 Score,ROC AUC Score,Overall MCC
90,0.8671847403744259,0.8830135883360402,0.8671847403744259,0.8729452685443666,0.9377885474606059,0.7658967352826999
