Model,Accuracy,Precision,Recall,F1 Score,ROC AUC Score,Overall MCC
465,0.8890851289297068,0.894340652318598,0.8890851289297068,0.8910862983478438,0.9498782484437215,0.8007865963244007
