Model,Accuracy,Precision,Recall,F1 Score,ROC AUC Score,Overall MCC
292,0.8862592723419287,0.893919052230618,0.8862592723419287,0.8890099151395283,0.9504716991278815,0.7968536755517741
