Model,Accuracy,Precision,Recall,F1 Score,ROC AUC Score,Overall MCC
290,0.8869657364888732,0.8945265201366861,0.8869657364888732,0.8896558059132004,0.9498083105071319,0.7981241921783166
