Model,Accuracy,Precision,Recall,F1 Score,ROC AUC Score,Overall MCC
438,0.8859060402684564,0.8917090091174741,0.8859060402684564,0.8881135460539799,0.949419661915062,0.7952358002937224
