Model,Accuracy,Precision,Recall,F1 Score,ROC AUC Score,Overall MCC
300,0.8883786647827623,0.8957319070936317,0.8883786647827623,0.8910390139192909,0.9501465870893165,0.8004991993206213
