Model,Accuracy,Precision,Recall,F1 Score,ROC AUC Score,Overall MCC
397,0.8890851289297068,0.8937530180448713,0.8890851289297068,0.890829266500023,0.9513507718864113,0.8006558347241161
