Model,Accuracy,Precision,Recall,F1 Score,ROC AUC Score,Overall MCC
33,0.7933592370187214,0.8468213608145008,0.7933592370187214,0.8083835638289841,0.9039496173079025,0.6589869701861478
