Model,Accuracy,Precision,Recall,F1 Score,ROC AUC Score,Overall MCC
392,0.8883786647827623,0.8938702754344712,0.8883786647827623,0.8903767670466867,0.9508766759829248,0.7997894037750498
