Model,Accuracy,Precision,Recall,F1 Score,ROC AUC Score,Overall MCC
182,0.8816672553867891,0.8934875258643044,0.8816672553867891,0.8857696480265013,0.9423154228562388,0.7904068035091978
