Model,Accuracy,Precision,Recall,F1 Score,ROC AUC Score,Overall MCC
423,0.88802543270929,0.8933160183751947,0.88802543270929,0.8900388377213715,0.9500304840279167,0.7988864333549371
