Model,Accuracy,Precision,Recall,F1 Score,ROC AUC Score,Overall MCC
201,0.8806075591663723,0.8916143742587197,0.8806075591663723,0.8845093093474148,0.9430463324713253,0.7880815513486046
