Model,Accuracy,Precision,Recall,F1 Score,ROC AUC Score,Overall MCC
237,0.8859060402684564,0.8937774464916763,0.8859060402684564,0.8887417602065526,0.9477214583992111,0.7962822024941806
