Model,Accuracy,Precision,Recall,F1 Score,ROC AUC Score,Overall MCC
203,0.8827269516072059,0.892214932796413,0.8827269516072059,0.8861887294340258,0.9440551666122046,0.7911262118596917
