Model,Accuracy,Precision,Recall,F1 Score,ROC AUC Score,Overall MCC
271,0.8851995761215118,0.892345897317745,0.8851995761215118,0.8878073913060703,0.950044527959628,0.79469227012669
