Model,Accuracy,Precision,Recall,F1 Score,ROC AUC Score,Overall MCC
267,0.884139879901095,0.8922313304618552,0.884139879901095,0.887088955180611,0.9501711274559556,0.7931494694246622
