Model,Accuracy,Precision,Recall,F1 Score,ROC AUC Score,Overall MCC
26,0.697986577181208,0.7470388240404434,0.697986577181208,0.7094910115653564,0.8676906239605008,0.4995657546334564
