Model,Accuracy,Precision,Recall,F1 Score,ROC AUC Score,Overall MCC
69,0.8431649593783116,0.8618686035015541,0.8431649593783116,0.8511356848268324,0.9160330195745067,0.7225610861366473
