Model,Accuracy,Precision,Recall,F1 Score,ROC AUC Score,Overall MCC
466,0.8883786647827623,0.8935434633858246,0.8883786647827623,0.8903626652410139,0.9495372725862062,0.7994483214239042
