Model,Accuracy,Precision,Recall,F1 Score,ROC AUC Score,Overall MCC
272,0.884139879901095,0.8914673582618119,0.884139879901095,0.886817250086082,0.9493199531165759,0.7928550399776559
