Model,Accuracy,Precision,Recall,F1 Score,ROC AUC Score,Overall MCC
118,0.8753090780642883,0.8875570226024362,0.8753090780642883,0.8796486324503919,0.9425910783285335,0.7791322109049725
