Model,Accuracy,Precision,Recall,F1 Score,ROC AUC Score,Overall MCC
130,0.8738961497703992,0.8869678892042495,0.8738961497703992,0.8784988489735217,0.9444436379822129,0.7769827779563158
