Model,Accuracy,Precision,Recall,F1 Score,ROC AUC Score,Overall MCC
496,0.8894383610031791,0.8947060229689474,0.8894383610031791,0.8914785080614717,0.9475692490927697,0.8013558666566397
