Model,Accuracy,Precision,Recall,F1 Score,ROC AUC Score,Overall MCC
374,0.8869657364888732,0.8939857840515615,0.8869657364888732,0.889479110813082,0.9514075012794211,0.7978946491363117
