Model,Accuracy,Precision,Recall,F1 Score,ROC AUC Score,Overall MCC
163,0.8784881667255386,0.8911379483971985,0.8784881667255386,0.882808834961142,0.9422570404091722,0.7851806575251655
