Model,Accuracy,Precision,Recall,F1 Score,ROC AUC Score,Overall MCC
419,0.88802543270929,0.8931267635083808,0.88802543270929,0.889986769028753,0.9510687431421173,0.7987640974580332
