Model,Accuracy,Precision,Recall,F1 Score,ROC AUC Score,Overall MCC
259,0.8813140233133169,0.8900018146016535,0.8813140233133169,0.8844352765362209,0.9509561307442193,0.7883941135296267
