Model,Accuracy,Precision,Recall,F1 Score,ROC AUC Score,Overall MCC
80,0.8569410102437302,0.8798187821306663,0.8569410102437302,0.8649789067337669,0.9365020032937391,0.7510429190208745
