Model,Accuracy,Precision,Recall,F1 Score,ROC AUC Score,Overall MCC
174,0.8806075591663723,0.8921806595881574,0.8806075591663723,0.8846271218701353,0.9425951532137278,0.7884242074706697
