Model,Accuracy,Precision,Recall,F1 Score,ROC AUC Score,Overall MCC
368,0.8883786647827623,0.8950434690554206,0.8883786647827623,0.8907652895986954,0.950677474107979,0.8002942335849557
