Model,Accuracy,Precision,Recall,F1 Score,ROC AUC Score,Overall MCC
299,0.8883786647827623,0.8953819573357219,0.8883786647827623,0.8908591118436194,0.950358833730213,0.800465010046497
