Model,Accuracy,Precision,Recall,F1 Score,ROC AUC Score,Overall MCC
153,0.8770752384316496,0.8900988292147408,0.8770752384316496,0.8816506380931695,0.941084971916292,0.7826299934661832
