Model,Accuracy,Precision,Recall,F1 Score,ROC AUC Score,Overall MCC
68,0.8399858707170611,0.8616641651626019,0.8399858707170611,0.8490860855305382,0.9158132966070557,0.718261077118561
