Model,Accuracy,Precision,Recall,F1 Score,ROC AUC Score,Overall MCC
410,0.8887318968562345,0.893903988316208,0.8887318968562345,0.8907044118470353,0.9513770746958966,0.8000977500360182
