Model,Accuracy,Precision,Recall,F1 Score,ROC AUC Score,Overall MCC
469,0.8887318968562345,0.894377463137699,0.8887318968562345,0.8909098273089131,0.9494164260846626,0.8002242201815577
