Model,Accuracy,Precision,Recall,F1 Score,ROC AUC Score,Overall MCC
165,0.8784881667255386,0.8914820312466891,0.8784881667255386,0.8829592626121568,0.9425146387867276,0.7852687924576963
