Model,Accuracy,Precision,Recall,F1 Score,ROC AUC Score,Overall MCC
353,0.8873189685623455,0.8945065576896941,0.8873189685623455,0.8898793151525399,0.9512723224019832,0.798612940961223
