Model,Accuracy,Precision,Recall,F1 Score,ROC AUC Score,Overall MCC
57,0.8251501236312258,0.8564080424185574,0.8251501236312258,0.8384272714085573,0.8977068565235612,0.695628373201978
