Model,Accuracy,Precision,Recall,F1 Score,ROC AUC Score,Overall MCC
281,0.8851995761215118,0.8931550093595184,0.8851995761215118,0.8880839240974566,0.948572679182993,0.7950189492785591
