Model,Accuracy,Precision,Recall,F1 Score,ROC AUC Score,Overall MCC
221,0.8869657364888732,0.8947324468856663,0.8869657364888732,0.8897721407069235,0.9466677638545608,0.7981286352556702
