Model,Accuracy,Precision,Recall,F1 Score,ROC AUC Score,Overall MCC
351,0.8890851289297068,0.895575930211665,0.8890851289297068,0.8914079995932549,0.951090660011135,0.8014980244434498
