Model,Accuracy,Precision,Recall,F1 Score,ROC AUC Score,Overall MCC
499,0.8887318968562345,0.8950344488585827,0.8887318968562345,0.8911456467519748,0.9469386294423092,0.8004911283789916
