Model,Accuracy,Precision,Recall,F1 Score,ROC AUC Score,Overall MCC
229,0.8859060402684564,0.8942010892293477,0.8859060402684564,0.8888442875649321,0.947326549590595,0.7965236481012065
