Model,Accuracy,Precision,Recall,F1 Score,ROC AUC Score,Overall MCC
154,0.8774284705051218,0.8896374195743083,0.8774284705051218,0.881756804235807,0.9419195460485005,0.7828801343097819
