Model,Accuracy,Precision,Recall,F1 Score,ROC AUC Score,Overall MCC
56,0.8300953726598375,0.8631233324302783,0.8300953726598375,0.8433084101848755,0.908137320233274,0.7063036875273727
