Model,Accuracy,Precision,Recall,F1 Score,ROC AUC Score,Overall MCC
383,0.886612504415401,0.8927146242973458,0.886612504415401,0.888836338950751,0.9503120587170667,0.7968447178469991
