Model,Accuracy,Precision,Recall,F1 Score,ROC AUC Score,Overall MCC
461,0.8904980572235959,0.8953612763643347,0.8904980572235959,0.8923774454958131,0.9501309310479558,0.8031312682988345
