Model,Accuracy,Precision,Recall,F1 Score,ROC AUC Score,Overall MCC
479,0.8890851289297068,0.8948603090616374,0.8890851289297068,0.8913083985755526,0.9474205915608858,0.8009217097810093
