Model,Accuracy,Precision,Recall,F1 Score,ROC AUC Score,Overall MCC
376,0.8890851289297068,0.8947977786559616,0.8890851289297068,0.8911625527516701,0.9508203505339933,0.8011450904110268
