Model,Accuracy,Precision,Recall,F1 Score,ROC AUC Score,Overall MCC
52,0.8286824443659484,0.863305526772701,0.8286824443659484,0.8427280714265204,0.9028018374041119,0.7041887747285999
