Model,Accuracy,Precision,Recall,F1 Score,ROC AUC Score,Overall MCC
484,0.88802543270929,0.8932977240366311,0.88802543270929,0.890065546340103,0.9481450564040378,0.7988155723292141
