Model,Accuracy,Precision,Recall,F1 Score,ROC AUC Score,Overall MCC
361,0.8883786647827623,0.8950134916339986,0.8883786647827623,0.8907344697170996,0.9511971154701709,0.8003174431503635
