Model,Accuracy,Precision,Recall,F1 Score,ROC AUC Score,Overall MCC
388,0.8859060402684564,0.8919759883851602,0.8859060402684564,0.8881598107489393,0.9515618207506158,0.7954841763955699
