Model,Accuracy,Precision,Recall,F1 Score,ROC AUC Score,Overall MCC
481,0.8890851289297068,0.8945251434826452,0.8890851289297068,0.8911875379430056,0.9479161313338187,0.8007877939777807
