Model,Accuracy,Precision,Recall,F1 Score,ROC AUC Score,Overall MCC
337,0.8876722006358178,0.8945850268764682,0.8876722006358178,0.8901521851468679,0.9498059033426477,0.7991126757227995
