Model,Accuracy,Precision,Recall,F1 Score,ROC AUC Score,Overall MCC
270,0.884139879901095,0.8918310411716394,0.884139879901095,0.8869318536440817,0.9499169739086103,0.7930196827071736
