Model,Accuracy,Precision,Recall,F1 Score,ROC AUC Score,Overall MCC
390,0.885552808194984,0.8916573161590281,0.885552808194984,0.8877851382475764,0.951059803816889,0.7949302060480856
