Model,Accuracy,Precision,Recall,F1 Score,ROC AUC Score,Overall MCC
291,0.8844931119745673,0.8924795621668078,0.8844931119745673,0.8873443296101515,0.9499570279278503,0.7938441119334405
