Model,Accuracy,Precision,Recall,F1 Score,ROC AUC Score,Overall MCC
148,0.8781349346520664,0.8900282929799587,0.8781349346520664,0.8822215579536472,0.9431356157237084,0.7842192345428961
