Model,Accuracy,Precision,Recall,F1 Score,ROC AUC Score,Overall MCC
168,0.8784881667255386,0.8908337161790757,0.8784881667255386,0.8827549812090772,0.9422199081095055,0.7849885600766452
