Model,Accuracy,Precision,Recall,F1 Score,ROC AUC Score,Overall MCC
328,0.8862592723419287,0.893218570079395,0.8862592723419287,0.888725726383165,0.950097884022363,0.7966518555503552
