Model,Accuracy,Precision,Recall,F1 Score,ROC AUC Score,Overall MCC
48,0.8237371953373366,0.8628080306117456,0.8237371953373366,0.8395458661542945,0.9009124717838034,0.6975194363286867
