Model,Accuracy,Precision,Recall,F1 Score,ROC AUC Score,Overall MCC
477,0.8897915930766513,0.8951593053280282,0.8897915930766513,0.8918528036229632,0.9492781067100721,0.8020591751294848
