Model,Accuracy,Precision,Recall,F1 Score,ROC AUC Score,Overall MCC
7,0.6640762981278701,0.7306525324001661,0.6640762981278701,0.6793070177334081,0.8609831789863621,0.45896174131328726
