Model,Accuracy,Precision,Recall,F1 Score,ROC AUC Score,Overall MCC
30,0.7022253620628753,0.7481793520259157,0.7022253620628753,0.7129846546896598,0.8653244466613906,0.5035500893632563
