Model,Accuracy,Precision,Recall,F1 Score,ROC AUC Score,Overall MCC
470,0.8912045213705404,0.8960707945275187,0.8912045213705404,0.8931032710347003,0.9496579748656583,0.8043503245019502
