Model,Accuracy,Precision,Recall,F1 Score,ROC AUC Score,Overall MCC
407,0.8890851289297068,0.893868949731247,0.8890851289297068,0.8909334080779618,0.9503623592270166,0.8005393371403026
