Model,Accuracy,Precision,Recall,F1 Score,ROC AUC Score,Overall MCC
335,0.8876722006358178,0.8946756464445164,0.8876722006358178,0.8901670878094848,0.9502401181711817,0.7991769814416667
