Model,Accuracy,Precision,Recall,F1 Score,ROC AUC Score,Overall MCC
183,0.8813140233133169,0.892197085081445,0.8813140233133169,0.8851420251117647,0.9423742569140071,0.7893429223972381
