Model,Accuracy,Precision,Recall,F1 Score,ROC AUC Score,Overall MCC
333,0.8859060402684564,0.8934435508710051,0.8859060402684564,0.8885874822392335,0.949760773439121,0.7962204629381499
