Model,Accuracy,Precision,Recall,F1 Score,ROC AUC Score,Overall MCC
34,0.7933592370187214,0.8470829828142208,0.7933592370187214,0.808545966946291,0.9032863557981484,0.659061558553927
