Model,Accuracy,Precision,Recall,F1 Score,ROC AUC Score,Overall MCC
408,0.8890851289297068,0.8938083657672599,0.8890851289297068,0.8909124290120474,0.9513226656896719,0.8005267021340619
