Model,Accuracy,Precision,Recall,F1 Score,ROC AUC Score,Overall MCC
370,0.88802543270929,0.8944009084365367,0.88802543270929,0.8903201088358552,0.9512720944577455,0.7995320345179302
