Model,Accuracy,Precision,Recall,F1 Score,ROC AUC Score,Overall MCC
181,0.8823737195337337,0.8931576136869837,0.8823737195337337,0.8861301470157238,0.9422307828218681,0.7912485652267067
