Model,Accuracy,Precision,Recall,F1 Score,ROC AUC Score,Overall MCC
448,0.8890851289297068,0.8950891407348898,0.8890851289297068,0.8913327364985739,0.9497378152377142,0.8011250593962393
