Model,Accuracy,Precision,Recall,F1 Score,ROC AUC Score,Overall MCC
217,0.8862592723419287,0.8943570796945816,0.8862592723419287,0.8891154060137918,0.9474809283395138,0.7971006032273291
