Model,Accuracy,Precision,Recall,F1 Score,ROC AUC Score,Overall MCC
342,0.8883786647827623,0.8953728771235294,0.8883786647827623,0.8908546693591334,0.9504454617072259,0.800465010046497
