Model,Accuracy,Precision,Recall,F1 Score,ROC AUC Score,Overall MCC
192,0.8827269516072059,0.8936507003523783,0.8827269516072059,0.8865651089185866,0.9418645723761211,0.7918792612253386
