Model,Accuracy,Precision,Recall,F1 Score,ROC AUC Score,Overall MCC
427,0.8873189685623455,0.8926848523706737,0.8873189685623455,0.8893750469279365,0.9498095198949242,0.7976150420422049
