Model,Accuracy,Precision,Recall,F1 Score,ROC AUC Score,Overall MCC
155,0.8781349346520664,0.8905288997975088,0.8781349346520664,0.882488284032854,0.941699049415084,0.7842721035268826
