Model,Accuracy,Precision,Recall,F1 Score,ROC AUC Score,Overall MCC
142,0.8774284705051218,0.8890641479984326,0.8774284705051218,0.8815298183377512,0.9447279449466631,0.7826989947215617
