Model,Accuracy,Precision,Recall,F1 Score,ROC AUC Score,Overall MCC
187,0.8837866478276227,0.8934943705060313,0.8837866478276227,0.8872063253550858,0.9422084436754554,0.7932975316353018
