Model,Accuracy,Precision,Recall,F1 Score,ROC AUC Score,Overall MCC
308,0.88802543270929,0.8955054640267314,0.88802543270929,0.8907034784441695,0.9498637370124339,0.799963572680734
