Model,Accuracy,Precision,Recall,F1 Score,ROC AUC Score,Overall MCC
223,0.886612504415401,0.8941909194104487,0.886612504415401,0.889354395443393,0.9468718998361442,0.7974204753977151
