Model,Accuracy,Precision,Recall,F1 Score,ROC AUC Score,Overall MCC
24,0.7011656658424585,0.7498712784887466,0.7011656658424585,0.7125368493093899,0.8676999935075614,0.5046708323115072
