Model,Accuracy,Precision,Recall,F1 Score,ROC AUC Score,Overall MCC
364,0.88802543270929,0.8939030246097159,0.88802543270929,0.8901629341632468,0.9508392595168491,0.7993043871464888
