Model,Accuracy,Precision,Recall,F1 Score,ROC AUC Score,Overall MCC
222,0.8883786647827623,0.8964611354299988,0.8883786647827623,0.8912772106880514,0.9471991580949854,0.8008061604560056
