Model,Accuracy,Precision,Recall,F1 Score,ROC AUC Score,Overall MCC
485,0.8869657364888732,0.8931286642608592,0.8869657364888732,0.8893045075696536,0.9474571194722117,0.7973159610498936
