Model,Accuracy,Precision,Recall,F1 Score,ROC AUC Score,Overall MCC
440,0.8887318968562345,0.8940068724950259,0.8887318968562345,0.890723098369505,0.9495912250928447,0.8001704273179095
