Model,Accuracy,Precision,Recall,F1 Score,ROC AUC Score,Overall MCC
75,0.8565877781702579,0.8772551129869501,0.8565877781702579,0.8642077799443875,0.9330145994556519,0.7489478550405649
