Model,Accuracy,Precision,Recall,F1 Score,ROC AUC Score,Overall MCC
464,0.8908512892970681,0.8957983946427254,0.8908512892970681,0.8927454270433598,0.9496208700659666,0.803832647307513
