Model,Accuracy,Precision,Recall,F1 Score,ROC AUC Score,Overall MCC
195,0.884139879901095,0.8942485916183703,0.884139879901095,0.8878089064814384,0.9419443137482665,0.7939045614513622
