Model,Accuracy,Precision,Recall,F1 Score,ROC AUC Score,Overall MCC
437,0.886612504415401,0.8921297476297053,0.886612504415401,0.8887213110683845,0.9487952590922984,0.7964110010328269
