Model,Accuracy,Precision,Recall,F1 Score,ROC AUC Score,Overall MCC
356,0.8890851289297068,0.8959294458855026,0.8890851289297068,0.8915232702773789,0.9509995733714979,0.8016480260037273
