Model,Accuracy,Precision,Recall,F1 Score,ROC AUC Score,Overall MCC
179,0.8784881667255386,0.8904183685578643,0.8784881667255386,0.8826173857856758,0.941733644383718,0.7848153577682725
