Model,Accuracy,Precision,Recall,F1 Score,ROC AUC Score,Overall MCC
346,0.88802543270929,0.8946813669069363,0.88802543270929,0.8904049516066757,0.9501372047089344,0.7996641849614923
