Model,Accuracy,Precision,Recall,F1 Score,ROC AUC Score,Overall MCC
47,0.8198516425291417,0.8613709095621424,0.8198516425291417,0.8364511582932576,0.8982629683526865,0.6921698443942469
