Model,Accuracy,Precision,Recall,F1 Score,ROC AUC Score,Overall MCC
488,0.8897915930766513,0.8952585076455765,0.8897915930766513,0.8919061632385322,0.9481338339697682,0.8020607311649272
