Model,Accuracy,Precision,Recall,F1 Score,ROC AUC Score,Overall MCC
307,0.8859060402684564,0.8937093343242367,0.8859060402684564,0.8886815850110745,0.9495181161035747,0.7963205068100482
