Model,Accuracy,Precision,Recall,F1 Score,ROC AUC Score,Overall MCC
144,0.8777817025785941,0.8889871281467938,0.8777817025785941,0.8817300206456552,0.9450578334253422,0.7831660229490429
