Model,Accuracy,Precision,Recall,F1 Score,ROC AUC Score,Overall MCC
14,0.6813846697280113,0.7424196231008997,0.6813846697280113,0.6959375989203548,0.862928717277963,0.4819310527284386
