Model,Accuracy,Precision,Recall,F1 Score,ROC AUC Score,Overall MCC
214,0.8837866478276227,0.893398340574452,0.8837866478276227,0.8871521636360168,0.9458535543705552,0.7932908763999336
