Model,Accuracy,Precision,Recall,F1 Score,ROC AUC Score,Overall MCC
74,0.858000706464147,0.8790656444093523,0.858000706464147,0.8656846619690922,0.9328703724753068,0.7517101384637267
