Model,Accuracy,Precision,Recall,F1 Score,ROC AUC Score,Overall MCC
476,0.8894383610031791,0.8944599451032921,0.8894383610031791,0.8913734661972605,0.9494288346845231,0.801289820575946
