Model,Accuracy,Precision,Recall,F1 Score,ROC AUC Score,Overall MCC
208,0.8809607912398446,0.8910986849286268,0.8809607912398446,0.8846161913649253,0.9461301448420021,0.7882820321448216
