Model,Accuracy,Precision,Recall,F1 Score,ROC AUC Score,Overall MCC
329,0.8869657364888732,0.8943177027297241,0.8869657364888732,0.8895753995857122,0.9499180671853967,0.7980584666664152
