Model,Accuracy,Precision,Recall,F1 Score,ROC AUC Score,Overall MCC
406,0.8890851289297068,0.8939027900424864,0.8890851289297068,0.8909315321348044,0.9511767306553197,0.8005942483247637
