Model,Accuracy,Precision,Recall,F1 Score,ROC AUC Score,Overall MCC
268,0.8834334157541505,0.8914289014926832,0.8834334157541505,0.8863761162594647,0.9497115099837865,0.7918012034640246
