Model,Accuracy,Precision,Recall,F1 Score,ROC AUC Score,Overall MCC
384,0.8869657364888732,0.8933865819553753,0.8869657364888732,0.8893013773463565,0.9512261138883235,0.7976019552280796
