Model,Accuracy,Precision,Recall,F1 Score,ROC AUC Score,Overall MCC
261,0.8834334157541505,0.8912339551734214,0.8834334157541505,0.8862684940562853,0.9505912745194666,0.7917920353562955
