Model,Accuracy,Precision,Recall,F1 Score,ROC AUC Score,Overall MCC
207,0.8816672553867891,0.8916014591231338,0.8816672553867891,0.8852460614117511,0.9462709966587407,0.7894734805059529
