Model,Accuracy,Precision,Recall,F1 Score,ROC AUC Score,Overall MCC
200,0.8809607912398446,0.891150137508357,0.8809607912398446,0.8845891658520046,0.9425267748312797,0.788377431594407
