Model,Accuracy,Precision,Recall,F1 Score,ROC AUC Score,Overall MCC
194,0.8827269516072059,0.8933701200477939,0.8827269516072059,0.8865125943018615,0.9421822203103424,0.7917018067494073
