Model,Accuracy,Precision,Recall,F1 Score,ROC AUC Score,Overall MCC
282,0.88802543270929,0.8954499420194595,0.88802543270929,0.890722419255292,0.9487497845224176,0.7998758821600239
