Model,Accuracy,Precision,Recall,F1 Score,ROC AUC Score,Overall MCC
403,0.8890851289297068,0.8948193157200623,0.8890851289297068,0.8912140760869977,0.9501052692934447,0.801071292573053
