Model,Accuracy,Precision,Recall,F1 Score,ROC AUC Score,Overall MCC
175,0.8813140233133169,0.8920500252782785,0.8813140233133169,0.8850362276870422,0.9421146070383118,0.7893714127637681
