Model,Accuracy,Precision,Recall,F1 Score,ROC AUC Score,Overall MCC
396,0.88802543270929,0.8935819786711173,0.88802543270929,0.8900939681245358,0.9509233434406131,0.7990829166633926
