Model,Accuracy,Precision,Recall,F1 Score,ROC AUC Score,Overall MCC
371,0.8887318968562345,0.8953925112737473,0.8887318968562345,0.8911107891367174,0.9508126768187285,0.8009364436320084
