Model,Accuracy,Precision,Recall,F1 Score,ROC AUC Score,Overall MCC
231,0.8862592723419287,0.8945861289604443,0.8862592723419287,0.8892217005013412,0.9477703582437641,0.7971440202298243
