Model,Accuracy,Precision,Recall,F1 Score,ROC AUC Score,Overall MCC
99,0.8721299894030378,0.8853081776190168,0.8721299894030378,0.8768697151042248,0.9400159751632936,0.7737385136022962
