Model,Accuracy,Precision,Recall,F1 Score,ROC AUC Score,Overall MCC
150,0.8767220063581773,0.8898119991689163,0.8767220063581773,0.8812560166132125,0.9427984146961039,0.7821231384779327
