Model,Accuracy,Precision,Recall,F1 Score,ROC AUC Score,Overall MCC
79,0.8551748498763688,0.878392825174109,0.8551748498763688,0.863335715037242,0.9363002873099617,0.7480764067873275
