Model,Accuracy,Precision,Recall,F1 Score,ROC AUC Score,Overall MCC
123,0.8742493818438715,0.8864480435556392,0.8742493818438715,0.8785422720749525,0.9431318800048732,0.7772734670055856
