Model,Accuracy,Precision,Recall,F1 Score,ROC AUC Score,Overall MCC
442,0.8873189685623455,0.893200418867157,0.8873189685623455,0.8895611331307437,0.9492736969362925,0.7978193232091296
