Model,Accuracy,Precision,Recall,F1 Score,ROC AUC Score,Overall MCC
432,0.88802543270929,0.8934986607530009,0.88802543270929,0.8901050616983006,0.9500996623540839,0.7989555818846642
