Model,Accuracy,Precision,Recall,F1 Score,ROC AUC Score,Overall MCC
15,0.6838572942423172,0.7432475825772107,0.6838572942423172,0.6978571765227083,0.8628551316224584,0.484805383912571
