Model,Accuracy,Precision,Recall,F1 Score,ROC AUC Score,Overall MCC
258,0.8834334157541505,0.8906701604639552,0.8834334157541505,0.886071041195674,0.9512506298105401,0.7915686052589571
