Model,Accuracy,Precision,Recall,F1 Score,ROC AUC Score,Overall MCC
474,0.88802543270929,0.8932700345486528,0.88802543270929,0.8900541455552254,0.9498185074978865,0.7988124730129924
