Model,Accuracy,Precision,Recall,F1 Score,ROC AUC Score,Overall MCC
92,0.8707170611091487,0.8851607566674959,0.8707170611091487,0.8759665682110548,0.9396661479804704,0.7716307465635052
