Model,Accuracy,Precision,Recall,F1 Score,ROC AUC Score,Overall MCC
166,0.8791946308724832,0.8924520005281468,0.8791946308724832,0.8837675117635522,0.9419970477004546,0.7866059658331498
