Model,Accuracy,Precision,Recall,F1 Score,ROC AUC Score,Overall MCC
487,0.88802543270929,0.8937582280547788,0.88802543270929,0.8902287895667074,0.9477462254878667,0.7990142659025403
