Model,Accuracy,Precision,Recall,F1 Score,ROC AUC Score,Overall MCC
233,0.8813140233133169,0.8901161515565659,0.8813140233133169,0.8844664371031425,0.9471883609936639,0.7884526404536188
