Model,Accuracy,Precision,Recall,F1 Score,ROC AUC Score,Overall MCC
171,0.8799010950194278,0.8913508411943731,0.8799010950194278,0.883895563557299,0.9419648207852293,0.7870943746844633
