Model,Accuracy,Precision,Recall,F1 Score,ROC AUC Score,Overall MCC
411,0.88802543270929,0.8930490638237305,0.88802543270929,0.8899589966514364,0.9509888544923274,0.7987492451573412
