Model,Accuracy,Precision,Recall,F1 Score,ROC AUC Score,Overall MCC
395,0.8862592723419287,0.8917965765603947,0.8862592723419287,0.8883538119192547,0.9507919620041766,0.7958378866775225
