Model,Accuracy,Precision,Recall,F1 Score,ROC AUC Score,Overall MCC
332,0.8887318968562345,0.8951316937732531,0.8887318968562345,0.891041768134693,0.9501599545216411,0.8007959860311223
