Model,Accuracy,Precision,Recall,F1 Score,ROC AUC Score,Overall MCC
191,0.8830801836806782,0.8940202015065178,0.8830801836806782,0.8869262924198862,0.9417946099951093,0.7925099572239704
