Model,Accuracy,Precision,Recall,F1 Score,ROC AUC Score,Overall MCC
121,0.8756623101377605,0.88812506930341,0.8756623101377605,0.8800698600325381,0.9432038792173717,0.779856619301209
