Model,Accuracy,Precision,Recall,F1 Score,ROC AUC Score,Overall MCC
93,0.8689509007417874,0.8833082033171962,0.8689509007417874,0.8741424051195235,0.9400729392227573,0.7685086738384388
