Model,Accuracy,Precision,Recall,F1 Score,ROC AUC Score,Overall MCC
398,0.886612504415401,0.891821369010051,0.886612504415401,0.8885943020637371,0.9506683410607041,0.7963399808635183
