Model,Accuracy,Precision,Recall,F1 Score,ROC AUC Score,Overall MCC
149,0.876368774284705,0.8889879752965429,0.876368774284705,0.8807392816809057,0.9434897824025974,0.7813163858464195
