Model,Accuracy,Precision,Recall,F1 Score,ROC AUC Score,Overall MCC
247,0.8830801836806782,0.8916464648198904,0.8830801836806782,0.8861847642015708,0.9504359473269632,0.7914583745287805
