Model,Accuracy,Precision,Recall,F1 Score,ROC AUC Score,Overall MCC
239,0.8844931119745673,0.8926077720955103,0.8844931119745673,0.8874228166340562,0.948085569069084,0.7938356288462692
