Model,Accuracy,Precision,Recall,F1 Score,ROC AUC Score,Overall MCC
277,0.8816672553867891,0.8906796865186432,0.8816672553867891,0.8849291198537586,0.9495203497126606,0.7891059457006242
