Model,Accuracy,Precision,Recall,F1 Score,ROC AUC Score,Overall MCC
418,0.886612504415401,0.8922827099109324,0.886612504415401,0.8887759070799404,0.9513551242157985,0.7964768255059306
