Model,Accuracy,Precision,Recall,F1 Score,ROC AUC Score,Overall MCC
125,0.8756623101377605,0.8878155554746361,0.8756623101377605,0.8799734730666589,0.942961779825764,0.7797136412052917
