Model,Accuracy,Precision,Recall,F1 Score,ROC AUC Score,Overall MCC
293,0.8876722006358178,0.8946725017559697,0.8876722006358178,0.8901623175825494,0.9499099614149684,0.7991816127190008
