Model,Accuracy,Precision,Recall,F1 Score,ROC AUC Score,Overall MCC
138,0.8760155422112328,0.8886902460691279,0.8760155422112328,0.8804633060808934,0.9454458880179505,0.7806166513347442
