Model,Accuracy,Precision,Recall,F1 Score,ROC AUC Score,Overall MCC
478,0.8915577534440127,0.8966266080725527,0.8915577534440127,0.8935463256254893,0.9473840422606905,0.805042897448395
