Model,Accuracy,Precision,Recall,F1 Score,ROC AUC Score,Overall MCC
436,0.8862592723419287,0.8925000936201201,0.8862592723419287,0.8886054020014821,0.9497080651535765,0.7961165195871528
