Model,Accuracy,Precision,Recall,F1 Score,ROC AUC Score,Overall MCC
289,0.8876722006358178,0.8954290340739558,0.8876722006358178,0.8904267948025069,0.9499537542085962,0.7994699216908585
