Model,Accuracy,Precision,Recall,F1 Score,ROC AUC Score,Overall MCC
197,0.8813140233133169,0.8913073988666868,0.8813140233133169,0.8848726903315517,0.9421222666980338,0.7889329872133573
