Model,Accuracy,Precision,Recall,F1 Score,ROC AUC Score,Overall MCC
198,0.8788413987990109,0.8904257963150334,0.8788413987990109,0.88293180937997,0.9413179810383637,0.7851813106836346
