Model,Accuracy,Precision,Recall,F1 Score,ROC AUC Score,Overall MCC
426,0.8883786647827623,0.8934095651548124,0.8883786647827623,0.8903158263356155,0.9497387789590626,0.7993852560436775
