Model,Accuracy,Precision,Recall,F1 Score,ROC AUC Score,Overall MCC
145,0.8770752384316496,0.888259214767229,0.8770752384316496,0.8810130584107349,0.9438189399930499,0.7819048709715632
