Model,Accuracy,Precision,Recall,F1 Score,ROC AUC Score,Overall MCC
119,0.8735429176969269,0.8859270392857543,0.8735429176969269,0.8778943052690064,0.9435250324817482,0.7761025486816509
