Model,Accuracy,Precision,Recall,F1 Score,ROC AUC Score,Overall MCC
422,0.8887318968562345,0.8932441819940959,0.8887318968562345,0.8904955148736939,0.9502647398155247,0.7997672881053841
