Model,Accuracy,Precision,Recall,F1 Score,ROC AUC Score,Overall MCC
402,0.8887318968562345,0.8940517849128191,0.8887318968562345,0.8907379521074423,0.9503199145432776,0.8002248302433084
