Model,Accuracy,Precision,Recall,F1 Score,ROC AUC Score,Overall MCC
106,0.8714235252560932,0.8848054779471733,0.8714235252560932,0.876225229905684,0.9431706231919682,0.7725779715477101
