Model,Accuracy,Precision,Recall,F1 Score,ROC AUC Score,Overall MCC
486,0.8890851289297068,0.894889548181664,0.8890851289297068,0.8913207831872284,0.9478863959163344,0.8009244582304818
