Model,Accuracy,Precision,Recall,F1 Score,ROC AUC Score,Overall MCC
288,0.8859060402684564,0.8939811066853358,0.8859060402684564,0.8887467957584546,0.9497664042117936,0.7964738332479832
