Model,Accuracy,Precision,Recall,F1 Score,ROC AUC Score,Overall MCC
38,0.7933592370187214,0.8359851924396755,0.7933592370187214,0.8070444700811731,0.8791135605481495,0.6505825154929301
