Model,Accuracy,Precision,Recall,F1 Score,ROC AUC Score,Overall MCC
284,0.8873189685623455,0.8953494245473497,0.8873189685623455,0.8901770082150129,0.9493089598487653,0.798928709173951
