Model,Accuracy,Precision,Recall,F1 Score,ROC AUC Score,Overall MCC
83,0.8601200989049805,0.8832709280318696,0.8601200989049805,0.8684277195690839,0.9367473684601638,0.7564852228030181
