Model,Accuracy,Precision,Recall,F1 Score,ROC AUC Score,Overall MCC
114,0.871070293182621,0.8840953602999506,0.871070293182621,0.8758430091651997,0.9419494226325235,0.7716499699869492
