Model,Accuracy,Precision,Recall,F1 Score,ROC AUC Score,Overall MCC
27,0.7008124337689863,0.7480867028664481,0.7008124337689863,0.7113786549500639,0.8668822279712244,0.5031275513011447
