Model,Accuracy,Precision,Recall,F1 Score,ROC AUC Score,Overall MCC
162,0.8802543270929001,0.8932530603201057,0.8802543270929001,0.8846470524520456,0.942912274370649,0.7885218590830549
