Model,Accuracy,Precision,Recall,F1 Score,ROC AUC Score,Overall MCC
225,0.8834334157541505,0.8928357132030426,0.8834334157541505,0.8867270725520386,0.9473837379276331,0.7925790846308668
