Model,Accuracy,Precision,Recall,F1 Score,ROC AUC Score,Overall MCC
389,0.8851995761215118,0.8914704466700063,0.8851995761215118,0.8874877766862399,0.9509358534848262,0.7943682649913069
