Model,Accuracy,Precision,Recall,F1 Score,ROC AUC Score,Overall MCC
298,0.8883786647827623,0.8948650098206118,0.8883786647827623,0.8907021467485996,0.9498556526308749,0.800225631273552
