Model,Accuracy,Precision,Recall,F1 Score,ROC AUC Score,Overall MCC
458,0.8890851289297068,0.8942733088356632,0.8890851289297068,0.8910796885713469,0.9500374433549403,0.8007213942856094
