Model,Accuracy,Precision,Recall,F1 Score,ROC AUC Score,Overall MCC
324,0.8887318968562345,0.8961309390184239,0.8887318968562345,0.8913679897324677,0.9496507539833164,0.801220698780719
