Model,Accuracy,Precision,Recall,F1 Score,ROC AUC Score,Overall MCC
213,0.8816672553867891,0.8918882253057525,0.8816672553867891,0.88531487861135,0.9463370094322227,0.78963472605706
