Model,Accuracy,Precision,Recall,F1 Score,ROC AUC Score,Overall MCC
132,0.8746026139173437,0.8876564302724859,0.8746026139173437,0.8791627351894662,0.943690466220644,0.7782872715649556
