Model,Accuracy,Precision,Recall,F1 Score,ROC AUC Score,Overall MCC
5,0.6623101377605086,0.7343294524234736,0.6623101377605086,0.6796461750265318,0.8599229021699021,0.4596772791549156
