Model,Accuracy,Precision,Recall,F1 Score,ROC AUC Score,Overall MCC
117,0.8738961497703992,0.8849062219209577,0.8738961497703992,0.8779204447027613,0.9425156483413678,0.7759335497318249
