Model,Accuracy,Precision,Recall,F1 Score,ROC AUC Score,Overall MCC
232,0.8851995761215118,0.8936199109626365,0.8851995761215118,0.8882202561725432,0.9475718200348832,0.7952428495914117
