Model,Accuracy,Precision,Recall,F1 Score,ROC AUC Score,Overall MCC
135,0.8756623101377605,0.8885608526053546,0.8756623101377605,0.8802128538917373,0.9449825965491124,0.7800404781423306
