Model,Accuracy,Precision,Recall,F1 Score,ROC AUC Score,Overall MCC
294,0.8876722006358178,0.8951468375146232,0.8876722006358178,0.8903438381604258,0.9499948947824065,0.799335527363522
