Model,Accuracy,Precision,Recall,F1 Score,ROC AUC Score,Overall MCC
341,0.8873189685623455,0.8946968315196377,0.8873189685623455,0.8899475504731231,0.9501366076539202,0.7986829444348057
