Model,Accuracy,Precision,Recall,F1 Score,ROC AUC Score,Overall MCC
107,0.8721299894030378,0.8850150148121791,0.8721299894030378,0.8767924518017205,0.9426540752714162,0.7735754505031637
