Model,Accuracy,Precision,Recall,F1 Score,ROC AUC Score,Overall MCC
129,0.8728364535499823,0.8869693491352907,0.8728364535499823,0.8777865753798247,0.9437805048056757,0.775557962013252
