Model,Accuracy,Precision,Recall,F1 Score,ROC AUC Score,Overall MCC
243,0.8844931119745673,0.8929077119688129,0.8844931119745673,0.8875130173122519,0.9476600863992993,0.793974638177771
