Model,Accuracy,Precision,Recall,F1 Score,ROC AUC Score,Overall MCC
40,0.7933592370187214,0.8360106256426859,0.7933592370187214,0.8071042535961261,0.8788662520501537,0.6504663101614042
