Model,Accuracy,Precision,Recall,F1 Score,ROC AUC Score,Overall MCC
42,0.7972447898269163,0.8355439231950187,0.7972447898269163,0.8098796682413523,0.8781416888182022,0.6544798810417087
