Model,Accuracy,Precision,Recall,F1 Score,ROC AUC Score,Overall MCC
6,0.6640762981278701,0.7330045134280004,0.6640762981278701,0.6801729801355892,0.8610925677760718,0.4606636025516788
