Model,Accuracy,Precision,Recall,F1 Score,ROC AUC Score,Overall MCC
139,0.8760155422112328,0.887824201451712,0.8760155422112328,0.8801757464831376,0.944428235551733,0.7802563807111748
