Model,Accuracy,Precision,Recall,F1 Score,ROC AUC Score,Overall MCC
236,0.8820204874602614,0.8908618726612888,0.8820204874602614,0.8852007318047949,0.9477517664272873,0.7897051351077143
