Model,Accuracy,Precision,Recall,F1 Score,ROC AUC Score,Overall MCC
349,0.886612504415401,0.8933979730886044,0.886612504415401,0.8890180384570823,0.9503308460889217,0.7972163135814343
