Model,Accuracy,Precision,Recall,F1 Score,ROC AUC Score,Overall MCC
287,0.88802543270929,0.8957971120337763,0.88802543270929,0.8907905620469015,0.9496705759653444,0.8000983619736645
