Model,Accuracy,Precision,Recall,F1 Score,ROC AUC Score,Overall MCC
386,0.8844931119745673,0.8908210309976559,0.8844931119745673,0.886773108927022,0.9505568537173416,0.7931762627886625
