Model,Accuracy,Precision,Recall,F1 Score,ROC AUC Score,Overall MCC
377,0.8890851289297068,0.8948191724523926,0.8890851289297068,0.8911797268118911,0.9511812577623262,0.8011353692980291
