Model,Accuracy,Precision,Recall,F1 Score,ROC AUC Score,Overall MCC
399,0.8869657364888732,0.8924073098969397,0.8869657364888732,0.8890059169555419,0.9503821188757677,0.7971197157172653
