Model,Accuracy,Precision,Recall,F1 Score,ROC AUC Score,Overall MCC
238,0.884139879901095,0.8924095926957117,0.884139879901095,0.8870715286855083,0.9474577586938544,0.7933521315897059
