Model,Accuracy,Precision,Recall,F1 Score,ROC AUC Score,Overall MCC
177,0.8827269516072059,0.8937295186608156,0.8827269516072059,0.8865585316128928,0.9414456701448146,0.7919620567485985
