Model,Accuracy,Precision,Recall,F1 Score,ROC AUC Score,Overall MCC
188,0.8830801836806782,0.8934061230324142,0.8830801836806782,0.8867285868183014,0.9419389946419782,0.7922515271193123
