Model,Accuracy,Precision,Recall,F1 Score,ROC AUC Score,Overall MCC
387,0.8851995761215118,0.8917931219914665,0.8851995761215118,0.8875819273015514,0.9511421772422036,0.7945317093291118
