Model,Accuracy,Precision,Recall,F1 Score,ROC AUC Score,Overall MCC
498,0.8901448251501236,0.896139068230277,0.8901448251501236,0.8924516733215235,0.9469112626893441,0.8028972708084415
