Model,Accuracy,Precision,Recall,F1 Score,ROC AUC Score,Overall MCC
50,0.8244436594842812,0.863559374220637,0.8244436594842812,0.8401148518330207,0.9026904631162024,0.6990020112718642
