Model,Accuracy,Precision,Recall,F1 Score,ROC AUC Score,Overall MCC
36,0.7947721653126104,0.8482136206109663,0.7947721653126104,0.8098181431508762,0.9040140497494837,0.6613446645469024
