Model,Accuracy,Precision,Recall,F1 Score,ROC AUC Score,Overall MCC
111,0.87248322147651,0.8847417408851622,0.87248322147651,0.8769526599599938,0.9427514001276194,0.7739111876682702
