Model,Accuracy,Precision,Recall,F1 Score,ROC AUC Score,Overall MCC
269,0.8834334157541505,0.890546627309544,0.8834334157541505,0.8860205689809745,0.9500447595705291,0.7915291831752149
