Model,Accuracy,Precision,Recall,F1 Score,ROC AUC Score,Overall MCC
450,0.8897915930766513,0.8946932340638432,0.8897915930766513,0.891653093156212,0.9498287069330834,0.8019315698560715
