Model,Accuracy,Precision,Recall,F1 Score,ROC AUC Score,Overall MCC
126,0.8756623101377605,0.8885743593660584,0.8756623101377605,0.880219387089266,0.9444207421140828,0.7800404781423306
