Model,Accuracy,Precision,Recall,F1 Score,ROC AUC Score,Overall MCC
128,0.8753090780642883,0.8884287532515054,0.8753090780642883,0.8799352172067226,0.9438279330960072,0.7794998101898046
