Model,Accuracy,Precision,Recall,F1 Score,ROC AUC Score,Overall MCC
185,0.8848463440480395,0.8937983249025957,0.8848463440480395,0.8880290653823298,0.9426561273806667,0.7948583231288368
