Model,Accuracy,Precision,Recall,F1 Score,ROC AUC Score,Overall MCC
429,0.886612504415401,0.8919215805479193,0.886612504415401,0.8886286369154918,0.9495613100088568,0.7963525239955704
