Model,Accuracy,Precision,Recall,F1 Score,ROC AUC Score,Overall MCC
67,0.8442246555987284,0.865319867834581,0.8442246555987284,0.8529490935955613,0.9186637154671202,0.7257754887701469
