Model,Accuracy,Precision,Recall,F1 Score,ROC AUC Score,Overall MCC
254,0.8827269516072059,0.8907852845477753,0.8827269516072059,0.8856597099116561,0.9507032226401892,0.790617166669106
