Model,Accuracy,Precision,Recall,F1 Score,ROC AUC Score,Overall MCC
394,0.885552808194984,0.8907787492315508,0.885552808194984,0.8875114715903479,0.9501758562294459,0.7944977253501753
