Model,Accuracy,Precision,Recall,F1 Score,ROC AUC Score,Overall MCC
45,0.823030731190392,0.8630441745425355,0.823030731190392,0.8390775281212701,0.8986023431005422,0.696933088548038
