Model,Accuracy,Precision,Recall,F1 Score,ROC AUC Score,Overall MCC
140,0.8784881667255386,0.8900128814369701,0.8784881667255386,0.8825148646322207,0.9451372136311486,0.7845986239883835
