Model,Accuracy,Precision,Recall,F1 Score,ROC AUC Score,Overall MCC
96,0.8735429176969269,0.8873198256592623,0.8735429176969269,0.8784812508965983,0.9389603886203588,0.7765014686787473
