Model,Accuracy,Precision,Recall,F1 Score,ROC AUC Score,Overall MCC
321,0.8876722006358178,0.8949596087253778,0.8876722006358178,0.8902838457843785,0.9496074195226063,0.7992557224069798
