Model,Accuracy,Precision,Recall,F1 Score,ROC AUC Score,Overall MCC
241,0.8844931119745673,0.8926967565576226,0.8844931119745673,0.887433548767918,0.9473798653200333,0.7939046026812462
