Model,Accuracy,Precision,Recall,F1 Score,ROC AUC Score,Overall MCC
23,0.6990462734016248,0.749869244038657,0.6990462734016248,0.7108235303275772,0.8668319250168324,0.5027047091797621
