Model,Accuracy,Precision,Recall,F1 Score,ROC AUC Score,Overall MCC
1,0.18014835747085836,0.5728082844099459,0.18014835747085836,0.19498821732382018,0.5661263520454407,0.11227273939480711
