Model,Accuracy,Precision,Recall,F1 Score,ROC AUC Score,Overall MCC
59,0.8276227481455316,0.8562390486344528,0.8276227481455316,0.8398353795096106,0.9007233324552897,0.6988218596127966
