Model,Accuracy,Precision,Recall,F1 Score,ROC AUC Score,Overall MCC
18,0.6919816319321794,0.7470805977504462,0.6919816319321794,0.7045657360583821,0.8636164623210741,0.4952068736122819
