Model,Accuracy,Precision,Recall,F1 Score,ROC AUC Score,Overall MCC
362,0.8890851289297068,0.8953971894711138,0.8890851289297068,0.891347294087458,0.9509965654853362,0.8014259845983681
