Model,Accuracy,Precision,Recall,F1 Score,ROC AUC Score,Overall MCC
196,0.8813140233133169,0.892217110622248,0.8813140233133169,0.8851834188467936,0.9412548716511386,0.7892958624296528
