Model,Accuracy,Precision,Recall,F1 Score,ROC AUC Score,Overall MCC
82,0.8583539385376192,0.881379909965557,0.8583539385376192,0.8665189913277123,0.9362698210042512,0.7534704082697603
