Model,Accuracy,Precision,Recall,F1 Score,ROC AUC Score,Overall MCC
404,0.8869657364888732,0.8922964085909719,0.8869657364888732,0.8889718101152286,0.9499864388456287,0.7970633126344844
