Model,Accuracy,Precision,Recall,F1 Score,ROC AUC Score,Overall MCC
415,0.8890851289297068,0.8936967390137962,0.8890851289297068,0.8908710934672592,0.9511442495181027,0.8004714559864868
