Model,Accuracy,Precision,Recall,F1 Score,ROC AUC Score,Overall MCC
143,0.8777817025785941,0.8892129560749644,0.8777817025785941,0.8818267207075094,0.9448498981694256,0.7832270827256556
