Model,Accuracy,Precision,Recall,F1 Score,ROC AUC Score,Overall MCC
319,0.8883786647827623,0.8956604191833616,0.8883786647827623,0.8909760239555455,0.9494697925362771,0.8005393391069481
