Model,Accuracy,Precision,Recall,F1 Score,ROC AUC Score,Overall MCC
193,0.8813140233133169,0.8918345960265089,0.8813140233133169,0.8850783407892213,0.9422229111067827,0.7891020059713312
