Model,Accuracy,Precision,Recall,F1 Score,ROC AUC Score,Overall MCC
161,0.8791946308724832,0.8911129427267779,0.8791946308724832,0.8832722998219013,0.9425103188461997,0.7861377312767877
