Model,Accuracy,Precision,Recall,F1 Score,ROC AUC Score,Overall MCC
242,0.8848463440480395,0.893067515892058,0.8848463440480395,0.8877976247518334,0.94789099880105,0.7945341590131294
