Model,Accuracy,Precision,Recall,F1 Score,ROC AUC Score,Overall MCC
444,0.8883786647827623,0.893899810661422,0.8883786647827623,0.8904922245678578,0.948803124696278,0.7995848745163926
