Model,Accuracy,Precision,Recall,F1 Score,ROC AUC Score,Overall MCC
170,0.8784881667255386,0.8910540802145434,0.8784881667255386,0.8828033907544414,0.9416106235508123,0.7851114213192387
