Model,Accuracy,Precision,Recall,F1 Score,ROC AUC Score,Overall MCC
235,0.8844931119745673,0.8928251773610654,0.8844931119745673,0.887510628892783,0.9477802454014664,0.7938985678580955
