Model,Accuracy,Precision,Recall,F1 Score,ROC AUC Score,Overall MCC
373,0.8876722006358178,0.8944316484854379,0.8876722006358178,0.8901157777264243,0.9508228463095082,0.7990226962912282
