Model,Accuracy,Precision,Recall,F1 Score,ROC AUC Score,Overall MCC
218,0.8851995761215118,0.8931902358367355,0.8851995761215118,0.8880459533667283,0.9475717259238574,0.7951198349471423
