Model,Accuracy,Precision,Recall,F1 Score,ROC AUC Score,Overall MCC
262,0.8830801836806782,0.8909701132101232,0.8830801836806782,0.8859652117004901,0.950086549143751,0.7911632259279532
