Model,Accuracy,Precision,Recall,F1 Score,ROC AUC Score,Overall MCC
416,0.88802543270929,0.8932722245139947,0.88802543270929,0.8900401312243695,0.9510189565761461,0.7988260294870847
