Model,Accuracy,Precision,Recall,F1 Score,ROC AUC Score,Overall MCC
480,0.8894383610031791,0.8948980063144946,0.8894383610031791,0.8915493335543532,0.9475941365702051,0.8014250391778335
