Model,Accuracy,Precision,Recall,F1 Score,ROC AUC Score,Overall MCC
303,0.886612504415401,0.8940488635164875,0.886612504415401,0.8892571204711853,0.9508119862637993,0.7974470773041317
