Model,Accuracy,Precision,Recall,F1 Score,ROC AUC Score,Overall MCC
60,0.8315083009537266,0.8587860377749638,0.8315083009537266,0.8430769198209412,0.9052508666281032,0.705261987494258
