Model,Accuracy,Precision,Recall,F1 Score,ROC AUC Score,Overall MCC
28,0.6990462734016248,0.7464467090841763,0.6990462734016248,0.7100866095213962,0.865471759750049,0.49933073006442347
