Model,Accuracy,Precision,Recall,F1 Score,ROC AUC Score,Overall MCC
220,0.884139879901095,0.8926689278953687,0.884139879901095,0.8871492356794635,0.9472098366408592,0.7934728647490455
