Model,Accuracy,Precision,Recall,F1 Score,ROC AUC Score,Overall MCC
369,0.8897915930766513,0.8959368258590847,0.8897915930766513,0.8919958073762587,0.9506666128400489,0.8026273352283354
