Model,Accuracy,Precision,Recall,F1 Score,ROC AUC Score,Overall MCC
19,0.6912751677852349,0.7449952594689806,0.6912751677852349,0.7031169575866322,0.8658338073106813,0.4932986109994297
