Model,Accuracy,Precision,Recall,F1 Score,ROC AUC Score,Overall MCC
417,0.8876722006358178,0.8927517752016482,0.8876722006358178,0.8896253986173334,0.9507092298569649,0.7981243963887165
