Model,Accuracy,Precision,Recall,F1 Score,ROC AUC Score,Overall MCC
252,0.8837866478276227,0.8918048200157767,0.8837866478276227,0.886708891935353,0.950238356339446,0.7924899260052233
