Model,Accuracy,Precision,Recall,F1 Score,ROC AUC Score,Overall MCC
43,0.8194984104556694,0.8614440994155546,0.8194984104556694,0.8361343529129073,0.8987800216616693,0.6919542745301206
