Model,Accuracy,Precision,Recall,F1 Score,ROC AUC Score,Overall MCC
475,0.8887318968562345,0.8939465853581596,0.8887318968562345,0.890736760369093,0.9497638882696302,0.8000893604321166
