Model,Accuracy,Precision,Recall,F1 Score,ROC AUC Score,Overall MCC
216,0.8837866478276227,0.8938130291615011,0.8837866478276227,0.8873067487643531,0.9457389411966933,0.7934331615776221
