Model,Accuracy,Precision,Recall,F1 Score,ROC AUC Score,Overall MCC
54,0.8279759802190039,0.8619026829804036,0.8279759802190039,0.8418467261559267,0.9065119146514196,0.7025080948270088
