Model,Accuracy,Precision,Recall,F1 Score,ROC AUC Score,Overall MCC
70,0.8428117273048393,0.8617085286475489,0.8428117273048393,0.8509669750330243,0.9106341248583935,0.7218045882708337
