Model,Accuracy,Precision,Recall,F1 Score,ROC AUC Score,Overall MCC
457,0.8908512892970681,0.8956660453210479,0.8908512892970681,0.8926995610407196,0.9504481224825913,0.8037705592451808
