Model,Accuracy,Precision,Recall,F1 Score,ROC AUC Score,Overall MCC
263,0.8844931119745673,0.8925221415409795,0.8844931119745673,0.8874182565766655,0.95023913978318,0.7937595812521477
