Model,Accuracy,Precision,Recall,F1 Score,ROC AUC Score,Overall MCC
8,0.6654892264217591,0.7315235455042575,0.6654892264217591,0.6812657756709599,0.8612378208110424,0.4606283565286868
