Model,Accuracy,Precision,Recall,F1 Score,ROC AUC Score,Overall MCC
381,0.8862592723419287,0.8922842332072671,0.8862592723419287,0.8884453952636296,0.9507320597251546,0.7961993997956008
