Model,Accuracy,Precision,Recall,F1 Score,ROC AUC Score,Overall MCC
430,0.8876722006358178,0.892770875554657,0.8876722006358178,0.8896322139887133,0.9499290384532273,0.7981280738509732
