Model,Accuracy,Precision,Recall,F1 Score,ROC AUC Score,Overall MCC
276,0.884139879901095,0.892350804647756,0.884139879901095,0.887126455704771,0.9499703244713503,0.7932027217511033
