Model,Accuracy,Precision,Recall,F1 Score,ROC AUC Score,Overall MCC
283,0.8876722006358178,0.8951711325914217,0.8876722006358178,0.8903691706819404,0.9491239485720645,0.7993163117882275
