Model,Accuracy,Precision,Recall,F1 Score,ROC AUC Score,Overall MCC
310,0.8894383610031791,0.8955699275277198,0.8894383610031791,0.8916327498982827,0.950453521033252,0.8019973651173072
