Model,Accuracy,Precision,Recall,F1 Score,ROC AUC Score,Overall MCC
414,0.88802543270929,0.893107930941643,0.88802543270929,0.8899800864992763,0.9510608750936956,0.7987604168861957
