Model,Accuracy,Precision,Recall,F1 Score,ROC AUC Score,Overall MCC
210,0.8823737195337337,0.8923390260933292,0.8823737195337337,0.8859710276262647,0.9463645271294953,0.7907320379946212
