Model,Accuracy,Precision,Recall,F1 Score,ROC AUC Score,Overall MCC
4,0.6541858000706464,0.7254384689670919,0.6541858000706464,0.6759063928716673,0.8459142284822105,0.44393605864113017
