Model,Accuracy,Precision,Recall,F1 Score,ROC AUC Score,Overall MCC
88,0.8668315083009537,0.8808781496280101,0.8668315083009537,0.8721936265854058,0.9369915926831783,0.7641667105111205
