Model,Accuracy,Precision,Recall,F1 Score,ROC AUC Score,Overall MCC
240,0.884139879901095,0.8929602724100494,0.884139879901095,0.8873072599443522,0.9475108965901203,0.7934875676730715
