Model,Accuracy,Precision,Recall,F1 Score,ROC AUC Score,Overall MCC
169,0.8784881667255386,0.8908297534741636,0.8784881667255386,0.8827273040831909,0.9415127101951427,0.7850236344239809
