Model,Accuracy,Precision,Recall,F1 Score,ROC AUC Score,Overall MCC
385,0.8862592723419287,0.892956383905633,0.8862592723419287,0.8886573242310644,0.9506827357698752,0.7965081300218777
