Model,Accuracy,Precision,Recall,F1 Score,ROC AUC Score,Overall MCC
29,0.7032850582832921,0.7500251529030713,0.7032850582832921,0.7144312923283865,0.8661440357516298,0.5058102059823714
