Model,Accuracy,Precision,Recall,F1 Score,ROC AUC Score,Overall MCC
250,0.8830801836806782,0.8916491154857331,0.8830801836806782,0.8861472703484098,0.9501783312272019,0.7915212872224846
