Model,Accuracy,Precision,Recall,F1 Score,ROC AUC Score,Overall MCC
246,0.8837866478276227,0.8911580632223173,0.8837866478276227,0.8864677631665391,0.9476392353070934,0.7922585558289258
