Model,Accuracy,Precision,Recall,F1 Score,ROC AUC Score,Overall MCC
260,0.8823737195337337,0.8907187386678395,0.8823737195337337,0.8853917671919966,0.9506656124520668,0.7901242858674936
