Model,Accuracy,Precision,Recall,F1 Score,ROC AUC Score,Overall MCC
336,0.886612504415401,0.8935893803874627,0.886612504415401,0.8890942927214214,0.9501055620154015,0.7972759474045469
