Model,Accuracy,Precision,Recall,F1 Score,ROC AUC Score,Overall MCC
64,0.8382197103496998,0.864303856599531,0.8382197103496998,0.8487096091006963,0.9166187775989748,0.7175841244317891
