Model,Accuracy,Precision,Recall,F1 Score,ROC AUC Score,Overall MCC
495,0.8894383610031791,0.894568270520895,0.8894383610031791,0.8914295720052398,0.9475368535110306,0.8012932887026862
