Model,Accuracy,Precision,Recall,F1 Score,ROC AUC Score,Overall MCC
286,0.8883786647827623,0.8954905678293554,0.8883786647827623,0.8909209177552067,0.949110841472837,0.800465010046497
