Model,Accuracy,Precision,Recall,F1 Score,ROC AUC Score,Overall MCC
343,0.8894383610031791,0.8956837421645851,0.8894383610031791,0.8917019789052782,0.9504573581964397,0.8019887588398074
