Model,Accuracy,Precision,Recall,F1 Score,ROC AUC Score,Overall MCC
63,0.8311550688802544,0.8587659538448734,0.8311550688802544,0.8428343700896642,0.9059447435545437,0.7048175804576302
