Model,Accuracy,Precision,Recall,F1 Score,ROC AUC Score,Overall MCC
32,0.7703991522430237,0.825702907351625,0.7703991522430237,0.7825174813421398,0.8952572296334451,0.6228104346765596
