Model,Accuracy,Precision,Recall,F1 Score,ROC AUC Score,Overall MCC
227,0.885552808194984,0.8938066879990236,0.885552808194984,0.8885221429590537,0.9476198820468625,0.795796806729233
