Model,Accuracy,Precision,Recall,F1 Score,ROC AUC Score,Overall MCC
443,0.8894383610031791,0.8952533936862022,0.8894383610031791,0.8916431957981916,0.9482843327777605,0.8016285652723395
