Model,Accuracy,Precision,Recall,F1 Score,ROC AUC Score,Overall MCC
379,0.88802543270929,0.8942295238459227,0.88802543270929,0.8902627549087059,0.9506468281357647,0.7994595491239432
