Model,Accuracy,Precision,Recall,F1 Score,ROC AUC Score,Overall MCC
459,0.8897915930766513,0.8947898495099375,0.8897915930766513,0.8917040532034931,0.9504047531885794,0.8019341965682074
