Model,Accuracy,Precision,Recall,F1 Score,ROC AUC Score,Overall MCC
110,0.8742493818438715,0.8861687055522721,0.8742493818438715,0.8785377029673989,0.9422350923735162,0.7770180972331702
