Model,Accuracy,Precision,Recall,F1 Score,ROC AUC Score,Overall MCC
295,0.8890851289297068,0.8957665126533187,0.8890851289297068,0.891477203385457,0.9497544386670868,0.8015661355491781
