Model,Accuracy,Precision,Recall,F1 Score,ROC AUC Score,Overall MCC
89,0.8675379724478983,0.8824668791532843,0.8675379724478983,0.8730224405915757,0.9384428947006643,0.7660947079331566
