Model,Accuracy,Precision,Recall,F1 Score,ROC AUC Score,Overall MCC
449,0.8873189685623455,0.8929766872837055,0.8873189685623455,0.8894782637812975,0.9505121674800793,0.7977448419456895
