Model,Accuracy,Precision,Recall,F1 Score,ROC AUC Score,Overall MCC
65,0.8428117273048393,0.8659424179232141,0.8428117273048393,0.8523028718093197,0.9177793107689803,0.7241767264823249
