Model,Accuracy,Precision,Recall,F1 Score,ROC AUC Score,Overall MCC
382,0.8883786647827623,0.8947780468643423,0.8883786647827623,0.890691280890259,0.9509828264977928,0.8001573974902987
