Model,Accuracy,Precision,Recall,F1 Score,ROC AUC Score,Overall MCC
372,0.8883786647827623,0.8952409369447274,0.8883786647827623,0.8908398266984284,0.9501800185034498,0.8003598005781047
