Model,Accuracy,Precision,Recall,F1 Score,ROC AUC Score,Overall MCC
304,0.8887318968562345,0.8952432211211974,0.8887318968562345,0.8911071146839897,0.9503644235584782,0.8007916910443335
