Model,Accuracy,Precision,Recall,F1 Score,ROC AUC Score,Overall MCC
359,0.8894383610031791,0.8957755664319788,0.8894383610031791,0.8917180875734462,0.9510786785775537,0.8020527390999382
