Model,Accuracy,Precision,Recall,F1 Score,ROC AUC Score,Overall MCC
421,0.88802543270929,0.8929837497607089,0.88802543270929,0.8899337822176493,0.9516506450589707,0.7987032518695504
