Model,Accuracy,Precision,Recall,F1 Score,ROC AUC Score,Overall MCC
158,0.8788413987990109,0.8915728686681066,0.8788413987990109,0.883285220621471,0.9419109660562798,0.7856969871046227
