Model,Accuracy,Precision,Recall,F1 Score,ROC AUC Score,Overall MCC
302,0.8887318968562345,0.8950399555236972,0.8887318968562345,0.8909920723477817,0.9502569304337164,0.8007916910443335
