Model,Accuracy,Precision,Recall,F1 Score,ROC AUC Score,Overall MCC
285,0.886612504415401,0.894831599501746,0.886612504415401,0.8895420242337576,0.9498205217182826,0.797727715094977
