Model,Accuracy,Precision,Recall,F1 Score,ROC AUC Score,Overall MCC
326,0.885552808194984,0.8940343413350472,0.885552808194984,0.8885564593113564,0.9496560394785242,0.7959632867717253
