Model,Accuracy,Precision,Recall,F1 Score,ROC AUC Score,Overall MCC
393,0.8873189685623455,0.8921039103080536,0.8873189685623455,0.8891288060470981,0.9508854448083078,0.7974712580106784
