Model,Accuracy,Precision,Recall,F1 Score,ROC AUC Score,Overall MCC
244,0.8844931119745673,0.8927269388059674,0.8844931119745673,0.8874542589215146,0.9476194414361508,0.7938960743393817
