Model,Accuracy,Precision,Recall,F1 Score,ROC AUC Score,Overall MCC
338,0.8869657364888732,0.8943177027297241,0.8869657364888732,0.8895753995857122,0.9501954728783267,0.7980584666664152
