Model,Accuracy,Precision,Recall,F1 Score,ROC AUC Score,Overall MCC
226,0.885552808194984,0.8944497942849634,0.885552808194984,0.8887074116219627,0.9478894740802102,0.7961088664313067
