Model,Accuracy,Precision,Recall,F1 Score,ROC AUC Score,Overall MCC
146,0.8806075591663723,0.890840198848879,0.8806075591663723,0.8842305649087904,0.9436936996066013,0.7878003814758869
