Model,Accuracy,Precision,Recall,F1 Score,ROC AUC Score,Overall MCC
209,0.8795478629459554,0.8910505614775053,0.8795478629459554,0.8835981617518984,0.9462555416727533,0.786422611862924
