Model,Accuracy,Precision,Recall,F1 Score,ROC AUC Score,Overall MCC
105,0.8746026139173437,0.8872476326437483,0.8746026139173437,0.8791948837558017,0.9428650501912433,0.7778530983210122
