Model,Accuracy,Precision,Recall,F1 Score,ROC AUC Score,Overall MCC
434,0.8869657364888732,0.8924780405031584,0.8869657364888732,0.8890736187475388,0.9487240549346346,0.7970444628908575
