Model,Accuracy,Precision,Recall,F1 Score,ROC AUC Score,Overall MCC
124,0.874955845990816,0.887619434651375,0.874955845990816,0.879423756183641,0.9430581831272473,0.7786931441029786
