Model,Accuracy,Precision,Recall,F1 Score,ROC AUC Score,Overall MCC
137,0.8760155422112328,0.8890030474366063,0.8760155422112328,0.8805485390174458,0.9441303625440268,0.7807757552954487
