Model,Accuracy,Precision,Recall,F1 Score,ROC AUC Score,Overall MCC
212,0.8813140233133169,0.8921273650870439,0.8813140233133169,0.8851474439605208,0.9461301747864193,0.7892666710705489
