Model,Accuracy,Precision,Recall,F1 Score,ROC AUC Score,Overall MCC
206,0.8820204874602614,0.8927900053969923,0.8820204874602614,0.8858493950960559,0.9453947252310048,0.7904864674436062
