Model,Accuracy,Precision,Recall,F1 Score,ROC AUC Score,Overall MCC
164,0.8777817025785941,0.8908318452338668,0.8777817025785941,0.882223245818494,0.9416329706416621,0.7841088837328365
