Model,Accuracy,Precision,Recall,F1 Score,ROC AUC Score,Overall MCC
102,0.8760155422112328,0.8880933366700094,0.8760155422112328,0.8804748769950264,0.9417195521742728,0.7800348547027611
