Model,Accuracy,Precision,Recall,F1 Score,ROC AUC Score,Overall MCC
325,0.88802543270929,0.8955861190960145,0.88802543270929,0.8907090848498915,0.950319217266132,0.800033097997336
