Model,Accuracy,Precision,Recall,F1 Score,ROC AUC Score,Overall MCC
455,0.8897915930766513,0.8949363870850832,0.8897915930766513,0.8917566606613183,0.9501002392424498,0.8019969196466614
