Model,Accuracy,Precision,Recall,F1 Score,ROC AUC Score,Overall MCC
20,0.6873896149770399,0.7405096253648237,0.6873896149770399,0.6992549469299805,0.8625186792052864,0.4862338469599639
