Model,Accuracy,Precision,Recall,F1 Score,ROC AUC Score,Overall MCC
493,0.8890851289297068,0.8945402353557245,0.8890851289297068,0.8911938465258493,0.9479945759293623,0.8007893471907397
