Model,Accuracy,Precision,Recall,F1 Score,ROC AUC Score,Overall MCC
31,0.7689862239491346,0.8282944624952474,0.7689862239491346,0.7811834666484256,0.8923231998491877,0.6231865146086649
