Model,Accuracy,Precision,Recall,F1 Score,ROC AUC Score,Overall MCC
97,0.8678912045213706,0.8830969594223342,0.8678912045213706,0.8733700824562237,0.9383208210891222,0.7669954436402607
