Model,Accuracy,Precision,Recall,F1 Score,ROC AUC Score,Overall MCC
347,0.8876722006358178,0.8946725017559697,0.8876722006358178,0.8901623175825494,0.9494082928142591,0.7991816127190008
