Model,Accuracy,Precision,Recall,F1 Score,ROC AUC Score,Overall MCC
248,0.8830801836806782,0.8909224829434454,0.8830801836806782,0.8859490333607117,0.9501939145464062,0.7911397024442351
