Model,Accuracy,Precision,Recall,F1 Score,ROC AUC Score,Overall MCC
273,0.885552808194984,0.8931463992978422,0.885552808194984,0.88835504075899,0.9491902381786286,0.7954341341958636
