Model,Accuracy,Precision,Recall,F1 Score,ROC AUC Score,Overall MCC
66,0.8396326386435888,0.8649719157842786,0.8396326386435888,0.8499542778157481,0.9178295251123417,0.7195536320948734
