Model,Accuracy,Precision,Recall,F1 Score,ROC AUC Score,Overall MCC
313,0.8876722006358178,0.894838169355592,0.8876722006358178,0.8902080737792214,0.9494660947062963,0.799266391566217
