Model,Accuracy,Precision,Recall,F1 Score,ROC AUC Score,Overall MCC
112,0.8746026139173437,0.8864712917805526,0.8746026139173437,0.8789323883377114,0.9429635764908019,0.7775318205219097
