Model,Accuracy,Precision,Recall,F1 Score,ROC AUC Score,Overall MCC
413,0.88802543270929,0.8934031350126015,0.88802543270929,0.8900873662656944,0.9511298890311228,0.7988864333549371
