Model,Accuracy,Precision,Recall,F1 Score,ROC AUC Score,Overall MCC
467,0.8897915930766513,0.8952800529647096,0.8897915930766513,0.8918805536776329,0.9492997644682136,0.8021308297559231
