Model,Accuracy,Precision,Recall,F1 Score,ROC AUC Score,Overall MCC
314,0.88802543270929,0.895117195648429,0.88802543270929,0.8905617862591341,0.9492308580862442,0.7998256226678233
