Model,Accuracy,Precision,Recall,F1 Score,ROC AUC Score,Overall MCC
279,0.8834334157541505,0.8916095965949529,0.8834334157541505,0.8863936102347793,0.9497923776326888,0.7919501263026725
