Model,Accuracy,Precision,Recall,F1 Score,ROC AUC Score,Overall MCC
11,0.6732603320381491,0.7359665942594403,0.6732603320381491,0.6870821010286194,0.8611415311761229,0.4711631519909063
