Model,Accuracy,Precision,Recall,F1 Score,ROC AUC Score,Overall MCC
199,0.8809607912398446,0.8916782795109118,0.8809607912398446,0.8847909975980497,0.9420344525554296,0.7885531822266376
