Model,Accuracy,Precision,Recall,F1 Score,ROC AUC Score,Overall MCC
451,0.8897915930766513,0.8949239065910491,0.8897915930766513,0.8917520027976119,0.9501841868885595,0.8019948285067516
