Model,Accuracy,Precision,Recall,F1 Score,ROC AUC Score,Overall MCC
152,0.8781349346520664,0.8904753997045457,0.8781349346520664,0.8823992251004805,0.9425552085832777,0.7843590184792785
