Model,Accuracy,Precision,Recall,F1 Score,ROC AUC Score,Overall MCC
85,0.8685976686683151,0.8845903195420189,0.8685976686683151,0.8743985148411041,0.9393557117619324,0.7684876261260433
