Model,Accuracy,Precision,Recall,F1 Score,ROC AUC Score,Overall MCC
322,0.8894383610031791,0.895842500207881,0.8894383610031791,0.8917471872985411,0.9494778433067553,0.8020692356519995
