Model,Accuracy,Precision,Recall,F1 Score,ROC AUC Score,Overall MCC
433,0.88802543270929,0.8933963683179444,0.88802543270929,0.8900666357141077,0.9503985711941842,0.7989030467917063
