Model,Accuracy,Precision,Recall,F1 Score,ROC AUC Score,Overall MCC
71,0.8555280819498411,0.8709294917097608,0.8555280819498411,0.8617181868316404,0.922863448103807,0.74406370374173
