Model,Accuracy,Precision,Recall,F1 Score,ROC AUC Score,Overall MCC
257,0.8834334157541505,0.8918269921000285,0.8834334157541505,0.8864842534229006,0.9511863385354976,0.7920098838436054
