Model,Accuracy,Precision,Recall,F1 Score,ROC AUC Score,Overall MCC
37,0.7905333804309431,0.8430376743636123,0.7905333804309431,0.8066487056653634,0.8933206031670976,0.6528639724722153
