Model,Accuracy,Precision,Recall,F1 Score,ROC AUC Score,Overall MCC
447,0.88802543270929,0.893415745432285,0.88802543270929,0.8900917168886078,0.949107792642268,0.7988890465190108
