Model,Accuracy,Precision,Recall,F1 Score,ROC AUC Score,Overall MCC
249,0.8827269516072059,0.8915539139052673,0.8827269516072059,0.8858882921247623,0.9496383814389787,0.7909866060047072
