Model,Accuracy,Precision,Recall,F1 Score,ROC AUC Score,Overall MCC
453,0.8890851289297068,0.8943953527319158,0.8890851289297068,0.8911082561503934,0.9499068325289163,0.8007935203240354
