Model,Accuracy,Precision,Recall,F1 Score,ROC AUC Score,Overall MCC
489,0.8887318968562345,0.8943641431288105,0.8887318968562345,0.8909047637614602,0.9474366796574104,0.8002221363484662
