Model,Accuracy,Precision,Recall,F1 Score,ROC AUC Score,Overall MCC
350,0.8883786647827623,0.8952104532580223,0.8883786647827623,0.8908139706080719,0.9505654251540144,0.8003755340978697
