Model,Accuracy,Precision,Recall,F1 Score,ROC AUC Score,Overall MCC
95,0.8689509007417874,0.8834026674667732,0.8689509007417874,0.874326883722446,0.9368499280893986,0.7683113060424842
