Model,Accuracy,Precision,Recall,F1 Score,ROC AUC Score,Overall MCC
184,0.8813140233133169,0.8920490567849664,0.8813140233133169,0.8850412899142502,0.942279666166436,0.7893637723959767
