Model,Accuracy,Precision,Recall,F1 Score,ROC AUC Score,Overall MCC
163,0.8979159307665135,0.8964548614074662,0.8979159307665135,0.8963784327931863,0.9381671921728568,0.8126618554773885
