Model,Accuracy,Precision,Recall,F1 Score,ROC AUC Score,Overall MCC
26,0.7308371600141292,0.7347696271998131,0.7308371600141292,0.7307868887016375,0.8443426660182052,0.515926943417554
