Model,Accuracy,Precision,Recall,F1 Score,ROC AUC Score,Overall MCC
320,0.9000353232073472,0.8992407132843464,0.9000353232073472,0.8980697828820351,0.9433519555831159,0.8162282837242324
