Model,Accuracy,Precision,Recall,F1 Score,ROC AUC Score,Overall MCC
295,0.9028611797951254,0.9020557696792539,0.9028611797951254,0.9013778855206224,0.9458714623543186,0.8216717566386111
