Model,Accuracy,Precision,Recall,F1 Score,ROC AUC Score,Overall MCC
258,0.9039208760155422,0.9037982441375279,0.9039208760155422,0.9028527250266399,0.9465424360793024,0.8237822180415714
