Model,Accuracy,Precision,Recall,F1 Score,ROC AUC Score,Overall MCC
205,0.9000353232073472,0.8992053160424922,0.9000353232073472,0.8987483123432406,0.9413130243206357,0.8167332859283233
