Model,Accuracy,Precision,Recall,F1 Score,ROC AUC Score,Overall MCC
220,0.9021547156481808,0.9017115493338668,0.9021547156481808,0.9011202467814379,0.9450956978354563,0.8207045448763517
