Model,Accuracy,Precision,Recall,F1 Score,ROC AUC Score,Overall MCC
88,0.8873189685623455,0.8846619650785491,0.8873189685623455,0.8829780089233957,0.9357472466169409,0.7924703958667497
