Model,Accuracy,Precision,Recall,F1 Score,ROC AUC Score,Overall MCC
18,0.7329565524549629,0.7377883947752334,0.7329565524549629,0.7340203121734912,0.840963964692672,0.5199598976258357
