Model,Accuracy,Precision,Recall,F1 Score,ROC AUC Score,Overall MCC
424,0.8929706817379018,0.8916801032672543,0.8929706817379018,0.8890301525858796,0.9417074295741528,0.8028438760720297
