Model,Accuracy,Precision,Recall,F1 Score,ROC AUC Score,Overall MCC
109,0.8993288590604027,0.8986765313808062,0.8993288590604027,0.8976491519092062,0.9388622955981853,0.815114444789724
