Model,Accuracy,Precision,Recall,F1 Score,ROC AUC Score,Overall MCC
276,0.9046273401624868,0.9043703234187568,0.9046273401624868,0.9035658519739674,0.9443229259249916,0.8250845446801474
