Model,Accuracy,Precision,Recall,F1 Score,ROC AUC Score,Overall MCC
356,0.89579653832568,0.8947850660812522,0.89579653832568,0.8926187723268899,0.9451490930092667,0.8080235959878187
