Model,Accuracy,Precision,Recall,F1 Score,ROC AUC Score,Overall MCC
69,0.8703638290356764,0.8561860831672552,0.8703638290356764,0.8579787226948442,0.9124814185724027,0.7600672985119511
