Model,Accuracy,Precision,Recall,F1 Score,ROC AUC Score,Overall MCC
78,0.8897915930766513,0.8876977649886022,0.8897915930766513,0.8871754175018735,0.9351761213292056,0.7974636139490741
