Model,Accuracy,Precision,Recall,F1 Score,ROC AUC Score,Overall MCC
297,0.9003885552808195,0.8995484541955463,0.9003885552808195,0.8987449165677182,0.9426993506192555,0.8171376710235289
