Model,Accuracy,Precision,Recall,F1 Score,ROC AUC Score,Overall MCC
299,0.9032144118685976,0.9027559999569938,0.9032144118685976,0.9020682170034177,0.9455833218933437,0.8224852936422121
