Model,Accuracy,Precision,Recall,F1 Score,ROC AUC Score,Overall MCC
230,0.9035676439420699,0.9032635996666941,0.9035676439420699,0.9026521886224663,0.9443238095908569,0.8234186916004923
