Model,Accuracy,Precision,Recall,F1 Score,ROC AUC Score,Overall MCC
158,0.9003885552808195,0.8995911401630574,0.9003885552808195,0.8991041500508438,0.939305259085454,0.8172746980785971
