Model,Accuracy,Precision,Recall,F1 Score,ROC AUC Score,Overall MCC
392,0.8947368421052632,0.8940216029546348,0.8947368421052632,0.8918141369727721,0.9459312185779174,0.8062185536946836
