Model,Accuracy,Precision,Recall,F1 Score,ROC AUC Score,Overall MCC
228,0.9032144118685976,0.9026351064707913,0.9032144118685976,0.9022081464888683,0.9431611503672236,0.8225943239350587
