Model,Accuracy,Precision,Recall,F1 Score,ROC AUC Score,Overall MCC
207,0.8989756269869305,0.897988836397498,0.8989756269869305,0.8976076147849339,0.9419067121156921,0.8148129032386434
