Model,Accuracy,Precision,Recall,F1 Score,ROC AUC Score,Overall MCC
441,0.8993288590604027,0.8983012503865664,0.8993288590604027,0.8964282931687924,0.9449066581179633,0.814841281285052
