Model,Accuracy,Precision,Recall,F1 Score,ROC AUC Score,Overall MCC
418,0.8940303779583186,0.8926976214821976,0.8940303779583186,0.890594650939699,0.9456183483060309,0.8048584484952459
