Model,Accuracy,Precision,Recall,F1 Score,ROC AUC Score,Overall MCC
118,0.8954433062522077,0.8936919952728153,0.8954433062522077,0.8938550536172271,0.9367840503713499,0.8082236117109368
