Model,Accuracy,Precision,Recall,F1 Score,ROC AUC Score,Overall MCC
36,0.8325679971741434,0.8335572119158722,0.8325679971741434,0.8322949800726165,0.8897153594914075,0.6968625284197345
