Model,Accuracy,Precision,Recall,F1 Score,ROC AUC Score,Overall MCC
156,0.897209466619569,0.8959951626280035,0.897209466619569,0.8951797827880683,0.9381875641543863,0.811134989600644
