Model,Accuracy,Precision,Recall,F1 Score,ROC AUC Score,Overall MCC
257,0.9014482515012363,0.9010335074879571,0.9014482515012363,0.9001926249467365,0.9460831638845981,0.8192305897021723
