Model,Accuracy,Precision,Recall,F1 Score,ROC AUC Score,Overall MCC
24,0.7347227128223243,0.7367641935130856,0.7347227128223243,0.7341327716677323,0.8468549482404025,0.5210448010823489
