Model,Accuracy,Precision,Recall,F1 Score,ROC AUC Score,Overall MCC
278,0.9018014835747086,0.901124307017049,0.9018014835747086,0.8999899640639062,0.9457610401766569,0.8195937548846746
