Model,Accuracy,Precision,Recall,F1 Score,ROC AUC Score,Overall MCC
347,0.89579653832568,0.8948608453283582,0.89579653832568,0.8932273246094874,0.9443339845816318,0.8082848718523489
