Model,Accuracy,Precision,Recall,F1 Score,ROC AUC Score,Overall MCC
195,0.897209466619569,0.8960740028124965,0.897209466619569,0.8955994085107677,0.9372332398529736,0.8112517452084445
