Model,Accuracy,Precision,Recall,F1 Score,ROC AUC Score,Overall MCC
94,0.8890851289297068,0.8871618801615494,0.8890851289297068,0.8849500764903867,0.9354411886999889,0.7955660243275093
