Model,Accuracy,Precision,Recall,F1 Score,ROC AUC Score,Overall MCC
211,0.9007417873542918,0.8998825455545316,0.9007417873542918,0.899541751474719,0.9433350339317914,0.8180801404661918
