Model,Accuracy,Precision,Recall,F1 Score,ROC AUC Score,Overall MCC
366,0.8989756269869305,0.8984072298451145,0.8989756269869305,0.8969215979869167,0.9466761715136044,0.814303714685952
