Model,Accuracy,Precision,Recall,F1 Score,ROC AUC Score,Overall MCC
478,0.897209466619569,0.8960645252277688,0.897209466619569,0.8926690534470855,0.9424368578572487,0.810461937587349
