Model,Accuracy,Precision,Recall,F1 Score,ROC AUC Score,Overall MCC
189,0.9003885552808195,0.8995705713188465,0.9003885552808195,0.898879846090463,0.9392236678816522,0.817167174295198
