Model,Accuracy,Precision,Recall,F1 Score,ROC AUC Score,Overall MCC
447,0.8961497703991522,0.8942711057937239,0.8961497703991522,0.8924502649050272,0.9422972209282975,0.8089481394400465
