Model,Accuracy,Precision,Recall,F1 Score,ROC AUC Score,Overall MCC
397,0.8950900741787354,0.8936328847056932,0.8950900741787354,0.8921580599899033,0.9458044693595035,0.8069277671287585
