Model,Accuracy,Precision,Recall,F1 Score,ROC AUC Score,Overall MCC
27,0.7361356411162133,0.7369668636944816,0.7361356411162133,0.7348511935731296,0.84255413608425,0.5226050871935517
