Model,Accuracy,Precision,Recall,F1 Score,ROC AUC Score,Overall MCC
76,0.8883786647827623,0.8855231498141837,0.8883786647827623,0.8856552947525685,0.9341442984313918,0.7947548245638274
