Model,Accuracy,Precision,Recall,F1 Score,ROC AUC Score,Overall MCC
121,0.8975626986930413,0.896340573473233,0.8975626986930413,0.8961618029054982,0.9391222149736363,0.8120757954622866
