Model,Accuracy,Precision,Recall,F1 Score,ROC AUC Score,Overall MCC
452,0.8961497703991522,0.894830767581962,0.8961497703991522,0.8926982275923844,0.9450416322733646,0.8088270230212825
