Model,Accuracy,Precision,Recall,F1 Score,ROC AUC Score,Overall MCC
39,0.8265630519251148,0.816239548505295,0.8265630519251148,0.8206407505414541,0.8794314883710062,0.6811381534587564
