Model,Accuracy,Precision,Recall,F1 Score,ROC AUC Score,Overall MCC
354,0.9003885552808195,0.8998889527095003,0.9003885552808195,0.8985046954161797,0.9453099971967137,0.816963743265334
