Model,Accuracy,Precision,Recall,F1 Score,ROC AUC Score,Overall MCC
237,0.9028611797951254,0.9024644076848952,0.9028611797951254,0.9018843405501414,0.9434915057343681,0.8220469483735159
