Model,Accuracy,Precision,Recall,F1 Score,ROC AUC Score,Overall MCC
203,0.8965030024726245,0.8953370966444764,0.8965030024726245,0.8947140838516793,0.9401417319381631,0.8100056553770438
