Model,Accuracy,Precision,Recall,F1 Score,ROC AUC Score,Overall MCC
274,0.9039208760155422,0.9037688499239664,0.9039208760155422,0.9024097490380504,0.9437408241749861,0.8234770230117229
