Model,Accuracy,Precision,Recall,F1 Score,ROC AUC Score,Overall MCC
105,0.89579653832568,0.894118983210207,0.89579653832568,0.8936227017263476,0.9387051161295835,0.8086005773483618
