Model,Accuracy,Precision,Recall,F1 Score,ROC AUC Score,Overall MCC
271,0.9042741080890144,0.904384649342096,0.9042741080890144,0.902766594515041,0.9453733168059705,0.824184769220564
