Model,Accuracy,Precision,Recall,F1 Score,ROC AUC Score,Overall MCC
176,0.8965030024726245,0.8953180616438271,0.8965030024726245,0.894278087182076,0.9380492056687202,0.809762614052203
