Model,Accuracy,Precision,Recall,F1 Score,ROC AUC Score,Overall MCC
114,0.897209466619569,0.8960525222004488,0.897209466619569,0.8954473536649199,0.938581103464244,0.8112511976234262
