Model,Accuracy,Precision,Recall,F1 Score,ROC AUC Score,Overall MCC
311,0.901095019427764,0.9001108789764464,0.901095019427764,0.8997521604516644,0.94372409807904,0.8185296541677427
