Model,Accuracy,Precision,Recall,F1 Score,ROC AUC Score,Overall MCC
192,0.8947368421052632,0.8929985821383633,0.8947368421052632,0.8923128682654868,0.9368642347986493,0.8064573572475193
