Model,Accuracy,Precision,Recall,F1 Score,ROC AUC Score,Overall MCC
49,0.8495231367008125,0.8400947591975363,0.8495231367008125,0.8442843428830837,0.8929130547588304,0.723466643128406
