Model,Accuracy,Precision,Recall,F1 Score,ROC AUC Score,Overall MCC
481,0.8954433062522077,0.8941264970042321,0.8954433062522077,0.8917210842012973,0.9450962942793599,0.8073987911304592
