Model,Accuracy,Precision,Recall,F1 Score,ROC AUC Score,Overall MCC
126,0.9014482515012363,0.9007221201245816,0.9014482515012363,0.9008120038769502,0.9397364745833742,0.8198208410561935
