Model,Accuracy,Precision,Recall,F1 Score,ROC AUC Score,Overall MCC
239,0.9007417873542918,0.9003368028884462,0.9007417873542918,0.8993583531666625,0.9410909919663895,0.8179186690777774
