Model,Accuracy,Precision,Recall,F1 Score,ROC AUC Score,Overall MCC
194,0.9000353232073472,0.8989922754120007,0.9000353232073472,0.8984264812366501,0.9382914498935299,0.8165298390619932
