Model,Accuracy,Precision,Recall,F1 Score,ROC AUC Score,Overall MCC
431,0.8943836100317909,0.8934060200910149,0.8943836100317909,0.890817795089354,0.9444566491370825,0.8056317538520245
