Model,Accuracy,Precision,Recall,F1 Score,ROC AUC Score,Overall MCC
420,0.8947368421052632,0.8930733587669305,0.8947368421052632,0.8916222165735584,0.9471602401302711,0.8063003257199951
