Model,Accuracy,Precision,Recall,F1 Score,ROC AUC Score,Overall MCC
330,0.8993288590604027,0.8983882374901302,0.8993288590604027,0.898001612793793,0.945976348481444,0.8152913694510145
