Model,Accuracy,Precision,Recall,F1 Score,ROC AUC Score,Overall MCC
289,0.8986223949134582,0.8974606140155467,0.8986223949134582,0.8969052825982067,0.9452894712153238,0.8139116435127605
