Model,Accuracy,Precision,Recall,F1 Score,ROC AUC Score,Overall MCC
29,0.7375485694101024,0.7384475808104614,0.7375485694101024,0.7360994255729209,0.841297652445684,0.5252930514284496
