Model,Accuracy,Precision,Recall,F1 Score,ROC AUC Score,Overall MCC
131,0.8989756269869305,0.8982442310722094,0.8989756269869305,0.8982106040954184,0.9392180566645175,0.8151755754816209
