Model,Accuracy,Precision,Recall,F1 Score,ROC AUC Score,Overall MCC
450,0.897209466619569,0.8961213252069669,0.897209466619569,0.8937897017017484,0.944318088373822,0.8109357427298515
