Model,Accuracy,Precision,Recall,F1 Score,ROC AUC Score,Overall MCC
425,0.8954433062522077,0.8937873988797724,0.8954433062522077,0.8921148678073255,0.9438028280632137,0.8074072355887528
