Model,Accuracy,Precision,Recall,F1 Score,ROC AUC Score,Overall MCC
323,0.901095019427764,0.9001395635402738,0.901095019427764,0.8996928264916554,0.9435139952139777,0.8185439373673324
