Model,Accuracy,Precision,Recall,F1 Score,ROC AUC Score,Overall MCC
71,0.8767220063581773,0.8676139641268166,0.8767220063581773,0.8679088560575955,0.9235169605668446,0.7720160804554799
