Model,Accuracy,Precision,Recall,F1 Score,ROC AUC Score,Overall MCC
285,0.8982691628399859,0.8972466332673115,0.8982691628399859,0.8963887778966199,0.9431625436992936,0.8131042764018048
