Model,Accuracy,Precision,Recall,F1 Score,ROC AUC Score,Overall MCC
173,0.8982691628399859,0.8972570950330073,0.8982691628399859,0.8963769174865474,0.9386247722024289,0.8131322620684602
