Model,Accuracy,Precision,Recall,F1 Score,ROC AUC Score,Overall MCC
252,0.9018014835747086,0.9013359317923161,0.9018014835747086,0.9005953655465616,0.9442659435322112,0.8198689688742027
