Model,Accuracy,Precision,Recall,F1 Score,ROC AUC Score,Overall MCC
81,0.8890851289297068,0.886323668068741,0.8890851289297068,0.8857438006021596,0.9354098607283929,0.7960620940008171
