Model,Accuracy,Precision,Recall,F1 Score,ROC AUC Score,Overall MCC
123,0.9000353232073472,0.8990982105204847,0.9000353232073472,0.8987920660018365,0.9395247314975768,0.8166767649126908
