Model,Accuracy,Precision,Recall,F1 Score,ROC AUC Score,Overall MCC
367,0.897209466619569,0.8962200013954688,0.897209466619569,0.8943814293944997,0.9457352525333711,0.8107804836601248
