Model,Accuracy,Precision,Recall,F1 Score,ROC AUC Score,Overall MCC
362,0.8947368421052632,0.8937043592517845,0.8947368421052632,0.891965823659872,0.94393464827703,0.8062738093492995
