Model,Accuracy,Precision,Recall,F1 Score,ROC AUC Score,Overall MCC
445,0.89579653832568,0.8937771918699842,0.89579653832568,0.8926197604717294,0.9450598060902203,0.8083038871196475
