Model,Accuracy,Precision,Recall,F1 Score,ROC AUC Score,Overall MCC
476,0.8947368421052632,0.893943572649625,0.8947368421052632,0.890472813529533,0.944535564287755,0.8061876006749898
