Model,Accuracy,Precision,Recall,F1 Score,ROC AUC Score,Overall MCC
474,0.8965030024726245,0.8953481942472858,0.8965030024726245,0.8928963347396499,0.9433979385969801,0.8094823169509254
