Model,Accuracy,Precision,Recall,F1 Score,ROC AUC Score,Overall MCC
423,0.8943836100317909,0.8933282992522257,0.8943836100317909,0.8915655027029187,0.9455984468796302,0.8057241013653265
