Model,Accuracy,Precision,Recall,F1 Score,ROC AUC Score,Overall MCC
8,0.7036382903567644,0.7255388033999848,0.7036382903567644,0.7093317579508233,0.8330298454418289,0.4843863118369272
