Model,Accuracy,Precision,Recall,F1 Score,ROC AUC Score,Overall MCC
387,0.8968562345460968,0.8959168352608297,0.8968562345460968,0.894034715311415,0.9470732894868842,0.8101578940994117
