Model,Accuracy,Precision,Recall,F1 Score,ROC AUC Score,Overall MCC
43,0.8551748498763688,0.8440173603047685,0.8551748498763688,0.8488045452038194,0.8996262288944413,0.7333636244710982
