Model,Accuracy,Precision,Recall,F1 Score,ROC AUC Score,Overall MCC
411,0.8961497703991522,0.8950503459903867,0.8961497703991522,0.8926733520973378,0.9474806093398032,0.8088262067744494
