Model,Accuracy,Precision,Recall,F1 Score,ROC AUC Score,Overall MCC
54,0.8597668668315083,0.8477667678473265,0.8597668668315083,0.8525302565708727,0.9012814756159065,0.7413371277998234
