Model,Accuracy,Precision,Recall,F1 Score,ROC AUC Score,Overall MCC
269,0.9060402684563759,0.9061970835556674,0.9060402684563759,0.9046407579294131,0.9461725595813238,0.8274114769235634
