Model,Accuracy,Precision,Recall,F1 Score,ROC AUC Score,Overall MCC
181,0.8975626986930413,0.8962529098927141,0.8975626986930413,0.8956651627704222,0.9374176962412887,0.8119005750905746
