Model,Accuracy,Precision,Recall,F1 Score,ROC AUC Score,Overall MCC
265,0.9039208760155422,0.9036389998751626,0.9039208760155422,0.9025147051143222,0.9456325544875949,0.8236197294839491
