Model,Accuracy,Precision,Recall,F1 Score,ROC AUC Score,Overall MCC
335,0.8982691628399859,0.897286783788999,0.8982691628399859,0.89646697181759,0.9442296453984548,0.813132719906712
