Model,Accuracy,Precision,Recall,F1 Score,ROC AUC Score,Overall MCC
133,0.9007417873542918,0.900008209607209,0.9007417873542918,0.8999860898521242,0.9408184916579009,0.8183907274142863
