Model,Accuracy,Precision,Recall,F1 Score,ROC AUC Score,Overall MCC
171,0.897209466619569,0.8962784438948639,0.897209466619569,0.8954502956845303,0.9391837000290009,0.811294052667351
