Model,Accuracy,Precision,Recall,F1 Score,ROC AUC Score,Overall MCC
430,0.8954433062522077,0.8939746932557354,0.8954433062522077,0.8920362138674013,0.9460574336857045,0.8075376473391324
