Model,Accuracy,Precision,Recall,F1 Score,ROC AUC Score,Overall MCC
138,0.9000353232073472,0.8993036530239266,0.9000353232073472,0.8992551815698387,0.9421997958499629,0.81704956978441
