Model,Accuracy,Precision,Recall,F1 Score,ROC AUC Score,Overall MCC
395,0.8950900741787354,0.894106956428516,0.8950900741787354,0.8922240994043659,0.947354358176493,0.8069723221038724
