Model,Accuracy,Precision,Recall,F1 Score,ROC AUC Score,Overall MCC
316,0.9007417873542918,0.8999785980215601,0.9007417873542918,0.8992122184373393,0.9434014610382309,0.8177633409342829
