Model,Accuracy,Precision,Recall,F1 Score,ROC AUC Score,Overall MCC
77,0.8873189685623455,0.8845837221044301,0.8873189685623455,0.8847184874265076,0.9347310708993847,0.7929771461363918
