Model,Accuracy,Precision,Recall,F1 Score,ROC AUC Score,Overall MCC
238,0.9025079477216531,0.902257205231756,0.9025079477216531,0.9013890513197386,0.9427462429656286,0.8213122153983043
