Model,Accuracy,Precision,Recall,F1 Score,ROC AUC Score,Overall MCC
312,0.8943836100317909,0.8934431507942617,0.8943836100317909,0.8922236499911949,0.9420922251141602,0.8057489570591027
