Model,Accuracy,Precision,Recall,F1 Score,ROC AUC Score,Overall MCC
327,0.8975626986930413,0.8963036305815487,0.8975626986930413,0.8955271426393543,0.9445406780608964,0.8117591738149577
