Model,Accuracy,Precision,Recall,F1 Score,ROC AUC Score,Overall MCC
353,0.8979159307665135,0.8970961090434248,0.8979159307665135,0.896072381787765,0.9441153720020629,0.8123848323429554
