Model,Accuracy,Precision,Recall,F1 Score,ROC AUC Score,Overall MCC
466,0.8975626986930413,0.8966475421365833,0.8975626986930413,0.893507972386908,0.9439106890765308,0.8113633788658617
