Model,Accuracy,Precision,Recall,F1 Score,ROC AUC Score,Overall MCC
6,0.6838572942423172,0.7133203333157382,0.6838572942423172,0.6913625480250545,0.8259707763142741,0.45727190393968714
