Model,Accuracy,Precision,Recall,F1 Score,ROC AUC Score,Overall MCC
117,0.897209466619569,0.8958632178006417,0.897209466619569,0.8949457351327718,0.9375336367472804,0.8109964486571342
