Model,Accuracy,Precision,Recall,F1 Score,ROC AUC Score,Overall MCC
174,0.899682091133875,0.8991287987501213,0.899682091133875,0.898006155925032,0.9381831097695361,0.8158416936657482
