Model,Accuracy,Precision,Recall,F1 Score,ROC AUC Score,Overall MCC
144,0.8993288590604027,0.8983558576013276,0.8993288590604027,0.8983948258288588,0.9403565293545245,0.8156430538425299
