Model,Accuracy,Precision,Recall,F1 Score,ROC AUC Score,Overall MCC
104,0.8919109855174849,0.8894598108090416,0.8919109855174849,0.8891812481168615,0.9368878633883372,0.8012969914501311
