Model,Accuracy,Precision,Recall,F1 Score,ROC AUC Score,Overall MCC
157,0.8975626986930413,0.896062921426841,0.8975626986930413,0.8956826863413446,0.9383895368045977,0.8118516856089134
