Model,Accuracy,Precision,Recall,F1 Score,ROC AUC Score,Overall MCC
48,0.8498763687742847,0.8404631932241138,0.8498763687742847,0.8447138817996686,0.8920235576764188,0.7240980162245189
