Model,Accuracy,Precision,Recall,F1 Score,ROC AUC Score,Overall MCC
92,0.8887318968562345,0.8863239239046626,0.8887318968562345,0.8851710776521664,0.9372921894106371,0.7951433190456316
