Model,Accuracy,Precision,Recall,F1 Score,ROC AUC Score,Overall MCC
72,0.8781349346520664,0.870280355484346,0.8781349346520664,0.869524374099499,0.9235050616331885,0.7746834691109526
