Model,Accuracy,Precision,Recall,F1 Score,ROC AUC Score,Overall MCC
429,0.8947368421052632,0.893848973507658,0.8947368421052632,0.890390737823273,0.9434386795044861,0.8059542819623003
