Model,Accuracy,Precision,Recall,F1 Score,ROC AUC Score,Overall MCC
249,0.9003885552808195,0.9000299622783643,0.9003885552808195,0.8993159367430544,0.9448101445110245,0.8174870812870905
