Model,Accuracy,Precision,Recall,F1 Score,ROC AUC Score,Overall MCC
426,0.8929706817379018,0.8913641497574394,0.8929706817379018,0.889215043300092,0.9451381315192052,0.8029254412796839
