Model,Accuracy,Precision,Recall,F1 Score,ROC AUC Score,Overall MCC
41,0.8279759802190039,0.8147976662372365,0.8279759802190039,0.8205226108717465,0.8777472028980915,0.6828329627987293
