Model,Accuracy,Precision,Recall,F1 Score,ROC AUC Score,Overall MCC
348,0.8933239138113741,0.892393630519281,0.8933239138113741,0.8901787203489868,0.9427032672268155,0.803454420723479
