Model,Accuracy,Precision,Recall,F1 Score,ROC AUC Score,Overall MCC
414,0.89579653832568,0.895100270900115,0.89579653832568,0.8920288366555369,0.9472237112949462,0.8081572267486256
