Model,Accuracy,Precision,Recall,F1 Score,ROC AUC Score,Overall MCC
70,0.8746026139173437,0.8649985711064697,0.8746026139173437,0.8656628913570065,0.9159469342636686,0.7680303930934136
