Model,Accuracy,Precision,Recall,F1 Score,ROC AUC Score,Overall MCC
264,0.9014482515012363,0.9011044514958568,0.9014482515012363,0.8996923752830265,0.9445440905022467,0.8189451990152244
