Model,Accuracy,Precision,Recall,F1 Score,ROC AUC Score,Overall MCC
67,0.8746026139173437,0.8631830045483767,0.8746026139173437,0.8650795044495875,0.9163483361219531,0.7682127634034966
