Model,Accuracy,Precision,Recall,F1 Score,ROC AUC Score,Overall MCC
229,0.9032144118685976,0.9026055760902288,0.9032144118685976,0.9021519121218518,0.9427551181242485,0.8226820149597394
