Model,Accuracy,Precision,Recall,F1 Score,ROC AUC Score,Overall MCC
492,0.8975626986930413,0.896295024396754,0.8975626986930413,0.8936446339738758,0.9442888290114618,0.811278018441083
