Model,Accuracy,Precision,Recall,F1 Score,ROC AUC Score,Overall MCC
110,0.8975626986930413,0.8967701317375479,0.8975626986930413,0.8957856974593847,0.9399935498502926,0.8117747499961158
