Model,Accuracy,Precision,Recall,F1 Score,ROC AUC Score,Overall MCC
248,0.9018014835747086,0.9013582848526638,0.9018014835747086,0.9008491284010035,0.9439409243824507,0.8201301610680264
