Model,Accuracy,Precision,Recall,F1 Score,ROC AUC Score,Overall MCC
75,0.8859060402684564,0.8824431357283006,0.8859060402684564,0.8817164499502375,0.9321958799757355,0.7897885931366264
