Model,Accuracy,Precision,Recall,F1 Score,ROC AUC Score,Overall MCC
5,0.6884493111974568,0.7225297804237883,0.6884493111974568,0.6970835389803175,0.8283675241134447,0.46880279833778843
