Model,Accuracy,Precision,Recall,F1 Score,ROC AUC Score,Overall MCC
443,0.897209466619569,0.8963763978809643,0.897209466619569,0.8938182843916872,0.9437349721802919,0.8108124618331901
