Model,Accuracy,Precision,Recall,F1 Score,ROC AUC Score,Overall MCC
381,0.8975626986930413,0.8969854877907971,0.8975626986930413,0.8952208292556398,0.9467665040428143,0.8115461410956173
