Model,Accuracy,Precision,Recall,F1 Score,ROC AUC Score,Overall MCC
33,0.8247968915577535,0.8283417441321117,0.8247968915577535,0.82555815217082,0.8855745061346699,0.6841780927497464
