Model,Accuracy,Precision,Recall,F1 Score,ROC AUC Score,Overall MCC
321,0.8986223949134582,0.897672203327888,0.8986223949134582,0.8970387394542736,0.94461431749413,0.813811992676731
