Model,Accuracy,Precision,Recall,F1 Score,ROC AUC Score,Overall MCC
200,0.8950900741787354,0.8937045291465768,0.8950900741787354,0.8929305759266737,0.9384572564098653,0.8071952809353875
