Model,Accuracy,Precision,Recall,F1 Score,ROC AUC Score,Overall MCC
300,0.9049805722359591,0.9045656957200584,0.9049805722359591,0.9037063155238397,0.9442541698762194,0.8257624718607677
