Model,Accuracy,Precision,Recall,F1 Score,ROC AUC Score,Overall MCC
119,0.9007417873542918,0.8998016458084792,0.9007417873542918,0.8997224262879769,0.9388297289054902,0.8182172443833805
