Model,Accuracy,Precision,Recall,F1 Score,ROC AUC Score,Overall MCC
495,0.8961497703991522,0.8944090995349951,0.8961497703991522,0.8924684539935273,0.944891061965437,0.8087507819206115
