Model,Accuracy,Precision,Recall,F1 Score,ROC AUC Score,Overall MCC
180,0.8975626986930413,0.8965860405109252,0.8975626986930413,0.8957988802412579,0.9387005988003461,0.8119150984635455
