Model,Accuracy,Precision,Recall,F1 Score,ROC AUC Score,Overall MCC
416,0.8975626986930413,0.89681906108704,0.8975626986930413,0.8943963570303551,0.9479442314194525,0.811506422697313
