Model,Accuracy,Precision,Recall,F1 Score,ROC AUC Score,Overall MCC
310,0.9014482515012363,0.9005446497982159,0.9014482515012363,0.900022511426835,0.9442347206716311,0.8191520570797948
