Model,Accuracy,Precision,Recall,F1 Score,ROC AUC Score,Overall MCC
145,0.8986223949134582,0.8977793002413624,0.8986223949134582,0.8978334777115834,0.9395584476892296,0.8144768267306456
