Model,Accuracy,Precision,Recall,F1 Score,ROC AUC Score,Overall MCC
56,0.8615330271988697,0.849019988935193,0.8615330271988697,0.8536630384126314,0.9010105030838105,0.7441679895855828
