Model,Accuracy,Precision,Recall,F1 Score,ROC AUC Score,Overall MCC
62,0.8675379724478983,0.8547768138634756,0.8675379724478983,0.8591195934983196,0.9040157217479678,0.755258642035923
