Model,Accuracy,Precision,Recall,F1 Score,ROC AUC Score,Overall MCC
370,0.8975626986930413,0.8973234150359387,0.8975626986930413,0.8949052098564654,0.9462942048043654,0.8114770305810128
