Model,Accuracy,Precision,Recall,F1 Score,ROC AUC Score,Overall MCC
360,0.9003885552808195,0.9002363279053779,0.9003885552808195,0.8980973229498416,0.9451252291420144,0.8168139599296813
