Model,Accuracy,Precision,Recall,F1 Score,ROC AUC Score,Overall MCC
475,0.8961497703991522,0.8951390362019738,0.8961497703991522,0.8924009252905224,0.9439188244858213,0.8087687755665968
