Model,Accuracy,Precision,Recall,F1 Score,ROC AUC Score,Overall MCC
372,0.8961497703991522,0.8954833464234556,0.8961497703991522,0.8934285330365557,0.9458754706284621,0.8088659117156863
