Model,Accuracy,Precision,Recall,F1 Score,ROC AUC Score,Overall MCC
415,0.8922642175909573,0.8909936548182061,0.8922642175909573,0.888690821416046,0.9468176546075487,0.8017615319229823
