Model,Accuracy,Precision,Recall,F1 Score,ROC AUC Score,Overall MCC
332,0.8993288590604027,0.8981754274982724,0.8993288590604027,0.8972623268433705,0.9444810018927806,0.8150045360167796
