Model,Accuracy,Precision,Recall,F1 Score,ROC AUC Score,Overall MCC
468,0.8975626986930413,0.8967186670225655,0.8975626986930413,0.8938897207398516,0.9449982513682521,0.8113339600899115
