Model,Accuracy,Precision,Recall,F1 Score,ROC AUC Score,Overall MCC
169,0.89579653832568,0.8944910787920826,0.89579653832568,0.8936781591826187,0.9384562034663754,0.808471339086683
