Model,Accuracy,Precision,Recall,F1 Score,ROC AUC Score,Overall MCC
345,0.901095019427764,0.9002976788746291,0.901095019427764,0.8997483456491162,0.9457470879115292,0.8185689376758591
