Model,Accuracy,Precision,Recall,F1 Score,ROC AUC Score,Overall MCC
182,0.8950900741787354,0.8937004089610217,0.8950900741787354,0.8930088397430905,0.9378846959289868,0.80736048980664
