Model,Accuracy,Precision,Recall,F1 Score,ROC AUC Score,Overall MCC
148,0.9028611797951254,0.9022044422657317,0.9028611797951254,0.9022754364386845,0.9397646229467419,0.8223727136354892
