Model,Accuracy,Precision,Recall,F1 Score,ROC AUC Score,Overall MCC
493,0.8965030024726245,0.8944919547685124,0.8965030024726245,0.8923600645875887,0.9451895069726248,0.809205099167225
