Model,Accuracy,Precision,Recall,F1 Score,ROC AUC Score,Overall MCC
428,0.897209466619569,0.8962285558204485,0.897209466619569,0.893744312681766,0.9458736091857055,0.8108743565100702
