Model,Accuracy,Precision,Recall,F1 Score,ROC AUC Score,Overall MCC
435,0.8926174496644296,0.8907472655892623,0.8926174496644296,0.8887796546321358,0.9443510467883843,0.8022499005630896
