Model,Accuracy,Precision,Recall,F1 Score,ROC AUC Score,Overall MCC
309,0.8975626986930413,0.8966808171484244,0.8975626986930413,0.8958598764335443,0.9437550581620805,0.8118726654574302
