Model,Accuracy,Precision,Recall,F1 Score,ROC AUC Score,Overall MCC
401,0.8947368421052632,0.8935260289790062,0.8947368421052632,0.891368338016696,0.9470453507344376,0.8060990772496087
