Model,Accuracy,Precision,Recall,F1 Score,ROC AUC Score,Overall MCC
46,0.8551748498763688,0.8453678859991809,0.8551748498763688,0.8495112499486904,0.8990104848971603,0.7336068851959384
