Model,Accuracy,Precision,Recall,F1 Score,ROC AUC Score,Overall MCC
406,0.8929706817379018,0.8915006709117134,0.8929706817379018,0.8895266246973078,0.9456527299970804,0.8027908343839874
