Model,Accuracy,Precision,Recall,F1 Score,ROC AUC Score,Overall MCC
386,0.89579653832568,0.8948135665313379,0.89579653832568,0.8931177164390403,0.9466336950521165,0.808276336714699
