Model,Accuracy,Precision,Recall,F1 Score,ROC AUC Score,Overall MCC
32,0.8050158954433062,0.8074768574726962,0.8050158954433062,0.8037270467344854,0.8765030416927978,0.64909749419085
