Model,Accuracy,Precision,Recall,F1 Score,ROC AUC Score,Overall MCC
155,0.8979159307665135,0.8964074449148285,0.8979159307665135,0.8962470188808758,0.9370168877713551,0.8126273307877728
