Model,Accuracy,Precision,Recall,F1 Score,ROC AUC Score,Overall MCC
373,0.8989756269869305,0.898263445186118,0.8989756269869305,0.8965604364092485,0.94623308091534,0.8142062995408923
