Model,Accuracy,Precision,Recall,F1 Score,ROC AUC Score,Overall MCC
286,0.9014482515012363,0.9008004412647391,0.9014482515012363,0.8997215622363012,0.9447268082810272,0.8189547218576365
