Model,Accuracy,Precision,Recall,F1 Score,ROC AUC Score,Overall MCC
196,0.89579653832568,0.8942457837068087,0.89579653832568,0.8937621000222012,0.9379804392310684,0.8085732304954724
