Model,Accuracy,Precision,Recall,F1 Score,ROC AUC Score,Overall MCC
484,0.8965030024726245,0.8949741547589825,0.8965030024726245,0.8927345482152786,0.9430616808185205,0.8092620854720087
