Model,Accuracy,Precision,Recall,F1 Score,ROC AUC Score,Overall MCC
199,0.8968562345460968,0.8956553560734101,0.8968562345460968,0.8952711035802322,0.9382536099278381,0.8107774451633938
