Model,Accuracy,Precision,Recall,F1 Score,ROC AUC Score,Overall MCC
472,0.8975626986930413,0.896404771962107,0.8975626986930413,0.8939662360617955,0.9447363238835108,0.8114292966916903
