Model,Accuracy,Precision,Recall,F1 Score,ROC AUC Score,Overall MCC
400,0.8947368421052632,0.8935827465836251,0.8947368421052632,0.891376751842552,0.9469491448216644,0.8061332112486309
