Model,Accuracy,Precision,Recall,F1 Score,ROC AUC Score,Overall MCC
434,0.8954433062522077,0.8943694761321618,0.8954433062522077,0.8915666204340229,0.9444309873825715,0.8074379444502353
