Model,Accuracy,Precision,Recall,F1 Score,ROC AUC Score,Overall MCC
251,0.9039208760155422,0.9035793894151373,0.9039208760155422,0.902895548581396,0.944687458261149,0.8238944965653691
