Model,Accuracy,Precision,Recall,F1 Score,ROC AUC Score,Overall MCC
442,0.8968562345460968,0.8951381147257972,0.8968562345460968,0.8937598915665225,0.9460904672668654,0.8103404124973991
