Model,Accuracy,Precision,Recall,F1 Score,ROC AUC Score,Overall MCC
191,0.8982691628399859,0.897606601735605,0.8982691628399859,0.8962448686082484,0.9380137814230604,0.8130397996966614
