Model,Accuracy,Precision,Recall,F1 Score,ROC AUC Score,Overall MCC
382,0.8961497703991522,0.8950398889396517,0.8961497703991522,0.8941904123643758,0.9476335409789227,0.8091262514010741
