Model,Accuracy,Precision,Recall,F1 Score,ROC AUC Score,Overall MCC
187,0.8979159307665135,0.8966227763528155,0.8979159307665135,0.8957864411146378,0.9373997537297788,0.8124109397364356
