Model,Accuracy,Precision,Recall,F1 Score,ROC AUC Score,Overall MCC
79,0.8904980572235959,0.8888148604548819,0.8904980572235959,0.8886367560449555,0.9363419124944438,0.799098015151148
