Model,Accuracy,Precision,Recall,F1 Score,ROC AUC Score,Overall MCC
142,0.9025079477216531,0.9018271012003198,0.9025079477216531,0.9017498429342969,0.9407928042367463,0.8215823955819406
