Model,Accuracy,Precision,Recall,F1 Score,ROC AUC Score,Overall MCC
375,0.8982691628399859,0.897733928311042,0.8982691628399859,0.8962321136774443,0.9468161671644529,0.8129985852660118
