Model,Accuracy,Precision,Recall,F1 Score,ROC AUC Score,Overall MCC
379,0.8979159307665135,0.8968298087735097,0.8979159307665135,0.8957493112634859,0.9469513478752224,0.8123283276177855
