Model,Accuracy,Precision,Recall,F1 Score,ROC AUC Score,Overall MCC
80,0.8897915930766513,0.8872605467226375,0.8897915930766513,0.8871040327813973,0.9352536614811248,0.797398726244951
