Model,Accuracy,Precision,Recall,F1 Score,ROC AUC Score,Overall MCC
151,0.8989756269869305,0.8977221527707503,0.8989756269869305,0.8976605317736773,0.9376601140214965,0.8147209546217519
