Model,Accuracy,Precision,Recall,F1 Score,ROC AUC Score,Overall MCC
225,0.9018014835747086,0.9010692120101185,0.9018014835747086,0.9008348698532262,0.9438079131141587,0.820238067346538
