Model,Accuracy,Precision,Recall,F1 Score,ROC AUC Score,Overall MCC
223,0.9003885552808195,0.8997638420585861,0.9003885552808195,0.8992764199548826,0.9434788264125307,0.8174580443838814
