Model,Accuracy,Precision,Recall,F1 Score,ROC AUC Score,Overall MCC
128,0.9000353232073472,0.8991525291758485,0.9000353232073472,0.8993535807384487,0.9396448966108494,0.8171850614839568
