Model,Accuracy,Precision,Recall,F1 Score,ROC AUC Score,Overall MCC
268,0.9025079477216531,0.9024011929134083,0.9025079477216531,0.9011783284319211,0.9458891436160655,0.8210158280396286
