Model,Accuracy,Precision,Recall,F1 Score,ROC AUC Score,Overall MCC
404,0.8968562345460968,0.8956868813446056,0.8968562345460968,0.8941929886744783,0.9471624688504727,0.8102455331525427
