Model,Accuracy,Precision,Recall,F1 Score,ROC AUC Score,Overall MCC
488,0.8961497703991522,0.8945784439960375,0.8961497703991522,0.8920173124212657,0.9443573088382622,0.8086532626878056
