Model,Accuracy,Precision,Recall,F1 Score,ROC AUC Score,Overall MCC
177,0.8986223949134582,0.8973266186399163,0.8986223949134582,0.8968021556223815,0.938228178562007,0.8138550990677469
