Model,Accuracy,Precision,Recall,F1 Score,ROC AUC Score,Overall MCC
407,0.8943836100317909,0.8926094940721813,0.8943836100317909,0.8911474678978064,0.945997540573341,0.8056048362714171
