Model,Accuracy,Precision,Recall,F1 Score,ROC AUC Score,Overall MCC
12,0.7220063581773225,0.7329407043133539,0.7220063581773225,0.7248109293947883,0.8365820172211933,0.5064644390490526
