Model,Accuracy,Precision,Recall,F1 Score,ROC AUC Score,Overall MCC
477,0.8982691628399859,0.8975490729694525,0.8982691628399859,0.8941717083676731,0.9420212079563269,0.8126400839433269
