Model,Accuracy,Precision,Recall,F1 Score,ROC AUC Score,Overall MCC
53,0.8629459554927588,0.8494871614469458,0.8629459554927588,0.8545717066677281,0.9008789334253224,0.7468001434356186
