Model,Accuracy,Precision,Recall,F1 Score,ROC AUC Score,Overall MCC
333,0.8989756269869305,0.8980155136080598,0.8989756269869305,0.8977140506274075,0.9445778268605481,0.8147514825072542
