Model,Accuracy,Precision,Recall,F1 Score,ROC AUC Score,Overall MCC
357,0.8982691628399859,0.8978095215731895,0.8982691628399859,0.8962866259451986,0.946310486011826,0.8129401728142626
