Model,Accuracy,Precision,Recall,F1 Score,ROC AUC Score,Overall MCC
384,0.8922642175909573,0.891050311791799,0.8922642175909573,0.889281331088524,0.9452926282124615,0.8015814419130289
