Model,Accuracy,Precision,Recall,F1 Score,ROC AUC Score,Overall MCC
96,0.8908512892970681,0.8887958271419847,0.8908512892970681,0.8870423915188818,0.9338503059757226,0.7989942459299966
