Model,Accuracy,Precision,Recall,F1 Score,ROC AUC Score,Overall MCC
499,0.8919109855174849,0.8896711047750963,0.8919109855174849,0.8861880769703052,0.9419395739747861,0.80032926707318
