Model,Accuracy,Precision,Recall,F1 Score,ROC AUC Score,Overall MCC
266,0.9046273401624868,0.9046839554116217,0.9046273401624868,0.9030337461831985,0.9456990567606329,0.824798129388925
