Model,Accuracy,Precision,Recall,F1 Score,ROC AUC Score,Overall MCC
184,0.8986223949134582,0.8973337573178448,0.8986223949134582,0.8971170662625326,0.9407087649240532,0.8140501505039482
