Model,Accuracy,Precision,Recall,F1 Score,ROC AUC Score,Overall MCC
30,0.7389614977039916,0.7393434605914173,0.7389614977039916,0.737412750827293,0.8428002333611216,0.5273086304508005
