Model,Accuracy,Precision,Recall,F1 Score,ROC AUC Score,Overall MCC
369,0.9014482515012363,0.9008877871788848,0.9014482515012363,0.8995070472871008,0.946650983369775,0.8187981898822246
