Model,Accuracy,Precision,Recall,F1 Score,ROC AUC Score,Overall MCC
64,0.8728364535499823,0.8646484344046746,0.8728364535499823,0.8659900473804666,0.9169092457800616,0.7652518168773343
