Model,Accuracy,Precision,Recall,F1 Score,ROC AUC Score,Overall MCC
127,0.9003885552808195,0.8995154293348653,0.9003885552808195,0.8996422780593593,0.9408410239152495,0.8177874472779922
