Model,Accuracy,Precision,Recall,F1 Score,ROC AUC Score,Overall MCC
140,0.9007417873542918,0.9001413200907896,0.9007417873542918,0.899976704429205,0.9408283806489349,0.8183311453485133
