Model,Accuracy,Precision,Recall,F1 Score,ROC AUC Score,Overall MCC
487,0.8968562345460968,0.8953314025700303,0.8968562345460968,0.8927241407949185,0.9445074800909957,0.8100051794550567
