Model,Accuracy,Precision,Recall,F1 Score,ROC AUC Score,Overall MCC
368,0.9000353232073472,0.8996866534053677,0.9000353232073472,0.8982947768093394,0.9479310662647221,0.8163084275776349
