Model,Accuracy,Precision,Recall,F1 Score,ROC AUC Score,Overall MCC
141,0.9039208760155422,0.9032417028293587,0.9039208760155422,0.9031256665789945,0.9421566795557217,0.8240478261917188
