Model,Accuracy,Precision,Recall,F1 Score,ROC AUC Score,Overall MCC
341,0.8979159307665135,0.8970107204013477,0.8979159307665135,0.8963140543904502,0.9455292728312371,0.8125962768872425
