Model,Accuracy,Precision,Recall,F1 Score,ROC AUC Score,Overall MCC
331,0.9003885552808195,0.8994541755780843,0.9003885552808195,0.8988980435190296,0.9445534319382217,0.8171714403857191
