Model,Accuracy,Precision,Recall,F1 Score,ROC AUC Score,Overall MCC
167,0.8961497703991522,0.8947862200536583,0.8961497703991522,0.894025755602019,0.9385426371102312,0.809084293468377
