Model,Accuracy,Precision,Recall,F1 Score,ROC AUC Score,Overall MCC
4,0.6866831508300953,0.7233503006909275,0.6866831508300953,0.6988388145834904,0.8230703389717816,0.46685314433040925
