Model,Accuracy,Precision,Recall,F1 Score,ROC AUC Score,Overall MCC
408,0.8975626986930413,0.8969634036333021,0.8975626986930413,0.8947395816093516,0.9476061668926309,0.8115486559381384
