Model,Accuracy,Precision,Recall,F1 Score,ROC AUC Score,Overall MCC
201,0.8979159307665135,0.8970065931971328,0.8979159307665135,0.8964694007915245,0.9399648215430062,0.8128331918102562
