Model,Accuracy,Precision,Recall,F1 Score,ROC AUC Score,Overall MCC
175,0.89579653832568,0.894844273003469,0.89579653832568,0.8938574259208559,0.9375566756152808,0.8085719805522665
