Model,Accuracy,Precision,Recall,F1 Score,ROC AUC Score,Overall MCC
374,0.8961497703991522,0.8951441338768676,0.8961497703991522,0.8935637084349254,0.9464961108435261,0.8089073791232841
