Model,Accuracy,Precision,Recall,F1 Score,ROC AUC Score,Overall MCC
440,0.8968562345460968,0.8949720456432915,0.8968562345460968,0.8936470048435968,0.9447473764290454,0.8102434077478452
