Model,Accuracy,Precision,Recall,F1 Score,ROC AUC Score,Overall MCC
494,0.8950900741787354,0.893588209040301,0.8950900741787354,0.8909116476627035,0.94301326100131,0.806556519709934
