Model,Accuracy,Precision,Recall,F1 Score,ROC AUC Score,Overall MCC
97,0.8912045213705404,0.889050299269822,0.8912045213705404,0.887825599672518,0.9340027780597034,0.799732764442986
