Model,Accuracy,Precision,Recall,F1 Score,ROC AUC Score,Overall MCC
90,0.8890851289297068,0.8866607096174598,0.8890851289297068,0.8856243209560651,0.9359083142764617,0.7960045177547351
