Model,Accuracy,Precision,Recall,F1 Score,ROC AUC Score,Overall MCC
292,0.9007417873542918,0.9001503346792513,0.9007417873542918,0.8993337143344152,0.9453229234072161,0.8178048690171809
