Model,Accuracy,Precision,Recall,F1 Score,ROC AUC Score,Overall MCC
267,0.9032144118685976,0.9027639191692618,0.9032144118685976,0.9017513267536102,0.9455419576530696,0.8222914384261175
