Model,Accuracy,Precision,Recall,F1 Score,ROC AUC Score,Overall MCC
290,0.9046273401624868,0.9040543861075981,0.9046273401624868,0.9031406268776468,0.9452969603752003,0.824989645369575
