Model,Accuracy,Precision,Recall,F1 Score,ROC AUC Score,Overall MCC
58,0.8625927234192865,0.8466250339725373,0.8625927234192865,0.8526417798216971,0.895125437225159,0.7458624429620335
