Model,Accuracy,Precision,Recall,F1 Score,ROC AUC Score,Overall MCC
213,0.8993288590604027,0.8986052993897851,0.8993288590604027,0.8982617334613833,0.9432692319914517,0.8155739297036662
