Model,Accuracy,Precision,Recall,F1 Score,ROC AUC Score,Overall MCC
388,0.8922642175909573,0.8909400500654603,0.8922642175909573,0.8889498597472815,0.946757089884683,0.8015537404118964
