Model,Accuracy,Precision,Recall,F1 Score,ROC AUC Score,Overall MCC
253,0.9032144118685976,0.903019510413027,0.9032144118685976,0.9020206898647133,0.9452130005068796,0.8223995625422043
