Model,Accuracy,Precision,Recall,F1 Score,ROC AUC Score,Overall MCC
378,0.8968562345460968,0.8962926499573769,0.8968562345460968,0.8945213905833055,0.9457997026971584,0.8102394863464812
