Model,Accuracy,Precision,Recall,F1 Score,ROC AUC Score,Overall MCC
35,0.8276227481455316,0.8293088570844892,0.8276227481455316,0.8276268119346982,0.8856726676012258,0.6882875024923374
