Model,Accuracy,Precision,Recall,F1 Score,ROC AUC Score,Overall MCC
215,0.899682091133875,0.8988358436938555,0.899682091133875,0.8984000606934592,0.9425766982860159,0.816188000499817
