Model,Accuracy,Precision,Recall,F1 Score,ROC AUC Score,Overall MCC
7,0.7022253620628753,0.7247908359345975,0.7022253620628753,0.7083547271384429,0.8317327700067328,0.48200041920700465
