Model,Accuracy,Precision,Recall,F1 Score,ROC AUC Score,Overall MCC
172,0.8975626986930413,0.8965371329184484,0.8975626986930413,0.8961269007804619,0.9388855746326347,0.8120561938367051
