Model,Accuracy,Precision,Recall,F1 Score,ROC AUC Score,Overall MCC
326,0.89579653832568,0.8942524489911244,0.89579653832568,0.893395940967452,0.9439189555690358,0.8083457872678983
