Model,Accuracy,Precision,Recall,F1 Score,ROC AUC Score,Overall MCC
159,0.8979159307665135,0.8964564332213617,0.8979159307665135,0.8959984621800952,0.9370961164217434,0.8124606410731455
