Model,Accuracy,Precision,Recall,F1 Score,ROC AUC Score,Overall MCC
40,0.8258565877781703,0.8150322857351507,0.8258565877781703,0.819743067385305,0.8786276408776056,0.6795542757018102
