Model,Accuracy,Precision,Recall,F1 Score,ROC AUC Score,Overall MCC
108,0.8961497703991522,0.8950660289330069,0.8961497703991522,0.8941837745683255,0.9383231958647468,0.8093322035145828
