Model,Accuracy,Precision,Recall,F1 Score,ROC AUC Score,Overall MCC
497,0.8986223949134582,0.8967854422410177,0.8986223949134582,0.8947287851920426,0.9444112582893481,0.8132129463468167
