Model,Accuracy,Precision,Recall,F1 Score,ROC AUC Score,Overall MCC
284,0.9003885552808195,0.8998289795523953,0.9003885552808195,0.8986813662888758,0.9441167732785699,0.8170417100229274
