Model,Accuracy,Precision,Recall,F1 Score,ROC AUC Score,Overall MCC
490,0.8968562345460968,0.8955838986446673,0.8968562345460968,0.8928165270893303,0.944216897632235,0.8099854679323082
