Model,Accuracy,Precision,Recall,F1 Score,ROC AUC Score,Overall MCC
20,0.734369480748852,0.7372624093612412,0.734369480748852,0.7343006751972163,0.8438934331477318,0.5210264339298935
