Model,Accuracy,Precision,Recall,F1 Score,ROC AUC Score,Overall MCC
457,0.8961497703991522,0.8948118975547442,0.8961497703991522,0.8927496521779479,0.9458799561799509,0.8089466769183479
