Model,Accuracy,Precision,Recall,F1 Score,ROC AUC Score,Overall MCC
263,0.9046273401624868,0.9044140375355979,0.9046273401624868,0.9029866211849485,0.9452242534966767,0.8248365409208939
