Model,Accuracy,Precision,Recall,F1 Score,ROC AUC Score,Overall MCC
287,0.901095019427764,0.9005445473839835,0.901095019427764,0.8995946406944021,0.9447951298301934,0.818542298938634
