Model,Accuracy,Precision,Recall,F1 Score,ROC AUC Score,Overall MCC
458,0.8940303779583186,0.8920402263019168,0.8940303779583186,0.889860139229074,0.9443028075543434,0.804753476304161
