Model,Accuracy,Precision,Recall,F1 Score,ROC AUC Score,Overall MCC
14,0.7294242317202402,0.7396575435245456,0.7294242317202402,0.7319057365289211,0.837668211847488,0.5190191649381938
