Model,Accuracy,Precision,Recall,F1 Score,ROC AUC Score,Overall MCC
314,0.8965030024726245,0.8954263742287218,0.8965030024726245,0.8943497937697912,0.9430408611985079,0.8097052306458107
