Model,Accuracy,Precision,Recall,F1 Score,ROC AUC Score,Overall MCC
453,0.8986223949134582,0.8980791924911298,0.8986223949134582,0.8954323294056769,0.9454364805820354,0.8134527773825887
