Model,Accuracy,Precision,Recall,F1 Score,ROC AUC Score,Overall MCC
272,0.9032144118685976,0.9032594229140238,0.9032144118685976,0.9013199416790459,0.9444467809238075,0.8221118668563163
