Model,Accuracy,Precision,Recall,F1 Score,ROC AUC Score,Overall MCC
304,0.901095019427764,0.9006351792848732,0.901095019427764,0.8998673871906773,0.9454984264147601,0.8186235063435219
