Model,Accuracy,Precision,Recall,F1 Score,ROC AUC Score,Overall MCC
376,0.8936771458848464,0.8925599303597017,0.8936771458848464,0.8913636122946398,0.9464580151280663,0.8044427329332667
