Model,Accuracy,Precision,Recall,F1 Score,ROC AUC Score,Overall MCC
2,0.5432709290003532,0.6732582784571274,0.5432709290003532,0.5876922558690671,0.6755725134253656,0.3072237777308142
