Model,Accuracy,Precision,Recall,F1 Score,ROC AUC Score,Overall MCC
422,0.8950900741787354,0.8944608231983765,0.8950900741787354,0.8917537256148146,0.9465652855030301,0.8069624667067212
