Model,Accuracy,Precision,Recall,F1 Score,ROC AUC Score,Overall MCC
491,0.8982691628399859,0.8968853667108431,0.8982691628399859,0.8946244647159209,0.9457413978611325,0.812628034468298
