Model,Accuracy,Precision,Recall,F1 Score,ROC AUC Score,Overall MCC
419,0.8975626986930413,0.8969558739307852,0.8975626986930413,0.8949324694496835,0.947171252342509,0.8115389487017171
