Model,Accuracy,Precision,Recall,F1 Score,ROC AUC Score,Overall MCC
135,0.9018014835747086,0.9010319257267263,0.9018014835747086,0.9010792381830901,0.9412163863526987,0.8203298988247107
