Model,Accuracy,Precision,Recall,F1 Score,ROC AUC Score,Overall MCC
217,0.8989756269869305,0.8982207042270411,0.8989756269869305,0.8976731277632778,0.9435688594975673,0.814753491163033
