Model,Accuracy,Precision,Recall,F1 Score,ROC AUC Score,Overall MCC
390,0.8954433062522077,0.8947796823135273,0.8954433062522077,0.8927691259930481,0.9475468152242209,0.8076862319520736
