Model,Accuracy,Precision,Recall,F1 Score,ROC AUC Score,Overall MCC
339,0.8954433062522077,0.8939751930193477,0.8954433062522077,0.8929741171954436,0.9430034208991206,0.8077357811186141
