Model,Accuracy,Precision,Recall,F1 Score,ROC AUC Score,Overall MCC
260,0.9042741080890144,0.9040316535261855,0.9042741080890144,0.9031318156044553,0.9454023066685752,0.8243416537325754
