Model,Accuracy,Precision,Recall,F1 Score,ROC AUC Score,Overall MCC
100,0.8890851289297068,0.8861810468045919,0.8890851289297068,0.8856723865219293,0.9349910874414139,0.7958879052401462
