Model,Accuracy,Precision,Recall,F1 Score,ROC AUC Score,Overall MCC
489,0.8979159307665135,0.8968663215603963,0.8979159307665135,0.8939642578927198,0.9460747886144137,0.8119164710281365
