Model,Accuracy,Precision,Recall,F1 Score,ROC AUC Score,Overall MCC
479,0.8954433062522077,0.8937658761387782,0.8954433062522077,0.8905769372388386,0.9422556006326999,0.8072771517967842
