Model,Accuracy,Precision,Recall,F1 Score,ROC AUC Score,Overall MCC
324,0.9035676439420699,0.9033813164035833,0.9035676439420699,0.9020138392527866,0.9442182940198579,0.8228915258722661
