Model,Accuracy,Precision,Recall,F1 Score,ROC AUC Score,Overall MCC
325,0.8993288590604027,0.8984409502299807,0.8993288590604027,0.8979184852532864,0.9436883016670509,0.8152392884562175
