Model,Accuracy,Precision,Recall,F1 Score,ROC AUC Score,Overall MCC
460,0.8979159307665135,0.8969315899790855,0.8979159307665135,0.8942150127344018,0.944296026060492,0.8119164446797357
