Model,Accuracy,Precision,Recall,F1 Score,ROC AUC Score,Overall MCC
212,0.9000353232073472,0.8991737036250715,0.9000353232073472,0.8986131399730806,0.9430752765006382,0.816718144070867
