Model,Accuracy,Precision,Recall,F1 Score,ROC AUC Score,Overall MCC
183,0.8954433062522077,0.894298325599235,0.8954433062522077,0.8935158762209213,0.9375792573725844,0.80789186148249
