Model,Accuracy,Precision,Recall,F1 Score,ROC AUC Score,Overall MCC
306,0.9014482515012363,0.9008881635279001,0.9014482515012363,0.900145772389468,0.9458054673030429,0.8192028874151814
