Model,Accuracy,Precision,Recall,F1 Score,ROC AUC Score,Overall MCC
227,0.9018014835747086,0.9012648816292558,0.9018014835747086,0.9006102016131562,0.9438262164864527,0.8200408233195393
