Model,Accuracy,Precision,Recall,F1 Score,ROC AUC Score,Overall MCC
21,0.7329565524549629,0.736119779852429,0.7329565524549629,0.732830094230188,0.8397652762239273,0.5189292732554871
