Model,Accuracy,Precision,Recall,F1 Score,ROC AUC Score,Overall MCC
243,0.9028611797951254,0.9023862450573369,0.9028611797951254,0.9017662772937554,0.9432892366955365,0.8219738187277636
