Model,Accuracy,Precision,Recall,F1 Score,ROC AUC Score,Overall MCC
224,0.901095019427764,0.9005388153530242,0.901095019427764,0.9001002185275075,0.944234490282951,0.8188185160096936
