Model,Accuracy,Precision,Recall,F1 Score,ROC AUC Score,Overall MCC
318,0.8965030024726245,0.895481977464253,0.8965030024726245,0.8949217774809932,0.9441858654381488,0.8099979631856614
