Model,Accuracy,Precision,Recall,F1 Score,ROC AUC Score,Overall MCC
342,0.8975626986930413,0.8964592539801981,0.8975626986930413,0.8958535253569366,0.9439390397174928,0.8118400101243037
