Model,Accuracy,Precision,Recall,F1 Score,ROC AUC Score,Overall MCC
319,0.8965030024726245,0.8954129489294069,0.8965030024726245,0.8950385152131384,0.9438158257736514,0.8099761159168432
