Model,Accuracy,Precision,Recall,F1 Score,ROC AUC Score,Overall MCC
270,0.9053338043094313,0.9051878493217772,0.9053338043094313,0.9042305580186872,0.9449890822654542,0.8262921605775093
