Model,Accuracy,Precision,Recall,F1 Score,ROC AUC Score,Overall MCC
153,0.9003885552808195,0.899130374277115,0.9003885552808195,0.8988020167093763,0.9380310147407688,0.8170778206548152
