Model,Accuracy,Precision,Recall,F1 Score,ROC AUC Score,Overall MCC
334,0.8979159307665135,0.8969698952022503,0.8979159307665135,0.8960079824943817,0.9450607294782719,0.8124109112939132
