Model,Accuracy,Precision,Recall,F1 Score,ROC AUC Score,Overall MCC
246,0.9007417873542918,0.9002935473542812,0.9007417873542918,0.8999701646201196,0.9438744942204585,0.8183722823061236
