Model,Accuracy,Precision,Recall,F1 Score,ROC AUC Score,Overall MCC
412,0.89579653832568,0.8951068812509936,0.89579653832568,0.8921553854671936,0.9460928395980477,0.8081330963728587
