Model,Accuracy,Precision,Recall,F1 Score,ROC AUC Score,Overall MCC
355,0.897209466619569,0.8958936414224158,0.897209466619569,0.8945685804450032,0.9441412507008217,0.8109235379371803
