Model,Accuracy,Precision,Recall,F1 Score,ROC AUC Score,Overall MCC
57,0.859413634758036,0.843968482822237,0.859413634758036,0.8499727286404072,0.897205692700172,0.7401144236021415
