Model,Accuracy,Precision,Recall,F1 Score,ROC AUC Score,Overall MCC
129,0.8989756269869305,0.8980772070109453,0.8989756269869305,0.8980372039430027,0.9402232504198086,0.8150685610565782
