Model,Accuracy,Precision,Recall,F1 Score,ROC AUC Score,Overall MCC
305,0.9035676439420699,0.9032948016224444,0.9035676439420699,0.9022008407424159,0.9461794467973016,0.8230519117559872
