Model,Accuracy,Precision,Recall,F1 Score,ROC AUC Score,Overall MCC
59,0.8661250441540091,0.8508529155718164,0.8661250441540091,0.8563789183311923,0.9009285177136994,0.7524323794352082
