Model,Accuracy,Precision,Recall,F1 Score,ROC AUC Score,Overall MCC
282,0.8986223949134582,0.8979736676840173,0.8986223949134582,0.8967236896935794,0.9439329200563747,0.8137916175790447
