Model,Accuracy,Precision,Recall,F1 Score,ROC AUC Score,Overall MCC
399,0.8947368421052632,0.8933425639278824,0.8947368421052632,0.8914503669071527,0.9453943402313537,0.806249541236203
