Model,Accuracy,Precision,Recall,F1 Score,ROC AUC Score,Overall MCC
130,0.8993288590604027,0.8982869292678947,0.8993288590604027,0.898296986717983,0.9392650095108358,0.8155621195876623
