Model,Accuracy,Precision,Recall,F1 Score,ROC AUC Score,Overall MCC
338,0.8982691628399859,0.8967409793981402,0.8982691628399859,0.8960701545925235,0.9440178326460539,0.8130083858051447
