Model,Accuracy,Precision,Recall,F1 Score,ROC AUC Score,Overall MCC
111,0.9003885552808195,0.899664361994693,0.9003885552808195,0.8987912568053559,0.9395047457379194,0.8171376710235289
