Model,Accuracy,Precision,Recall,F1 Score,ROC AUC Score,Overall MCC
137,0.9021547156481808,0.9012994809585251,0.9021547156481808,0.9011674211303371,0.9423129344140505,0.82071434184634
