Model,Accuracy,Precision,Recall,F1 Score,ROC AUC Score,Overall MCC
60,0.8682444365948428,0.854968214161482,0.8682444365948428,0.8593534516477677,0.9059926039000391,0.7566435334696634
