Model,Accuracy,Precision,Recall,F1 Score,ROC AUC Score,Overall MCC
17,0.734369480748852,0.7383139031841116,0.734369480748852,0.7349802145711515,0.8393149806321952,0.5218041094612056
