Model,Accuracy,Precision,Recall,F1 Score,ROC AUC Score,Overall MCC
410,0.8926174496644296,0.8913762271710095,0.8926174496644296,0.8892063902807157,0.9451247958646295,0.8022746060094904
