Model,Accuracy,Precision,Recall,F1 Score,ROC AUC Score,Overall MCC
42,0.8251501236312258,0.8132114120252327,0.8251501236312258,0.818442671327827,0.8775051670619818,0.6781831428023948
