Model,Accuracy,Precision,Recall,F1 Score,ROC AUC Score,Overall MCC
146,0.901095019427764,0.9002485680712001,0.901095019427764,0.9003704768815985,0.9391580449967059,0.8190641455906654
