Model,Accuracy,Precision,Recall,F1 Score,ROC AUC Score,Overall MCC
371,0.899682091133875,0.8994058915761465,0.899682091133875,0.8977646856593274,0.9458002795855243,0.8155643183575803
