Model,Accuracy,Precision,Recall,F1 Score,ROC AUC Score,Overall MCC
364,0.8989756269869305,0.8985978505469687,0.8989756269869305,0.8962867639169241,0.9459468067860062,0.8140288278622135
