Model,Accuracy,Precision,Recall,F1 Score,ROC AUC Score,Overall MCC
405,0.8950900741787354,0.893554913746964,0.8950900741787354,0.8915653101060497,0.9465198103220386,0.8068612979177449
