Model,Accuracy,Precision,Recall,F1 Score,ROC AUC Score,Overall MCC
245,0.8989756269869305,0.8983176158362379,0.8989756269869305,0.897980359415249,0.9433206642781532,0.8149577397339468
