Model,Accuracy,Precision,Recall,F1 Score,ROC AUC Score,Overall MCC
139,0.901095019427764,0.9002632633227104,0.901095019427764,0.900319889547911,0.9413719317116708,0.818990215467819
