Model,Accuracy,Precision,Recall,F1 Score,ROC AUC Score,Overall MCC
202,0.8986223949134582,0.8977028843598512,0.8986223949134582,0.8970046806152653,0.9402608966634537,0.8139116435127605
