Model,Accuracy,Precision,Recall,F1 Score,ROC AUC Score,Overall MCC
262,0.9035676439420699,0.9030685754428758,0.9035676439420699,0.9020296356941849,0.9439428176029564,0.822903004983461
