Model,Accuracy,Precision,Recall,F1 Score,ROC AUC Score,Overall MCC
134,0.9021547156481808,0.9014317263080933,0.9021547156481808,0.9013878953649521,0.9410651053231933,0.820914883434623
