Model,Accuracy,Precision,Recall,F1 Score,ROC AUC Score,Overall MCC
112,0.9018014835747086,0.9011565914142693,0.9018014835747086,0.9003738963089942,0.9394998366868149,0.8197440547845508
