Model,Accuracy,Precision,Recall,F1 Score,ROC AUC Score,Overall MCC
99,0.8897915930766513,0.8874489680999876,0.8897915930766513,0.886449839752897,0.933833264546729,0.7970910222053376
