Model,Accuracy,Precision,Recall,F1 Score,ROC AUC Score,Overall MCC
396,0.8929706817379018,0.8916694036480639,0.8929706817379018,0.8897614099802797,0.9446551253182419,0.8028712482320594
