Model,Accuracy,Precision,Recall,F1 Score,ROC AUC Score,Overall MCC
63,0.8685976686683151,0.8565005486576746,0.8685976686683151,0.860449945968281,0.908381484567454,0.7574023974389649
