Model,Accuracy,Precision,Recall,F1 Score,ROC AUC Score,Overall MCC
152,0.901095019427764,0.8998349827636468,0.901095019427764,0.899642006927222,0.9379793881209103,0.8185096100941823
