Model,Accuracy,Precision,Recall,F1 Score,ROC AUC Score,Overall MCC
74,0.8890851289297068,0.8861137837645984,0.8890851289297068,0.8855003042396706,0.934519823424249,0.7957991206559991
