Model,Accuracy,Precision,Recall,F1 Score,ROC AUC Score,Overall MCC
486,0.8947368421052632,0.8933086500932353,0.8947368421052632,0.8907610513144355,0.9445765374172727,0.8060659694436828
