Model,Accuracy,Precision,Recall,F1 Score,ROC AUC Score,Overall MCC
439,0.8940303779583186,0.8924748355180179,0.8940303779583186,0.8905673195043433,0.9448389140682735,0.8049955193483767
