Model,Accuracy,Precision,Recall,F1 Score,ROC AUC Score,Overall MCC
168,0.8954433062522077,0.8941382843948422,0.8954433062522077,0.8933333924572531,0.9390036375255909,0.8078060546435923
