Model,Accuracy,Precision,Recall,F1 Score,ROC AUC Score,Overall MCC
166,0.8965030024726245,0.8952252951138089,0.8965030024726245,0.8948058311809158,0.9385743201370609,0.8100107291321755
