Model,Accuracy,Precision,Recall,F1 Score,ROC AUC Score,Overall MCC
403,0.8961497703991522,0.8949289138279274,0.8961497703991522,0.892656609261752,0.9459187549781065,0.8087507819206115
