Model,Accuracy,Precision,Recall,F1 Score,ROC AUC Score,Overall MCC
208,0.8986223949134582,0.8978415762686813,0.8986223949134582,0.8973758258682623,0.9429927759643276,0.8142239451154446
