Model,Accuracy,Precision,Recall,F1 Score,ROC AUC Score,Overall MCC
322,0.8993288590604027,0.8982506528867902,0.8993288590604027,0.8977903846906117,0.9444276354411661,0.8151969170342731
