Model,Accuracy,Precision,Recall,F1 Score,ROC AUC Score,Overall MCC
280,0.9032144118685976,0.9026365975741475,0.9032144118685976,0.9021595547427067,0.9462572625600819,0.8225749518869118
