Model,Accuracy,Precision,Recall,F1 Score,ROC AUC Score,Overall MCC
61,0.8678912045213706,0.8557644161933272,0.8678912045213706,0.8601049870367508,0.9063151193298474,0.7560853940127528
