Model,Accuracy,Precision,Recall,F1 Score,ROC AUC Score,Overall MCC
190,0.8989756269869305,0.8981505394534324,0.8989756269869305,0.8970754457628465,0.9388860708544069,0.8144536920418188
