Model,Accuracy,Precision,Recall,F1 Score,ROC AUC Score,Overall MCC
132,0.9018014835747086,0.9011126333054871,0.9018014835747086,0.9010393994549439,0.9411564761292395,0.8202873024969318
