Model,Accuracy,Precision,Recall,F1 Score,ROC AUC Score,Overall MCC
13,0.7258919109855175,0.7361162927643847,0.7258919109855175,0.7282099252128681,0.8380197892509466,0.5130553473882995
