Model,Accuracy,Precision,Recall,F1 Score,ROC AUC Score,Overall MCC
37,0.8258565877781703,0.8303411672219003,0.8258565877781703,0.827011550943382,0.8853824511976888,0.6865172960738899
