Model,Accuracy,Precision,Recall,F1 Score,ROC AUC Score,Overall MCC
471,0.8954433062522077,0.8938707356520332,0.8954433062522077,0.8916215574829541,0.9447246461718763,0.8074174465380708
