Model,Accuracy,Precision,Recall,F1 Score,ROC AUC Score,Overall MCC
303,0.9014482515012363,0.9006822110882912,0.9014482515012363,0.9000438405305999,0.9455181512302095,0.8192305897021723
