Model,Accuracy,Precision,Recall,F1 Score,ROC AUC Score,Overall MCC
469,0.8979159307665135,0.8964188103386131,0.8979159307665135,0.8949531149575332,0.9453168104683142,0.8121759902471657
