Model,Accuracy,Precision,Recall,F1 Score,ROC AUC Score,Overall MCC
52,0.8523489932885906,0.8414562385198838,0.8523489932885906,0.8461427142906254,0.8956936957932712,0.7281865546546924
