Model,Accuracy,Precision,Recall,F1 Score,ROC AUC Score,Overall MCC
358,0.8968562345460968,0.8961711398949,0.8968562345460968,0.8946744596840402,0.9459883464150104,0.8103939004241398
