Model,Accuracy,Precision,Recall,F1 Score,ROC AUC Score,Overall MCC
218,0.9003885552808195,0.899626855378726,0.9003885552808195,0.8992621131430601,0.9438858113768643,0.8174891474003212
