Model,Accuracy,Precision,Recall,F1 Score,ROC AUC Score,Overall MCC
461,0.89579653832568,0.8947155188168437,0.89579653832568,0.8920988016898861,0.944340919464233,0.8082147075831254
