Model,Accuracy,Precision,Recall,F1 Score,ROC AUC Score,Overall MCC
193,0.8965030024726245,0.8950982887633127,0.8965030024726245,0.8942028202958021,0.9385402812790339,0.8097331635829694
