Model,Accuracy,Precision,Recall,F1 Score,ROC AUC Score,Overall MCC
281,0.8989756269869305,0.8981874099082079,0.8989756269869305,0.8970844375725341,0.9422217994966795,0.8144696203011527
