Model,Accuracy,Precision,Recall,F1 Score,ROC AUC Score,Overall MCC
250,0.9021547156481808,0.9017207797283079,0.9021547156481808,0.9011507729578908,0.9462112972684239,0.8206514843406241
