Model,Accuracy,Precision,Recall,F1 Score,ROC AUC Score,Overall MCC
11,0.7184740374425997,0.7317324845028952,0.7184740374425997,0.7213064644426509,0.8363537857614564,0.5029692592347925
