Model,Accuracy,Precision,Recall,F1 Score,ROC AUC Score,Overall MCC
162,0.8989756269869305,0.8978085241360148,0.8989756269869305,0.897544095439332,0.9382259571751321,0.8146525130523633
