Model,Accuracy,Precision,Recall,F1 Score,ROC AUC Score,Overall MCC
28,0.7333097845284352,0.7343374814407704,0.7333097845284352,0.7319787913520054,0.8425647498524045,0.517755144447966
