Model,Accuracy,Precision,Recall,F1 Score,ROC AUC Score,Overall MCC
301,0.9003885552808195,0.8992338101626811,0.9003885552808195,0.8983520088430531,0.9433874745509119,0.8170609267036967
