Model,Accuracy,Precision,Recall,F1 Score,ROC AUC Score,Overall MCC
385,0.897209466619569,0.8961378773184373,0.897209466619569,0.894418148862602,0.94556094852474,0.810851513805512
