Model,Accuracy,Precision,Recall,F1 Score,ROC AUC Score,Overall MCC
34,0.8293889085128929,0.8321056634620223,0.8293889085128929,0.8298641337981864,0.8878626947267123,0.692017930317818
