Model,Accuracy,Precision,Recall,F1 Score,ROC AUC Score,Overall MCC
125,0.897209466619569,0.8961455943889489,0.897209466619569,0.8961966238134945,0.9408205260449453,0.8117281133516163
