Model,Accuracy,Precision,Recall,F1 Score,ROC AUC Score,Overall MCC
343,0.899682091133875,0.8989391519631178,0.899682091133875,0.8979893042705256,0.9444793525053871,0.8157119857298573
