Model,Accuracy,Precision,Recall,F1 Score,ROC AUC Score,Overall MCC
336,0.8986223949134582,0.8973863514860183,0.8986223949134582,0.8967824082239293,0.9445001589865226,0.8137997193587039
