Model,Accuracy,Precision,Recall,F1 Score,ROC AUC Score,Overall MCC
273,0.9032144118685976,0.902860977420963,0.9032144118685976,0.901599107818119,0.9434676968670659,0.8222260025106055
