Model,Accuracy,Precision,Recall,F1 Score,ROC AUC Score,Overall MCC
149,0.8993288590604027,0.8983994473575049,0.8993288590604027,0.8981861143057451,0.9397336200859622,0.8155475981960935
