Model,Accuracy,Precision,Recall,F1 Score,ROC AUC Score,Overall MCC
340,0.8950900741787354,0.8936385422523117,0.8950900741787354,0.8926293750407075,0.9436955903826648,0.807083029469009
