Model,Accuracy,Precision,Recall,F1 Score,ROC AUC Score,Overall MCC
73,0.8859060402684564,0.8821574976911747,0.8859060402684564,0.8824077836559878,0.9323888424118939,0.7900628986958798
