Model,Accuracy,Precision,Recall,F1 Score,ROC AUC Score,Overall MCC
143,0.8993288590604027,0.8984848681874922,0.8993288590604027,0.898333954279099,0.9396081535886074,0.8155566155343782
