Model,Accuracy,Precision,Recall,F1 Score,ROC AUC Score,Overall MCC
432,0.8936771458848464,0.8925508589398881,0.8936771458848464,0.8898095595717801,0.944917079997403,0.8040972297344002
