Model,Accuracy,Precision,Recall,F1 Score,ROC AUC Score,Overall MCC
102,0.8908512892970681,0.8885259434865395,0.8908512892970681,0.8884139625279448,0.9365727497295958,0.7994932574835522
