Model,Accuracy,Precision,Recall,F1 Score,ROC AUC Score,Overall MCC
350,0.8954433062522077,0.8946172716136389,0.8954433062522077,0.892846992573874,0.9446211723212482,0.8075749078869442
