Model,Accuracy,Precision,Recall,F1 Score,ROC AUC Score,Overall MCC
259,0.901095019427764,0.9007188575154201,0.901095019427764,0.9000515689055676,0.9456636841538152,0.818712357215373
