Model,Accuracy,Precision,Recall,F1 Score,ROC AUC Score,Overall MCC
44,0.8548216178028964,0.8439579392939133,0.8548216178028964,0.8486787498624487,0.8970086920454525,0.7327733946309508
