Model,Accuracy,Precision,Recall,F1 Score,ROC AUC Score,Overall MCC
147,0.901095019427764,0.9003089088103698,0.901095019427764,0.9002287222287215,0.9402237368638119,0.8189118388989014
