Model,Accuracy,Precision,Recall,F1 Score,ROC AUC Score,Overall MCC
85,0.8873189685623455,0.8846760643563091,0.8873189685623455,0.8833401290165729,0.9366442178870202,0.7926290038743534
