Model,Accuracy,Precision,Recall,F1 Score,ROC AUC Score,Overall MCC
65,0.8707170611091487,0.8604207586858644,0.8707170611091487,0.8630075053363557,0.9171910270245799,0.7611660611885235
