Model,Accuracy,Precision,Recall,F1 Score,ROC AUC Score,Overall MCC
402,0.8947368421052632,0.8939162019756922,0.8947368421052632,0.8910876578731535,0.9446137143280101,0.8060668256873668
