Model,Accuracy,Precision,Recall,F1 Score,ROC AUC Score,Overall MCC
214,0.8979159307665135,0.8969178829620478,0.8979159307665135,0.8965513914885216,0.9414310462691847,0.8128493407469203
