Model,Accuracy,Precision,Recall,F1 Score,ROC AUC Score,Overall MCC
93,0.8894383610031791,0.887479473283193,0.8894383610031791,0.8860423800657977,0.936892587272943,0.7964525699576623
