Model,Accuracy,Precision,Recall,F1 Score,ROC AUC Score,Overall MCC
351,0.8986223949134582,0.8978022858604432,0.8986223949134582,0.8961896211472,0.9451309576923762,0.8134912844443069
