Model,Accuracy,Precision,Recall,F1 Score,ROC AUC Score,Overall MCC
377,0.8950900741787354,0.894269118254358,0.8950900741787354,0.8921531727434223,0.9458174792921521,0.806807212699867
