Model,Accuracy,Precision,Recall,F1 Score,ROC AUC Score,Overall MCC
498,0.8968562345460968,0.8954103056990383,0.8968562345460968,0.8922110745258245,0.9427076892228062,0.8098233162958243
