Model,Accuracy,Precision,Recall,F1 Score,ROC AUC Score,Overall MCC
446,0.8986223949134582,0.8970758850697953,0.8986223949134582,0.895597018081857,0.9442309525639363,0.8135915126640045
