Model,Accuracy,Precision,Recall,F1 Score,ROC AUC Score,Overall MCC
98,0.8894383610031791,0.8870798695127166,0.8894383610031791,0.886306250668252,0.9335915073770332,0.7965865273035513
