Model,Accuracy,Precision,Recall,F1 Score,ROC AUC Score,Overall MCC
22,0.7403744259978806,0.7444932865608679,0.7403744259978806,0.7405625577915466,0.8489430830693824,0.5333559959993915
