Model,Accuracy,Precision,Recall,F1 Score,ROC AUC Score,Overall MCC
448,0.8950900741787354,0.8927734826765794,0.8950900741787354,0.8912770180548875,0.9432650275508195,0.8068612979177449
