Model,Accuracy,Precision,Recall,F1 Score,ROC AUC Score,Overall MCC
188,0.8993288590604027,0.8980644760969823,0.8993288590604027,0.8974744125783927,0.938504776977891,0.8151020178761541
