Model,Accuracy,Precision,Recall,F1 Score,ROC AUC Score,Overall MCC
417,0.89579653832568,0.8949500649533932,0.89579653832568,0.8923071330895639,0.9472495184937699,0.8081709418166771
