Model,Accuracy,Precision,Recall,F1 Score,ROC AUC Score,Overall MCC
308,0.8989756269869305,0.8978704075255673,0.8989756269869305,0.8971166487242803,0.9440696710157206,0.8144490587331923
