Model,Accuracy,Precision,Recall,F1 Score,ROC AUC Score,Overall MCC
279,0.901095019427764,0.9003800197635917,0.901095019427764,0.8996353259774527,0.9443631699996148,0.8184554445031409
