Model,Accuracy,Precision,Recall,F1 Score,ROC AUC Score,Overall MCC
398,0.8975626986930413,0.8964138466242946,0.8975626986930413,0.8942809056893153,0.9456203820819646,0.8114129000925611
