Model,Accuracy,Precision,Recall,F1 Score,ROC AUC Score,Overall MCC
107,0.8982691628399859,0.8973475842830436,0.8982691628399859,0.8962772441096895,0.94003491775723,0.813092435450066
