Model,Accuracy,Precision,Recall,F1 Score,ROC AUC Score,Overall MCC
210,0.8993288590604027,0.8986073487507549,0.8993288590604027,0.8980281186464636,0.9427712343318587,0.8155576799743338
