Model,Accuracy,Precision,Recall,F1 Score,ROC AUC Score,Overall MCC
219,0.9007417873542918,0.9001842126314641,0.9007417873542918,0.8996364932069744,0.9431212919033619,0.8181509983587222
