Model,Accuracy,Precision,Recall,F1 Score,ROC AUC Score,Overall MCC
154,0.8986223949134582,0.8976525716710582,0.8986223949134582,0.8965854052730223,0.9381068248387011,0.8136198853801764
