Model,Accuracy,Precision,Recall,F1 Score,ROC AUC Score,Overall MCC
344,0.8982691628399859,0.8974489480406872,0.8982691628399859,0.8966750051175473,0.9438065271154154,0.8133044348441588
