Model,Accuracy,Precision,Recall,F1 Score,ROC AUC Score,Overall MCC
233,0.9025079477216531,0.9019765430934625,0.9025079477216531,0.9015116569017299,0.942360739759596,0.8213193585262933
