Model,Accuracy,Precision,Recall,F1 Score,ROC AUC Score,Overall MCC
47,0.8544683857294242,0.8450567085996206,0.8544683857294242,0.8492403361888708,0.8984773612138591,0.7324155988378086
