Model,Accuracy,Precision,Recall,F1 Score,ROC AUC Score,Overall MCC
483,0.8961497703991522,0.8948239095986836,0.8961497703991522,0.8924707362741691,0.9449234801582668,0.8085594936870696
