Model,Accuracy,Precision,Recall,F1 Score,ROC AUC Score,Overall MCC
115,0.8979159307665135,0.8969658186498215,0.8979159307665135,0.8965240784229618,0.9390066264673255,0.8126821364885173
