Model,Accuracy,Precision,Recall,F1 Score,ROC AUC Score,Overall MCC
23,0.7400211939244083,0.7456088637935796,0.7400211939244083,0.7403446548604206,0.8505727890362268,0.5345230547654625
