Model,Accuracy,Precision,Recall,F1 Score,ROC AUC Score,Overall MCC
10,0.7167078770752384,0.7291503200881783,0.7167078770752384,0.7191507049601555,0.834484225623191,0.4992142802014874
