Model,Accuracy,Precision,Recall,F1 Score,ROC AUC Score,Overall MCC
313,0.89579653832568,0.8945095973040634,0.89579653832568,0.8936095895609365,0.9427865017069053,0.8084708761803545
