Model,Accuracy,Precision,Recall,F1 Score,ROC AUC Score,Overall MCC
449,0.8965030024726245,0.8950858188621755,0.8965030024726245,0.8930345667618653,0.9446571563441782,0.8094268315972337
