Model,Accuracy,Precision,Recall,F1 Score,ROC AUC Score,Overall MCC
380,0.8950900741787354,0.8936942960550444,0.8950900741787354,0.8925021255740138,0.946768420485521,0.8070295205157698
