Model,Accuracy,Precision,Recall,F1 Score,ROC AUC Score,Overall MCC
38,0.8244436594842812,0.814479284463748,0.8244436594842812,0.8187824686781795,0.8801274494900014,0.6774439374451912
