Model,Accuracy,Precision,Recall,F1 Score,ROC AUC Score,Overall MCC
275,0.9049805722359591,0.9044726478714994,0.9049805722359591,0.9037870708625646,0.9434606367068005,0.8256480469955098
