Model,Accuracy,Precision,Recall,F1 Score,ROC AUC Score,Overall MCC
165,0.8965030024726245,0.895165423730738,0.8965030024726245,0.8947984785739684,0.9385604069830089,0.8099735630795594
