Model,Accuracy,Precision,Recall,F1 Score,ROC AUC Score,Overall MCC
427,0.8961497703991522,0.8946251612719711,0.8961497703991522,0.8924413865455356,0.944617661491098,0.8087488609753242
