Model,Accuracy,Precision,Recall,F1 Score,ROC AUC Score,Overall MCC
198,0.8979159307665135,0.8967473062514177,0.8979159307665135,0.8962979159946813,0.9379305817762725,0.8126837887834963
