Model,Accuracy,Precision,Recall,F1 Score,ROC AUC Score,Overall MCC
136,0.9000353232073472,0.8992398036297927,0.9000353232073472,0.8991251417357539,0.9427943275886985,0.8169437693840457
