Model,Accuracy,Precision,Recall,F1 Score,ROC AUC Score,Overall MCC
302,0.9046273401624868,0.9040783177396697,0.9046273401624868,0.903600729495996,0.9453655324796951,0.8251381990388674
