Model,Accuracy,Precision,Recall,F1 Score,ROC AUC Score,Overall MCC
68,0.8735429176969269,0.8634710088872517,0.8735429176969269,0.8637787110679731,0.9143523518760898,0.7660761711654475
