Model,Accuracy,Precision,Recall,F1 Score,ROC AUC Score,Overall MCC
122,0.899682091133875,0.8986895928696091,0.899682091133875,0.8985514423540497,0.9391979260716582,0.8161161705580487
