Model,Accuracy,Precision,Recall,F1 Score,ROC AUC Score,Overall MCC
206,0.9003885552808195,0.8997305994858007,0.9003885552808195,0.8991535653079524,0.9416296293946916,0.8174266244736651
