Model,Accuracy,Precision,Recall,F1 Score,ROC AUC Score,Overall MCC
413,0.8954433062522077,0.8941109689961314,0.8954433062522077,0.8923711440127131,0.9461990500017503,0.8075680116434298
