Model,Accuracy,Precision,Recall,F1 Score,ROC AUC Score,Overall MCC
482,0.8979159307665135,0.8964317068148044,0.8979159307665135,0.8944341213089444,0.9451651859946758,0.8120124613754764
