Model,Accuracy,Precision,Recall,F1 Score,ROC AUC Score,Overall MCC
433,0.8936771458848464,0.8920403982585384,0.8936771458848464,0.890027215277382,0.9443878478661292,0.8041997006694783
