Model,Accuracy,Precision,Recall,F1 Score,ROC AUC Score,Overall MCC
226,0.901095019427764,0.9005128754607445,0.901095019427764,0.9001237594426998,0.9436742607908926,0.8188636903720118
