Model,Accuracy,Precision,Recall,F1 Score,ROC AUC Score,Overall MCC
51,0.8541151536559519,0.8423125803983282,0.8541151536559519,0.8473510961751093,0.8930997624784375,0.7312616429412103
