Model,Accuracy,Precision,Recall,F1 Score,ROC AUC Score,Overall MCC
232,0.9014482515012363,0.9007813476543478,0.9014482515012363,0.9002971415338908,0.9432606892769752,0.8193220856715661
