Model,Accuracy,Precision,Recall,F1 Score,ROC AUC Score,Overall MCC
50,0.8512892970681738,0.8418586866259233,0.8512892970681738,0.846022507264337,0.8929704973178602,0.7266390109578941
