Model,Accuracy,Precision,Recall,F1 Score,ROC AUC Score,Overall MCC
241,0.9007417873542918,0.9003848778281404,0.9007417873542918,0.899486059652252,0.9431141284654124,0.818118396291116
