Model,Accuracy,Precision,Recall,F1 Score,ROC AUC Score,Overall MCC
240,0.9032144118685976,0.9029073587984159,0.9032144118685976,0.9023248175590575,0.9428039806910574,0.8228301193553272
