Model,Accuracy,Precision,Recall,F1 Score,ROC AUC Score,Overall MCC
470,0.8989756269869305,0.8989390585052849,0.8989756269869305,0.8952179541515911,0.9458245736746087,0.8139903049565099
