Model,Accuracy,Precision,Recall,F1 Score,ROC AUC Score,Overall MCC
454,0.8954433062522077,0.8939044826571787,0.8954433062522077,0.8911962831484286,0.9428698370202366,0.8073813685793054
