Model,Accuracy,Precision,Recall,F1 Score,ROC AUC Score,Overall MCC
55,0.8611797951253974,0.8490340033069727,0.8611797951253974,0.8538551303847196,0.9031662744070222,0.743802301963587
