Model,Accuracy,Precision,Recall,F1 Score,ROC AUC Score,Overall MCC
255,0.9046273401624868,0.9042858033269984,0.9046273401624868,0.9034954095697455,0.9454807708196568,0.8250202229065944
