Model,Accuracy,Precision,Recall,F1 Score,ROC AUC Score,Overall MCC
45,0.8569410102437302,0.847390886793899,0.8569410102437302,0.8514548696240288,0.8998953601504289,0.7368346349556931
