Model,Accuracy,Precision,Recall,F1 Score,ROC AUC Score,Overall MCC
25,0.7354291769692688,0.739175073293555,0.7354291769692688,0.7354050271294148,0.8442775870216543,0.5239831177151171
