Model,Accuracy,Precision,Recall,F1 Score,ROC AUC Score,Overall MCC
349,0.8982691628399859,0.8975616830236354,0.8982691628399859,0.8956270646530677,0.9443869807002487,0.8127813870833214
