Model,Accuracy,Precision,Recall,F1 Score,ROC AUC Score,Overall MCC
294,0.9053338043094313,0.9047635158741707,0.9053338043094313,0.9042458072176707,0.9460412514781543,0.8264179202734916
