Model,Accuracy,Precision,Recall,F1 Score,ROC AUC Score,Overall MCC
317,0.8989756269869305,0.8980171460178488,0.8989756269869305,0.8973202218752995,0.94277656749369,0.8144554221823623
