Model,Accuracy,Precision,Recall,F1 Score,ROC AUC Score,Overall MCC
235,0.9018014835747086,0.901163425681927,0.9018014835747086,0.9007410790609452,0.9431277892308044,0.8200587061193968
