Model,Accuracy,Precision,Recall,F1 Score,ROC AUC Score,Overall MCC
164,0.8986223949134582,0.8977192028471103,0.8986223949134582,0.8973312387292969,0.938478353779626,0.8140819029692352
