Model,Accuracy,Precision,Recall,F1 Score,ROC AUC Score,Overall MCC
462,0.8975626986930413,0.8964199874037609,0.8975626986930413,0.8936623895495787,0.9452468181428849,0.8113554067847958
