Model,Accuracy,Precision,Recall,F1 Score,ROC AUC Score,Overall MCC
389,0.8965030024726245,0.8953451445105859,0.8965030024726245,0.893881164244874,0.9481671077173779,0.8097179928266739
