Model,Accuracy,Precision,Recall,F1 Score,ROC AUC Score,Overall MCC
444,0.8954433062522077,0.893477670672188,0.8954433062522077,0.891965014150561,0.9445248014086246,0.8075051132133091
