Model,Accuracy,Precision,Recall,F1 Score,ROC AUC Score,Overall MCC
464,0.8965030024726245,0.8956773647399106,0.8965030024726245,0.8925950190679306,0.9448032099339786,0.8094101028487908
