Model,Accuracy,Precision,Recall,F1 Score,ROC AUC Score,Overall MCC
436,0.8929706817379018,0.8911126154419614,0.8929706817379018,0.889579193657378,0.9431506991544772,0.8030750406320776
