Model,Accuracy,Precision,Recall,F1 Score,ROC AUC Score,Overall MCC
3,0.6686683150830095,0.7199541024515913,0.6686683150830095,0.6844827262474411,0.8203177662452252,0.45069895046597264
