Model,Accuracy,Precision,Recall,F1 Score,ROC AUC Score,Overall MCC
337,0.8968562345460968,0.895545641194418,0.8968562345460968,0.8946186597322462,0.9435249145374108,0.8103311118688934
