Model,Accuracy,Precision,Recall,F1 Score,ROC AUC Score,Overall MCC
288,0.9021547156481808,0.9015229821532025,0.9021547156481808,0.9008963203804744,0.9454777959334649,0.8204819652105155
