Model,Accuracy,Precision,Recall,F1 Score,ROC AUC Score,Overall MCC
103,0.8901448251501236,0.8876445430576362,0.8901448251501236,0.8874176396274653,0.9363352825560106,0.7979910142193136
