Model,Accuracy,Precision,Recall,F1 Score,ROC AUC Score,Overall MCC
89,0.8883786647827623,0.8856491197580482,0.8883786647827623,0.884368531845533,0.9355497922126329,0.7945732949009154
