Model,Accuracy,Precision,Recall,F1 Score,ROC AUC Score,Overall MCC
346,0.8943836100317909,0.8931480780221044,0.8943836100317909,0.8912898824157925,0.9437814825825669,0.8055140413001188
