Model,Accuracy,Precision,Recall,F1 Score,ROC AUC Score,Overall MCC
365,0.8979159307665135,0.8971448221598485,0.8979159307665135,0.8954992180639856,0.9458704760218796,0.8121994684701853
