Model,Accuracy,Precision,Recall,F1 Score,ROC AUC Score,Overall MCC
236,0.9014482515012363,0.9010675897506161,0.9014482515012363,0.900479782181679,0.9424182165408169,0.8194504695176401
