Model,Accuracy,Precision,Recall,F1 Score,ROC AUC Score,Overall MCC
87,0.886612504415401,0.8840311235313747,0.886612504415401,0.8830519609641526,0.9370134368300395,0.7913174174117472
