Model,Accuracy,Precision,Recall,F1 Score,ROC AUC Score,Overall MCC
231,0.9032144118685976,0.9025584873173638,0.9032144118685976,0.902223049567558,0.9439088771337292,0.8226149034866255
