Model,Accuracy,Precision,Recall,F1 Score,ROC AUC Score,Overall MCC
19,0.7350759448957965,0.7373501477658682,0.7350759448957965,0.734824640580712,0.8441213633299639,0.5216690079619729
