Model,Accuracy,Precision,Recall,F1 Score,ROC AUC Score,Overall MCC
66,0.8707170611091487,0.8600013636295795,0.8707170611091487,0.8624590442674528,0.9164634247398281,0.7611308373201946
