Model,Accuracy,Precision,Recall,F1 Score,ROC AUC Score,Overall MCC
307,0.9003885552808195,0.8999050681053506,0.9003885552808195,0.8986205977061829,0.9451560718918283,0.8170769066897415
