Model,Accuracy,Precision,Recall,F1 Score,ROC AUC Score,Overall MCC
456,0.8986223949134582,0.8983751255374673,0.8986223949134582,0.8955345053366915,0.9455387609337457,0.8134728864494306
