Model,Accuracy,Precision,Recall,F1 Score,ROC AUC Score,Overall MCC
204,0.899682091133875,0.8989992293146958,0.899682091133875,0.8983021185667329,0.943199215832711,0.8160084900976555
