Model,Accuracy,Precision,Recall,F1 Score,ROC AUC Score,Overall MCC
254,0.9032144118685976,0.9029041095448994,0.9032144118685976,0.9020912829878142,0.9470716211550635,0.822431922391015
