Model,Accuracy,Precision,Recall,F1 Score,ROC AUC Score,Overall MCC
9,0.7022253620628753,0.7213812108231827,0.7022253620628753,0.707540456695749,0.8365088764541744,0.47928124788149357
