Model,Accuracy,Precision,Recall,F1 Score,ROC AUC Score,Overall MCC
256,0.9053338043094313,0.9053812938374193,0.9053338043094313,0.9043168668544586,0.9468361370352358,0.8264242222736539
