Model,Accuracy,Precision,Recall,F1 Score,ROC AUC Score,Overall MCC
170,0.8979159307665135,0.897021404556165,0.8979159307665135,0.8960857470661764,0.9396111248081357,0.8124527245368904
