Model,Accuracy,Precision,Recall,F1 Score,ROC AUC Score,Overall MCC
473,0.8968562345460968,0.8954222476581862,0.8968562345460968,0.8928654075836093,0.9439449302121522,0.8100229565741139
