Model,Accuracy,Precision,Recall,F1 Score,ROC AUC Score,Overall MCC
315,0.8979159307665135,0.8969553238036823,0.8979159307665135,0.8960086860382804,0.9427860598739725,0.8123976819301938
