Model,Accuracy,Precision,Recall,F1 Score,ROC AUC Score,Overall MCC
15,0.7273048392794066,0.7341025804775803,0.7273048392794066,0.7287021397274832,0.8389696830008208,0.5118354372443544
