Model,Accuracy,Precision,Recall,F1 Score,ROC AUC Score,Overall MCC
124,0.8975626986930413,0.8965395261068795,0.8975626986930413,0.8966016343512593,0.939225463324469,0.8124129345805904
