Model,Accuracy,Precision,Recall,F1 Score,ROC AUC Score,Overall MCC
421,0.8950900741787354,0.8936870023082876,0.8950900741787354,0.8917450748417292,0.9462049912185858,0.8067767500807457
