Model,Accuracy,Precision,Recall,F1 Score,ROC AUC Score,Overall MCC
161,0.9000353232073472,0.8987817748237095,0.9000353232073472,0.8983143587299899,0.9380166640315579,0.8164260435130151
