Model,Accuracy,Precision,Recall,F1 Score,ROC AUC Score,Overall MCC
216,0.8979159307665135,0.8968476017537005,0.8979159307665135,0.8963124021817425,0.941788073556591,0.8127425612874987
