Model,Accuracy,Precision,Recall,F1 Score,ROC AUC Score,Overall MCC
1,0.5118332744613211,0.5756945229457205,0.5118332744613211,0.458559621685699,0.5551452942238221,0.13563507586177523
