Model,Accuracy,Precision,Recall,F1 Score,ROC AUC Score,Overall MCC
459,0.8979159307665135,0.8964641804854521,0.8979159307665135,0.8947025942630091,0.9446351539196827,0.8121273350982608
