Model,Accuracy,Precision,Recall,F1 Score,ROC AUC Score,Overall MCC
179,0.8943836100317909,0.8929043000086775,0.8943836100317909,0.8919088520008955,0.9377571883223714,0.805777526169799
