Model,Accuracy,Precision,Recall,F1 Score,ROC AUC Score,Overall MCC
467,0.8936771458848464,0.891734275409429,0.8936771458848464,0.8893923990404973,0.9421678286567242,0.8041579291622857
