Model,Accuracy,Precision,Recall,F1 Score,ROC AUC Score,Overall MCC
283,0.9042741080890144,0.9038671273679634,0.9042741080890144,0.9029149588859502,0.9439936836957269,0.8243649104403382
