Model,Accuracy,Precision,Recall,F1 Score,ROC AUC Score,Overall MCC
31,0.8092546803249735,0.8125258143295139,0.8092546803249735,0.8077907466653551,0.8723595941717458,0.6576024399054188
