Model,Accuracy,Precision,Recall,F1 Score,ROC AUC Score,Overall MCC
86,0.8890851289297068,0.8869116105737914,0.8890851289297068,0.8849756435997984,0.9366276115687433,0.7958624968248377
