Model,Accuracy,Precision,Recall,F1 Score,ROC AUC Score,Overall MCC
16,0.730483927940657,0.7367536863081208,0.730483927940657,0.7318447717324194,0.8403259389933709,0.5169475057680157
