Model,Accuracy,Precision,Recall,F1 Score,ROC AUC Score,Overall MCC
247,0.9007417873542918,0.9004159150828992,0.9007417873542918,0.8997830954774081,0.9450845945677453,0.8181813172062543
