Model,Accuracy,Precision,Recall,F1 Score,ROC AUC Score,Overall MCC
185,0.8968562345460968,0.8957415015573055,0.8968562345460968,0.8944714891961885,0.9375921004720512,0.8102625269174331
