Model,Accuracy,Precision,Recall,F1 Score,ROC AUC Score,Overall MCC
261,0.9042741080890144,0.9039959642120527,0.9042741080890144,0.902869793512505,0.9447064625772518,0.8242707048450293
