Model,Accuracy,Precision,Recall,F1 Score,ROC AUC Score,Overall MCC
463,0.8975626986930413,0.8969518092533626,0.8975626986930413,0.8936129517495242,0.9448099064834624,0.8113633788658617
