Model,Accuracy,Precision,Recall,F1 Score,ROC AUC Score,Overall MCC
209,0.8982691628399859,0.8973484683923534,0.8982691628399859,0.8971032244579675,0.9408942168114658,0.813654953999726
