Model,Accuracy,Precision,Recall,F1 Score,ROC AUC Score,Overall MCC
291,0.9028611797951254,0.9025281543098123,0.9028611797951254,0.9010579639130687,0.9443453836268523,0.8216669791851838
