Model,Accuracy,Precision,Recall,F1 Score,ROC AUC Score,Overall MCC
328,0.8968562345460968,0.8958813726057814,0.8968562345460968,0.8949147437951994,0.9440498426170315,0.8105122765116156
