Model,Accuracy,Precision,Recall,F1 Score,ROC AUC Score,Overall MCC
277,0.9039208760155422,0.9037157861685071,0.9039208760155422,0.9027828190376971,0.943464178703589,0.8237155109504546
