Model,Accuracy,Precision,Recall,F1 Score,ROC AUC Score,Overall MCC
221,0.9007417873542918,0.900026007516491,0.9007417873542918,0.8995904867097494,0.943375014006654,0.8181073444823754
