Model,Accuracy,Precision,Recall,F1 Score,ROC AUC Score,Overall MCC
242,0.9028611797951254,0.9025428647829998,0.9028611797951254,0.9016681001580432,0.9443339283594606,0.8219189111318854
