Model,Accuracy,Precision,Recall,F1 Score,ROC AUC Score,Overall MCC
84,0.8887318968562345,0.8866573273596942,0.8887318968562345,0.8853188789599746,0.9376139048967262,0.7953249965198342
