Model,Accuracy,Precision,Recall,F1 Score,ROC AUC Score,Overall MCC
244,0.9000353232073472,0.8995080871014153,0.9000353232073472,0.8988824887721276,0.941891030407688,0.8168534046505489
