Model,Accuracy,Precision,Recall,F1 Score,ROC AUC Score,Overall MCC
393,0.8961497703991522,0.8951263526975956,0.8961497703991522,0.8928006971626855,0.9462057624401088,0.8088462513103347
