Model,Accuracy,Precision,Recall,F1 Score,ROC AUC Score,Overall MCC
363,0.8975626986930413,0.8969553010143289,0.8975626986930413,0.8951290100100651,0.945281496833665,0.811521492366408
