Model,Accuracy,Precision,Recall,F1 Score,ROC AUC Score,Overall MCC
480,0.8968562345460968,0.8952788400680307,0.8968562345460968,0.8931427253190956,0.9433396362053964,0.8100234642193611
