Model,Accuracy,Precision,Recall,F1 Score,ROC AUC Score,Overall MCC
95,0.8908512892970681,0.8888496028593563,0.8908512892970681,0.8877055218977242,0.9329422372434827,0.7991132312399856
