Model,Accuracy,Precision,Recall,F1 Score,ROC AUC Score,Overall MCC
352,0.8961497703991522,0.8950184519956818,0.8961497703991522,0.8937730010738424,0.945536974046477,0.8089299017958569
