Model,Accuracy,Precision,Recall,F1 Score,ROC AUC Score,Overall MCC
394,0.8986223949134582,0.8978742098729146,0.8986223949134582,0.8957663163629614,0.946897327535312,0.8134401634645505
