Model,Accuracy,Precision,Recall,F1 Score,ROC AUC Score,Overall MCC
329,0.8982691628399859,0.897213860186009,0.8982691628399859,0.8963423023056489,0.9447414590455215,0.813177091312589
