Model,Accuracy,Precision,Recall,F1 Score,ROC AUC Score,Overall MCC
106,0.8926174496644296,0.8908849018359332,0.8926174496644296,0.890117699106763,0.9373477002491962,0.8025425728796363
