Model,Accuracy,Precision,Recall,F1 Score,ROC AUC Score,Overall MCC
150,0.9000353232073472,0.8989813151384415,0.9000353232073472,0.8990346178534159,0.9380023732111815,0.8168940190458154
