Model,Accuracy,Precision,Recall,F1 Score,ROC AUC Score,Overall MCC
296,0.9021547156481808,0.9016570708015591,0.9021547156481808,0.9009165442748518,0.9436003494134609,0.820559437604647
