Model,Accuracy,Precision,Recall,F1 Score,ROC AUC Score,Overall MCC
455,0.8968562345460968,0.8959164157339163,0.8968562345460968,0.8933993411686258,0.9451027964956866,0.8102402086454749
