Model,Accuracy,Precision,Recall,F1 Score,ROC AUC Score,Overall MCC
298,0.9003885552808195,0.8994765540820797,0.9003885552808195,0.8988028610508664,0.944089275136835,0.8171002648793051
