Model,Accuracy,Precision,Recall,F1 Score,ROC AUC Score,Overall MCC
222,0.8993288590604027,0.8986711663514009,0.8993288590604027,0.8982776881682342,0.9432002046095923,0.8156017733396234
