Model,Accuracy,Precision,Recall,F1 Score,ROC AUC Score,Overall MCC
485,0.8979159307665135,0.896648834466725,0.8979159307665135,0.8941148239431835,0.9453832302414268,0.8119164446797357
