Model,Accuracy,Precision,Recall,F1 Score,ROC AUC Score,Overall MCC
197,0.897209466619569,0.8958427720301702,0.897209466619569,0.895154257069132,0.9381854338229845,0.8112222579084408
