Model,Accuracy,Precision,Recall,F1 Score,ROC AUC Score,Overall MCC
234,0.9028611797951254,0.9026428809268636,0.9028611797951254,0.9020908467855766,0.9435399142460333,0.8221382426550401
