Model,Accuracy,Precision,Recall,F1 Score,ROC AUC Score,Overall MCC
465,0.8961497703991522,0.8960318890990825,0.8961497703991522,0.8917643707831976,0.9435901939782241,0.8087029434650258
