Model,Accuracy,Precision,Recall,F1 Score,ROC AUC Score,Overall MCC
437,0.8922642175909573,0.8914109859648924,0.8922642175909573,0.8887495215989479,0.9440548457791621,0.8017189543749038
