Model,Accuracy,Precision,Recall,F1 Score,ROC AUC Score,Overall MCC
293,0.9053338043094313,0.9050040432421124,0.9053338043094313,0.9040818903466665,0.9453600465402244,0.826301914066223
