Model,Accuracy,Precision,Recall,F1 Score,ROC AUC Score,Overall MCC
120,0.8968562345460968,0.8957272492407669,0.8968562345460968,0.895745726679192,0.9385835393509243,0.8109971808586808
