Model,Accuracy,Precision,Recall,F1 Score,ROC AUC Score,Overall MCC
83,0.8936771458848464,0.8921690480157164,0.8936771458848464,0.8917462314322616,0.9379139864579856,0.8049573288493006
