Model,Accuracy,Precision,Recall,F1 Score,ROC AUC Score,Overall MCC
82,0.8897915930766513,0.8878650271326529,0.8897915930766513,0.8871484461339292,0.9379077977413744,0.797674511447253
