Model,Accuracy,Precision,Recall,F1 Score,ROC AUC Score,Overall MCC
391,0.8933239138113741,0.8917915260692412,0.8933239138113741,0.8901299051416882,0.946930208949944,0.8035191113888728
