Model,Accuracy,Precision,Recall,F1 Score,ROC AUC Score,Overall MCC
359,0.8961497703991522,0.8950489757807643,0.8961497703991522,0.8934579391281454,0.9443889793373255,0.808852445531327
