Model,Accuracy,Precision,Recall,F1 Score,ROC AUC Score,Overall MCC
186,0.8943836100317909,0.8931892362652902,0.8943836100317909,0.8920897320080771,0.9370020854514426,0.8058203734563407
