Model,Accuracy,Precision,Recall,F1 Score,ROC AUC Score,Overall MCC
361,0.9018014835747086,0.9012070672011788,0.9018014835747086,0.8999691383971669,0.9464252586855433,0.8195406786542334
