Model,Accuracy,Precision,Recall,F1 Score,ROC AUC Score,Overall MCC
451,0.8968562345460968,0.8963208508786958,0.8968562345460968,0.8935664095819682,0.9447095932966354,0.8101772121428119
