Model,Accuracy,Precision,Recall,F1 Score,ROC AUC Score,Overall MCC
101,0.8897915930766513,0.8871630331412874,0.8897915930766513,0.8867167277812117,0.9340762964930467,0.7972635482938537
