Model,Accuracy,Precision,Recall,F1 Score,ROC AUC Score,Overall MCC
409,0.8954433062522077,0.8942981805465122,0.8954433062522077,0.8919667929415515,0.9463307974934102,0.8074768631614682
