Model,Accuracy,Precision,Recall,F1 Score,ROC AUC Score,Overall MCC
178,0.897209466619569,0.8959943411186262,0.897209466619569,0.895254430687849,0.9391807367539098,0.81113623076285
