Model,Accuracy,Precision,Recall,F1 Score,ROC AUC Score,Overall MCC
113,0.9021547156481808,0.901591873889222,0.9021547156481808,0.9009643111199601,0.9401539767603944,0.8205358553637606
