Model,Accuracy,Precision,Recall,F1 Score,ROC AUC Score,Overall MCC
438,0.8929706817379018,0.8913135053704956,0.8929706817379018,0.8893325997215858,0.9449653613980723,0.8028521622793994
