Model,Accuracy,Precision,Recall,F1 Score,ROC AUC Score,Overall MCC
383,0.8947368421052632,0.8931791979234216,0.8947368421052632,0.89168785532996,0.9463786627277903,0.8062330112029102
