Model,Accuracy,Precision,Recall,F1 Score,ROC AUC Score,Overall MCC
91,0.8887318968562345,0.8862434045669461,0.8887318968562345,0.8852108992908055,0.9379982861037762,0.795206231816144
