Model,Accuracy,Precision,Recall,F1 Score,ROC AUC Score,Overall MCC
160,0.8986223949134582,0.8970838643185971,0.8986223949134582,0.8969017579023647,0.9381098730581595,0.8138639966502142
