Model,Accuracy,Precision,Recall,F1 Score,ROC AUC Score,Overall MCC
496,0.897209466619569,0.8955296751223463,0.897209466619569,0.8931695712506776,0.9443655239974804,0.8105506352456607
