Model,Accuracy,Precision,Recall,F1 Score,ROC AUC Score,Overall MCC
216,0.8555280819498411,0.8687256640280773,0.8555280819498411,0.8605912376871713,0.9281766082865418,0.7436344900173432
