Model,Accuracy,Precision,Recall,F1 Score,ROC AUC Score,Overall MCC
2,0.6121511833274461,0.8817077739929798,0.6121511833274461,0.6971600802656074,0.820837679551615,0.5027091683155325
