Model,Accuracy,Precision,Recall,F1 Score,ROC AUC Score,Overall MCC
89,0.8318615330271989,0.8593739381058128,0.8318615330271989,0.8426524673327311,0.9105363392248303,0.7074186430739512
