Model,Accuracy,Precision,Recall,F1 Score,ROC AUC Score,Overall MCC
120,0.8534086895090074,0.8713246513788686,0.8534086895090074,0.8600627754933198,0.9254900190001605,0.742124988180869
