Model,Accuracy,Precision,Recall,F1 Score,ROC AUC Score,Overall MCC
400,0.8689509007417874,0.8774366293739053,0.8689509007417874,0.8721533610976459,0.9342209946396315,0.7658248543413609
