Model,Accuracy,Precision,Recall,F1 Score,ROC AUC Score,Overall MCC
382,0.8654185800070646,0.873568321191695,0.8654185800070646,0.8686353977191387,0.9294771994406724,0.7590401566194692
