Model,Accuracy,Precision,Recall,F1 Score,ROC AUC Score,Overall MCC
161,0.8534086895090074,0.8655182687457171,0.8534086895090074,0.8582495845434491,0.921921643013266,0.7390997764260704
