Model,Accuracy,Precision,Recall,F1 Score,ROC AUC Score,Overall MCC
278,0.8615330271988697,0.872219984421538,0.8615330271988697,0.8655725897115535,0.9296562530005529,0.7534732161989757
