Model,Accuracy,Precision,Recall,F1 Score,ROC AUC Score,Overall MCC
315,0.8654185800070646,0.8744876032295019,0.8654185800070646,0.8689080929678974,0.9303356606623344,0.7596245349202797
