Model,Accuracy,Precision,Recall,F1 Score,ROC AUC Score,Overall MCC
368,0.8654185800070646,0.875327655871176,0.8654185800070646,0.8692168282094727,0.9293342594591603,0.7599624867376491
