Model,Accuracy,Precision,Recall,F1 Score,ROC AUC Score,Overall MCC
160,0.8537619215824797,0.8655701412691832,0.8537619215824797,0.8584642768307293,0.921001102736778,0.7396437945906671
