Model,Accuracy,Precision,Recall,F1 Score,ROC AUC Score,Overall MCC
87,0.8300953726598375,0.8584999983058984,0.8300953726598375,0.8414048104593492,0.909455731371248,0.7044257031679075
