Model,Accuracy,Precision,Recall,F1 Score,ROC AUC Score,Overall MCC
109,0.847756976333451,0.8725145472640407,0.847756976333451,0.8567156879218673,0.9243422397074804,0.7353330024971276
