Model,Accuracy,Precision,Recall,F1 Score,ROC AUC Score,Overall MCC
61,0.812433768986224,0.8401195157894853,0.812433768986224,0.8250157412530192,0.8843919271513193,0.6701130978940718
