Model,Accuracy,Precision,Recall,F1 Score,ROC AUC Score,Overall MCC
390,0.8682444365948428,0.8765399569854725,0.8682444365948428,0.8713627602853639,0.9338618082986271,0.7644632582211905
