Model,Accuracy,Precision,Recall,F1 Score,ROC AUC Score,Overall MCC
163,0.8555280819498411,0.8679424388419853,0.8555280819498411,0.8603304543197954,0.9249301237855767,0.743263448656485
