Model,Accuracy,Precision,Recall,F1 Score,ROC AUC Score,Overall MCC
366,0.8671847403744259,0.8756183269635495,0.8671847403744259,0.8704601392391309,0.9298378261692598,0.7624375137786094
