Model,Accuracy,Precision,Recall,F1 Score,ROC AUC Score,Overall MCC
365,0.8657718120805369,0.8744307069736308,0.8657718120805369,0.869124498640664,0.9302922834238853,0.7599966306157859
