Model,Accuracy,Precision,Recall,F1 Score,ROC AUC Score,Overall MCC
330,0.8625927234192865,0.8740198506629888,0.8625927234192865,0.8668986455042483,0.9296874214722934,0.7556501655280995
