Model,Accuracy,Precision,Recall,F1 Score,ROC AUC Score,Overall MCC
296,0.8664782762274814,0.875366085764932,0.8664782762274814,0.86990050623162,0.9301214419676705,0.7614456535945446
