Model,Accuracy,Precision,Recall,F1 Score,ROC AUC Score,Overall MCC
175,0.8544683857294242,0.8686980057934902,0.8544683857294242,0.8599167197831092,0.9240203066660331,0.7421918586575846
