Model,Accuracy,Precision,Recall,F1 Score,ROC AUC Score,Overall MCC
155,0.8548216178028964,0.8670376732704589,0.8548216178028964,0.859656558583246,0.922689593872546,0.7417263521599058
