Model,Accuracy,Precision,Recall,F1 Score,ROC AUC Score,Overall MCC
217,0.8527022253620629,0.8686942746115178,0.8527022253620629,0.8588030600780995,0.926298350211718,0.7397968620061318
