Model,Accuracy,Precision,Recall,F1 Score,ROC AUC Score,Overall MCC
137,0.8516425291416461,0.8668093265914846,0.8516425291416461,0.8574783484015294,0.9243072609614167,0.7375344272504194
