Model,Accuracy,Precision,Recall,F1 Score,ROC AUC Score,Overall MCC
262,0.8601200989049805,0.8720866515351565,0.8601200989049805,0.8646825535330094,0.9271861514623337,0.7513831016496777
