Model,Accuracy,Precision,Recall,F1 Score,ROC AUC Score,Overall MCC
395,0.8668315083009537,0.8758225263630576,0.8668315083009537,0.8702217139029494,0.9338225236675787,0.762249324895313
