Model,Accuracy,Precision,Recall,F1 Score,ROC AUC Score,Overall MCC
6,0.7273048392794066,0.8773856345747981,0.7273048392794066,0.7769216097016279,0.8745500301301948,0.6027507938811741
