Model,Accuracy,Precision,Recall,F1 Score,ROC AUC Score,Overall MCC
182,0.8544683857294242,0.867441105410566,0.8544683857294242,0.8594178022100674,0.9249658095865548,0.7417309175241057
