Model,Accuracy,Precision,Recall,F1 Score,ROC AUC Score,Overall MCC
141,0.848816672553868,0.8652204699458841,0.848816672553868,0.8552518249804844,0.921613499681538,0.7327872774572394
