Model,Accuracy,Precision,Recall,F1 Score,ROC AUC Score,Overall MCC
36,0.8223242670434475,0.8642265633403663,0.8223242670434475,0.8378684152747884,0.908009851126624,0.6983171214317
