Model,Accuracy,Precision,Recall,F1 Score,ROC AUC Score,Overall MCC
497,0.8682444365948428,0.8761932010401784,0.8682444365948428,0.8712733791761111,0.9333605937530617,0.7643057426925991
