Model,Accuracy,Precision,Recall,F1 Score,ROC AUC Score,Overall MCC
489,0.8668315083009537,0.8751876071119868,0.8668315083009537,0.870044684236422,0.9332616305094549,0.7618625402166893
