Model,Accuracy,Precision,Recall,F1 Score,ROC AUC Score,Overall MCC
445,0.8685976686683151,0.8773791065423182,0.8685976686683151,0.8719266897107503,0.9337664127184525,0.7652760258387283
