Model,Accuracy,Precision,Recall,F1 Score,ROC AUC Score,Overall MCC
20,0.7905333804309431,0.8576952864916435,0.7905333804309431,0.8154279072270019,0.8838840631117827,0.6564485326505087
