Model,Accuracy,Precision,Recall,F1 Score,ROC AUC Score,Overall MCC
101,0.8438714235252561,0.8704741537898246,0.8438714235252561,0.8534529079954628,0.9216736048492647,0.7293999211713039
