Model,Accuracy,Precision,Recall,F1 Score,ROC AUC Score,Overall MCC
389,0.8643588837866478,0.8709011983515013,0.8643588837866478,0.8670223184123595,0.9297256837153801,0.7563342664063242
