Model,Accuracy,Precision,Recall,F1 Score,ROC AUC Score,Overall MCC
74,0.813846697280113,0.8406702021094021,0.813846697280113,0.8258389408580158,0.888311128264577,0.6727333073176394
