Model,Accuracy,Precision,Recall,F1 Score,ROC AUC Score,Overall MCC
371,0.8675379724478983,0.8764451990961426,0.8675379724478983,0.8709768646708992,0.9302595217869225,0.7632994607355582
