Model,Accuracy,Precision,Recall,F1 Score,ROC AUC Score,Overall MCC
483,0.8671847403744259,0.8762593396327528,0.8671847403744259,0.8706309488910364,0.9338792212828393,0.7628751228125793
