Model,Accuracy,Precision,Recall,F1 Score,ROC AUC Score,Overall MCC
204,0.8572942423172024,0.8703418327110403,0.8572942423172024,0.8623051469705316,0.9247754767591233,0.7467007038768358
