Model,Accuracy,Precision,Recall,F1 Score,ROC AUC Score,Overall MCC
83,0.8339809254680325,0.8648883083816586,0.8339809254680325,0.8453620164103409,0.9108711129213022,0.713691588559875
