Model,Accuracy,Precision,Recall,F1 Score,ROC AUC Score,Overall MCC
174,0.8541151536559519,0.8673927320034712,0.8541151536559519,0.8592650306677433,0.9234824456536938,0.7410905524697988
