Model,Accuracy,Precision,Recall,F1 Score,ROC AUC Score,Overall MCC
65,0.8152596255740021,0.8426645954705201,0.8152596255740021,0.8276023155835434,0.8848610095037959,0.6752348512203117
