Model,Accuracy,Precision,Recall,F1 Score,ROC AUC Score,Overall MCC
254,0.8597668668315083,0.8709727251340018,0.8597668668315083,0.8640263772149365,0.9269130657099315,0.750444816677617
