Model,Accuracy,Precision,Recall,F1 Score,ROC AUC Score,Overall MCC
117,0.8537619215824797,0.8711541503077322,0.8537619215824797,0.8602721922193797,0.9256719545574278,0.7424499274473425
