Model,Accuracy,Precision,Recall,F1 Score,ROC AUC Score,Overall MCC
157,0.8541151536559519,0.8670612983516192,0.8541151536559519,0.8591986455040056,0.9226985790310662,0.7408246411859372
