Model,Accuracy,Precision,Recall,F1 Score,ROC AUC Score,Overall MCC
236,0.8597668668315083,0.8718702603545226,0.8597668668315083,0.8644213997953899,0.9259879323264969,0.7506982941587059
