Model,Accuracy,Precision,Recall,F1 Score,ROC AUC Score,Overall MCC
465,0.8650653479335924,0.874525144190568,0.8650653479335924,0.8686978234474112,0.9328076053099933,0.7591567210103618
