Model,Accuracy,Precision,Recall,F1 Score,ROC AUC Score,Overall MCC
113,0.8505828329212293,0.8710704486708623,0.8505828329212293,0.8581656276968993,0.9260197791309559,0.7382271962492174
