Model,Accuracy,Precision,Recall,F1 Score,ROC AUC Score,Overall MCC
265,0.8611797951253974,0.8708007292254156,0.8611797951253974,0.8648969552447853,0.9281013597992116,0.7522537052690701
