Model,Accuracy,Precision,Recall,F1 Score,ROC AUC Score,Overall MCC
263,0.8583539385376192,0.8717564368998886,0.8583539385376192,0.8633805988314698,0.9280745216568782,0.7489449225626998
