Model,Accuracy,Precision,Recall,F1 Score,ROC AUC Score,Overall MCC
423,0.8661250441540091,0.8755376239287386,0.8661250441540091,0.8696601939785652,0.9337914902512711,0.761163566754179
