Model,Accuracy,Precision,Recall,F1 Score,ROC AUC Score,Overall MCC
397,0.8650653479335924,0.8749322340795594,0.8650653479335924,0.8687532114004198,0.9338436063706856,0.7594577103551903
