Model,Accuracy,Precision,Recall,F1 Score,ROC AUC Score,Overall MCC
146,0.8551748498763688,0.8690538991137035,0.8551748498763688,0.8605834604550793,0.9240288756582639,0.7431634648704734
