Model,Accuracy,Precision,Recall,F1 Score,ROC AUC Score,Overall MCC
298,0.863299187566231,0.8741532474510163,0.863299187566231,0.8673772618609421,0.9300346593796865,0.7567238299647441
