Model,Accuracy,Precision,Recall,F1 Score,ROC AUC Score,Overall MCC
4,0.7022253620628753,0.8718015152386576,0.7022253620628753,0.7575009315290814,0.8774001538238605,0.5768391791799035
