Model,Accuracy,Precision,Recall,F1 Score,ROC AUC Score,Overall MCC
279,0.8629459554927588,0.8743825154594694,0.8629459554927588,0.867238397377431,0.9280714520485501,0.7563405688262975
