Model,Accuracy,Precision,Recall,F1 Score,ROC AUC Score,Overall MCC
58,0.8120805369127517,0.8394986034913111,0.8120805369127517,0.8245456802345571,0.8841108309617355,0.6693715243996314
