Model,Accuracy,Precision,Recall,F1 Score,ROC AUC Score,Overall MCC
169,0.8562345460967856,0.8671414172909289,0.8562345460967856,0.860575282001671,0.9240692529549884,0.7437135177603755
