Model,Accuracy,Precision,Recall,F1 Score,ROC AUC Score,Overall MCC
468,0.8647121158601201,0.8739908139463584,0.8647121158601201,0.86827232047168,0.9333770320159354,0.7584515513565216
