Model,Accuracy,Precision,Recall,F1 Score,ROC AUC Score,Overall MCC
10,0.7608618862592723,0.8696482784457981,0.7608618862592723,0.7985725585354968,0.8931510022653136,0.6317684488957234
