Model,Accuracy,Precision,Recall,F1 Score,ROC AUC Score,Overall MCC
347,0.861886259272342,0.871597910176816,0.861886259272342,0.8657346280990662,0.9289290589376531,0.7532697705234511
