Model,Accuracy,Precision,Recall,F1 Score,ROC AUC Score,Overall MCC
450,0.8678912045213706,0.8760936395732715,0.8678912045213706,0.8709994581703226,0.9342357156818402,0.7637808549415555
