Model,Accuracy,Precision,Recall,F1 Score,ROC AUC Score,Overall MCC
490,0.8678912045213706,0.8772349146153753,0.8678912045213706,0.8714193085312466,0.9336254710684617,0.7642910658053429
