Model,Accuracy,Precision,Recall,F1 Score,ROC AUC Score,Overall MCC
46,0.8272695160720593,0.8669270014661696,0.8272695160720593,0.8418904630825765,0.9051348442332968,0.7059465524955901
