Model,Accuracy,Precision,Recall,F1 Score,ROC AUC Score,Overall MCC
15,0.7937124690921936,0.8680619469638032,0.7937124690921936,0.8198899647293537,0.8955744858457995,0.667064348620516
