Model,Accuracy,Precision,Recall,F1 Score,ROC AUC Score,Overall MCC
375,0.8650653479335924,0.8729616276453732,0.8650653479335924,0.868155988075202,0.9300128916216449,0.7583874307247125
