Model,Accuracy,Precision,Recall,F1 Score,ROC AUC Score,Overall MCC
394,0.8675379724478983,0.8771028697047369,0.8675379724478983,0.8711466834620054,0.9338986570429954,0.7637438527896458
