Model,Accuracy,Precision,Recall,F1 Score,ROC AUC Score,Overall MCC
66,0.8156128576474744,0.843234919473346,0.8156128576474744,0.8279849733976777,0.8852497729846501,0.6760919123066325
