Model,Accuracy,Precision,Recall,F1 Score,ROC AUC Score,Overall MCC
30,0.8067820558106676,0.8605154938717066,0.8067820558106676,0.8266407106517756,0.9020941084346751,0.6774378130281336
