Model,Accuracy,Precision,Recall,F1 Score,ROC AUC Score,Overall MCC
488,0.8678912045213706,0.8765838483684528,0.8678912045213706,0.871199364839665,0.9336368945581044,0.7639787004594395
