Model,Accuracy,Precision,Recall,F1 Score,ROC AUC Score,Overall MCC
335,0.8643588837866478,0.8748185223604427,0.8643588837866478,0.8683093271099033,0.9305920233743432,0.7583949086185255
