Model,Accuracy,Precision,Recall,F1 Score,ROC AUC Score,Overall MCC
223,0.8551748498763688,0.8673984438333042,0.8551748498763688,0.8600135201054578,0.92482501704754,0.7423574500217701
