Model,Accuracy,Precision,Recall,F1 Score,ROC AUC Score,Overall MCC
442,0.8675379724478983,0.8757841427785236,0.8675379724478983,0.8706503702836305,0.9340516088487636,0.7632063840572234
