Model,Accuracy,Precision,Recall,F1 Score,ROC AUC Score,Overall MCC
202,0.8583539385376192,0.8690444594307072,0.8583539385376192,0.8625910178012864,0.9245654423384435,0.7474319265923931
