Model,Accuracy,Precision,Recall,F1 Score,ROC AUC Score,Overall MCC
344,0.8604733309784528,0.8694546988309164,0.8604733309784528,0.8640942267811043,0.9287705044702981,0.7503679041030493
