Model,Accuracy,Precision,Recall,F1 Score,ROC AUC Score,Overall MCC
62,0.8156128576474744,0.8418937744816621,0.8156128576474744,0.8274430015189098,0.8855658075870011,0.6754055495945159
