Model,Accuracy,Precision,Recall,F1 Score,ROC AUC Score,Overall MCC
348,0.8615330271988697,0.8722087771873357,0.8615330271988697,0.8657209524443654,0.9279510131577481,0.7531086732096438
