Model,Accuracy,Precision,Recall,F1 Score,ROC AUC Score,Overall MCC
453,0.8661250441540091,0.8750226154570243,0.8661250441540091,0.8695467571679217,0.9324243509908107,0.7608195432497095
