Model,Accuracy,Precision,Recall,F1 Score,ROC AUC Score,Overall MCC
370,0.8647121158601201,0.8745566373091275,0.8647121158601201,0.8684994790029802,0.929705105789593,0.7586328827068407
