Model,Accuracy,Precision,Recall,F1 Score,ROC AUC Score,Overall MCC
140,0.847756976333451,0.8644718380648567,0.847756976333451,0.8543326270209927,0.9213238247219545,0.7310048055893253
