Model,Accuracy,Precision,Recall,F1 Score,ROC AUC Score,Overall MCC
56,0.8131402331331685,0.8418598867091093,0.8131402331331685,0.8259425860145926,0.8854308254871626,0.6722994719757382
