Model,Accuracy,Precision,Recall,F1 Score,ROC AUC Score,Overall MCC
207,0.8562345460967856,0.8703360644198884,0.8562345460967856,0.8615455959485822,0.9278489699169339,0.7454322779468358
