Model,Accuracy,Precision,Recall,F1 Score,ROC AUC Score,Overall MCC
122,0.8523489932885906,0.8700399962100774,0.8523489932885906,0.8589301747720333,0.9260113201386253,0.7401349871822164
