Model,Accuracy,Precision,Recall,F1 Score,ROC AUC Score,Overall MCC
325,0.8650653479335924,0.8752614586794762,0.8650653479335924,0.868887805280119,0.9319681838488466,0.759592387368215
