Model,Accuracy,Precision,Recall,F1 Score,ROC AUC Score,Overall MCC
50,0.8286824443659484,0.8669722931364174,0.8286824443659484,0.8427523849129523,0.9062250061893278,0.7078281049050619
