Model,Accuracy,Precision,Recall,F1 Score,ROC AUC Score,Overall MCC
26,0.7997174143412222,0.8572082776632551,0.7997174143412222,0.8217807306040176,0.8883924340797487,0.666056137589181
