Model,Accuracy,Precision,Recall,F1 Score,ROC AUC Score,Overall MCC
452,0.8675379724478983,0.8763591751132525,0.8675379724478983,0.8708614686062989,0.9330949464383597,0.7634451939782638
