Model,Accuracy,Precision,Recall,F1 Score,ROC AUC Score,Overall MCC
225,0.8555280819498411,0.8689093028881054,0.8555280819498411,0.8606621273184559,0.9260334001741617,0.7437170473655089
