Model,Accuracy,Precision,Recall,F1 Score,ROC AUC Score,Overall MCC
85,0.8322147651006712,0.8603426460078948,0.8322147651006712,0.8431912802815622,0.9097044490901883,0.7083895039856407
