Model,Accuracy,Precision,Recall,F1 Score,ROC AUC Score,Overall MCC
379,0.8647121158601201,0.8734039260861199,0.8647121158601201,0.8680980667184072,0.9299381436338608,0.758122412823544
