Model,Accuracy,Precision,Recall,F1 Score,ROC AUC Score,Overall MCC
228,0.8555280819498411,0.868889715014174,0.8555280819498411,0.8607160653751244,0.9252073504231134,0.74361447839557
