Model,Accuracy,Precision,Recall,F1 Score,ROC AUC Score,Overall MCC
336,0.8640056517131756,0.8741117537216758,0.8640056517131756,0.8678673241443458,0.9298506790464954,0.7575274841560324
