Model,Accuracy,Precision,Recall,F1 Score,ROC AUC Score,Overall MCC
486,0.8682444365948428,0.8762536158267809,0.8682444365948428,0.8713279762217496,0.9325864804549244,0.7642464851913016
