Model,Accuracy,Precision,Recall,F1 Score,ROC AUC Score,Overall MCC
441,0.8668315083009537,0.8755787159605494,0.8668315083009537,0.8701437352104598,0.9335681721204129,0.7621095861079493
