Model,Accuracy,Precision,Recall,F1 Score,ROC AUC Score,Overall MCC
41,0.8262098198516425,0.8671558327183224,0.8262098198516425,0.8409757672734665,0.90641220218627,0.7051936978184417
