Model,Accuracy,Precision,Recall,F1 Score,ROC AUC Score,Overall MCC
487,0.8685976686683151,0.876827841506727,0.8685976686683151,0.8717128949977663,0.9334408557914018,0.7650574354600619
