Model,Accuracy,Precision,Recall,F1 Score,ROC AUC Score,Overall MCC
54,0.8103143765453903,0.8407169585917822,0.8103143765453903,0.8238575998069281,0.8834203884766255,0.6680225789267643
