Model,Accuracy,Precision,Recall,F1 Score,ROC AUC Score,Overall MCC
170,0.8569410102437302,0.8678081146403097,0.8569410102437302,0.8612197506018552,0.9246678375789384,0.7450607280210821
