Model,Accuracy,Precision,Recall,F1 Score,ROC AUC Score,Overall MCC
286,0.8643588837866478,0.874198667602,0.8643588837866478,0.8680683692139082,0.9284587128085448,0.7581962867336246
