Model,Accuracy,Precision,Recall,F1 Score,ROC AUC Score,Overall MCC
281,0.8625927234192865,0.8719502832516318,0.8625927234192865,0.8661890327276052,0.9279144198575926,0.7547083608342108
