Model,Accuracy,Precision,Recall,F1 Score,ROC AUC Score,Overall MCC
310,0.8678912045213706,0.8766445434697592,0.8678912045213706,0.8712182360567304,0.9305396346996201,0.7639934014394711
