Model,Accuracy,Precision,Recall,F1 Score,ROC AUC Score,Overall MCC
187,0.8544683857294242,0.8670471433759405,0.8544683857294242,0.8593293722756787,0.9231630682765958,0.7414578364660924
