Model,Accuracy,Precision,Recall,F1 Score,ROC AUC Score,Overall MCC
16,0.7926527728717767,0.8665349918414045,0.7926527728717767,0.818846246043706,0.8981079198265971,0.6647674068164157
