Model,Accuracy,Precision,Recall,F1 Score,ROC AUC Score,Overall MCC
289,0.8650653479335924,0.8744910959825014,0.8650653479335924,0.8686388293519844,0.9297344079296922,0.7592363966023408
