Model,Accuracy,Precision,Recall,F1 Score,ROC AUC Score,Overall MCC
219,0.8562345460967856,0.8703064386596433,0.8562345460967856,0.861628985656519,0.9264534567933103,0.7452504944334112
