Model,Accuracy,Precision,Recall,F1 Score,ROC AUC Score,Overall MCC
142,0.8484634404803956,0.8647659786676767,0.8484634404803956,0.8548917510496018,0.9210082258414308,0.7320615441280703
