Model,Accuracy,Precision,Recall,F1 Score,ROC AUC Score,Overall MCC
7,0.7276580713528789,0.8740398038719326,0.7276580713528789,0.7767865125436646,0.8736020063786253,0.6002470834269987
