Model,Accuracy,Precision,Recall,F1 Score,ROC AUC Score,Overall MCC
440,0.8664782762274814,0.8760460909102865,0.8664782762274814,0.8700782301757117,0.9334070564887132,0.7618599962121304
