Model,Accuracy,Precision,Recall,F1 Score,ROC AUC Score,Overall MCC
203,0.8565877781702579,0.8686892653612526,0.8565877781702579,0.8612632678940244,0.9244169314730932,0.7450074263334193
