Model,Accuracy,Precision,Recall,F1 Score,ROC AUC Score,Overall MCC
316,0.8664782762274814,0.8755389118637467,0.8664782762274814,0.869937946620652,0.9305698302833538,0.761545820117611
