Model,Accuracy,Precision,Recall,F1 Score,ROC AUC Score,Overall MCC
437,0.8671847403744259,0.876616980944886,0.8671847403744259,0.870729549600654,0.933601446479133,0.7630615797896826
