Model,Accuracy,Precision,Recall,F1 Score,ROC AUC Score,Overall MCC
257,0.8597668668315083,0.8715825035265117,0.8597668668315083,0.8642455180962325,0.9267679972303492,0.750748243515295
