Model,Accuracy,Precision,Recall,F1 Score,ROC AUC Score,Overall MCC
467,0.8675379724478983,0.876228227798616,0.8675379724478983,0.8708449425420588,0.9330284374431056,0.7633454387432158
