Model,Accuracy,Precision,Recall,F1 Score,ROC AUC Score,Overall MCC
63,0.8134934652066408,0.8418163405183349,0.8134934652066408,0.826260621676071,0.8844094910798392,0.6724544518116035
