Model,Accuracy,Precision,Recall,F1 Score,ROC AUC Score,Overall MCC
288,0.861886259272342,0.8724198526118929,0.861886259272342,0.8659215958242296,0.9287204160157118,0.7539372708967224
