Model,Accuracy,Precision,Recall,F1 Score,ROC AUC Score,Overall MCC
209,0.8544683857294242,0.8694309019811347,0.8544683857294242,0.8600549667731897,0.9277445720671436,0.7427451239061378
