Model,Accuracy,Precision,Recall,F1 Score,ROC AUC Score,Overall MCC
343,0.863299187566231,0.8719049704702095,0.863299187566231,0.8666689479010083,0.9300098727354932,0.7554735329546406
