Model,Accuracy,Precision,Recall,F1 Score,ROC AUC Score,Overall MCC
195,0.8544683857294242,0.8671768938779307,0.8544683857294242,0.8594848359367281,0.9229922677647883,0.7412900797193109
