Model,Accuracy,Precision,Recall,F1 Score,ROC AUC Score,Overall MCC
351,0.8643588837866478,0.8737944728716931,0.8643588837866478,0.8680401488863178,0.929652017393282,0.7577470723963051
