Model,Accuracy,Precision,Recall,F1 Score,ROC AUC Score,Overall MCC
80,0.8237371953373366,0.854376212854094,0.8237371953373366,0.8361947427676375,0.9038620194984356,0.6937988157728119
