Model,Accuracy,Precision,Recall,F1 Score,ROC AUC Score,Overall MCC
318,0.8661250441540091,0.8748765996255212,0.8661250441540091,0.8694305996287979,0.9320615218197759,0.7608907465185462
