Model,Accuracy,Precision,Recall,F1 Score,ROC AUC Score,Overall MCC
414,0.8703638290356764,0.8786115355238528,0.8703638290356764,0.87344942207779,0.9333197349012181,0.768300848185754
