Model,Accuracy,Precision,Recall,F1 Score,ROC AUC Score,Overall MCC
482,0.8664782762274814,0.8747224236614508,0.8664782762274814,0.8696280187537859,0.9337165515969931,0.7612287949557924
