Model,Accuracy,Precision,Recall,F1 Score,ROC AUC Score,Overall MCC
273,0.8625927234192865,0.8727715931295158,0.8625927234192865,0.866506180021693,0.9273387537128631,0.7549906330259206
