Model,Accuracy,Precision,Recall,F1 Score,ROC AUC Score,Overall MCC
180,0.8530554574355351,0.8674882241053247,0.8530554574355351,0.8585411468750772,0.9252650838707684,0.7398537123846213
