Model,Accuracy,Precision,Recall,F1 Score,ROC AUC Score,Overall MCC
266,0.8587071706110915,0.8708479402029816,0.8587071706110915,0.8633302870532299,0.9276092300231871,0.7489467760302594
