Model,Accuracy,Precision,Recall,F1 Score,ROC AUC Score,Overall MCC
373,0.8650653479335924,0.8742947194641894,0.8650653479335924,0.868631202475037,0.9298381213356589,0.7589695654838793
