Model,Accuracy,Precision,Recall,F1 Score,ROC AUC Score,Overall MCC
13,0.7813493465206641,0.8652517792356649,0.7813493465206641,0.8115215459374545,0.8858801298575711,0.6505174949601102
