Model,Accuracy,Precision,Recall,F1 Score,ROC AUC Score,Overall MCC
237,0.858000706464147,0.8707245981598544,0.858000706464147,0.8629250763569103,0.9256534592964192,0.7477730043099239
