Model,Accuracy,Precision,Recall,F1 Score,ROC AUC Score,Overall MCC
201,0.8551748498763688,0.8678810416405479,0.8551748498763688,0.8601375639634117,0.9248360812041753,0.7426442929396031
