Model,Accuracy,Precision,Recall,F1 Score,ROC AUC Score,Overall MCC
94,0.8382197103496998,0.8652060878424531,0.8382197103496998,0.8485509620680959,0.9139745437741915,0.7187399512254345
