Model,Accuracy,Precision,Recall,F1 Score,ROC AUC Score,Overall MCC
124,0.8558813140233134,0.8709867525599584,0.8558813140233134,0.8615545958818184,0.9273532969218997,0.7452600767811746
