Model,Accuracy,Precision,Recall,F1 Score,ROC AUC Score,Overall MCC
200,0.8565877781702579,0.8700053377686198,0.8565877781702579,0.8617396723870575,0.9245027986174627,0.7456068113998754
