Model,Accuracy,Precision,Recall,F1 Score,ROC AUC Score,Overall MCC
384,0.8654185800070646,0.8743306160688075,0.8654185800070646,0.8688912123509117,0.9300526248078423,0.7594303128433958
