Model,Accuracy,Precision,Recall,F1 Score,ROC AUC Score,Overall MCC
353,0.8643588837866478,0.8746578230818841,0.8643588837866478,0.8683074238573956,0.9293891396316245,0.7581841595687148
