Model,Accuracy,Precision,Recall,F1 Score,ROC AUC Score,Overall MCC
185,0.8572942423172024,0.8703355350935129,0.8572942423172024,0.8621871963549537,0.9247280154688214,0.7469450429108558
