Model,Accuracy,Precision,Recall,F1 Score,ROC AUC Score,Overall MCC
282,0.8625927234192865,0.8734188099566385,0.8625927234192865,0.866657082574487,0.9286271024892048,0.7554609969014139
