Model,Accuracy,Precision,Recall,F1 Score,ROC AUC Score,Overall MCC
401,0.8671847403744259,0.8766858256082292,0.8671847403744259,0.8707304937398849,0.9342847365262834,0.7631399863461036
