Model,Accuracy,Precision,Recall,F1 Score,ROC AUC Score,Overall MCC
211,0.8572942423172024,0.8708440846404879,0.8572942423172024,0.8624658839339934,0.9262879484989268,0.7469628530551959
