Model,Accuracy,Precision,Recall,F1 Score,ROC AUC Score,Overall MCC
27,0.8000706464146945,0.8567918954476111,0.8000706464146945,0.8213225728344297,0.8922103313959662,0.6670802121584686
