Model,Accuracy,Precision,Recall,F1 Score,ROC AUC Score,Overall MCC
329,0.8640056517131756,0.8740684035930885,0.8640056517131756,0.8677458622284698,0.9319335986579818,0.7577039678354572
