Model,Accuracy,Precision,Recall,F1 Score,ROC AUC Score,Overall MCC
328,0.8640056517131756,0.8747175665688616,0.8640056517131756,0.8680258148338511,0.9320866824636301,0.7579204233162
