Model,Accuracy,Precision,Recall,F1 Score,ROC AUC Score,Overall MCC
214,0.8562345460967856,0.8696603718776065,0.8562345460967856,0.8612954866272774,0.9270283071054459,0.7451570632515772
