Model,Accuracy,Precision,Recall,F1 Score,ROC AUC Score,Overall MCC
29,0.8050158954433062,0.8607097288002479,0.8050158954433062,0.8256209293307089,0.8935130443259509,0.675378903623615
