Model,Accuracy,Precision,Recall,F1 Score,ROC AUC Score,Overall MCC
305,0.8668315083009537,0.8757020548476434,0.8668315083009537,0.8701731874804611,0.9319694995698761,0.7621869454362293
