Model,Accuracy,Precision,Recall,F1 Score,ROC AUC Score,Overall MCC
403,0.8678912045213706,0.8768659750605567,0.8678912045213706,0.8712838601328352,0.9333412741039114,0.7641341950355268
