Model,Accuracy,Precision,Recall,F1 Score,ROC AUC Score,Overall MCC
378,0.8657718120805369,0.8739985551792707,0.8657718120805369,0.869006915989438,0.9296151937044467,0.7597407914840618
