Model,Accuracy,Precision,Recall,F1 Score,ROC AUC Score,Overall MCC
356,0.8611797951253974,0.8712425387611368,0.8611797951253974,0.86512109654096,0.929460136011699,0.7522840147661762
