Model,Accuracy,Precision,Recall,F1 Score,ROC AUC Score,Overall MCC
300,0.8650653479335924,0.8742864074878903,0.8650653479335924,0.8685705629897046,0.9303908842789316,0.7591438080458822
