Model,Accuracy,Precision,Recall,F1 Score,ROC AUC Score,Overall MCC
222,0.8572942423172024,0.8695715779370681,0.8572942423172024,0.8620641020353432,0.9255223742486031,0.7462752061661179
