Model,Accuracy,Precision,Recall,F1 Score,ROC AUC Score,Overall MCC
252,0.8576474743906747,0.8698790429917138,0.8576474743906747,0.8623282638026394,0.9254926137755858,0.747054783538727
