Model,Accuracy,Precision,Recall,F1 Score,ROC AUC Score,Overall MCC
210,0.8583539385376192,0.8711022840244379,0.8583539385376192,0.8632026246844245,0.9271039155368944,0.7485759446436218
