Model,Accuracy,Precision,Recall,F1 Score,ROC AUC Score,Overall MCC
35,0.821617802896503,0.8651067541970376,0.821617802896503,0.8376204314281289,0.908462065605505,0.6980119624669217
