Model,Accuracy,Precision,Recall,F1 Score,ROC AUC Score,Overall MCC
333,0.8629459554927588,0.8753290881674982,0.8629459554927588,0.8675753017358292,0.9308322240454503,0.7567144089563632
