Model,Accuracy,Precision,Recall,F1 Score,ROC AUC Score,Overall MCC
350,0.8622394913458142,0.8722866211434297,0.8622394913458142,0.8661870901939808,0.9285665872662943,0.7541239458178508
