Model,Accuracy,Precision,Recall,F1 Score,ROC AUC Score,Overall MCC
75,0.8134934652066408,0.8438706231341341,0.8134934652066408,0.8268082744698867,0.8873600825713029,0.6739724619028452
