Model,Accuracy,Precision,Recall,F1 Score,ROC AUC Score,Overall MCC
429,0.8664782762274814,0.8755437405230602,0.8664782762274814,0.8698747786567922,0.9340295288132273,0.7616571558922428
