Model,Accuracy,Precision,Recall,F1 Score,ROC AUC Score,Overall MCC
112,0.847756976333451,0.8710601098678394,0.847756976333451,0.8562633637459731,0.9258942289114547,0.7346004480257508
