Model,Accuracy,Precision,Recall,F1 Score,ROC AUC Score,Overall MCC
12,0.7718120805369127,0.8657561166514081,0.7718120805369127,0.8048888685120149,0.8867874884793437,0.6409172752612601
