Model,Accuracy,Precision,Recall,F1 Score,ROC AUC Score,Overall MCC
116,0.8516425291416461,0.8708756530494398,0.8516425291416461,0.8588202126701354,0.9258396029609822,0.7394841802307467
