Model,Accuracy,Precision,Recall,F1 Score,ROC AUC Score,Overall MCC
422,0.8671847403744259,0.8761638597392652,0.8671847403744259,0.8705292253178578,0.9340561188446745,0.7629231500681338
