Model,Accuracy,Precision,Recall,F1 Score,ROC AUC Score,Overall MCC
149,0.8544683857294242,0.8679415519376558,0.8544683857294242,0.8598346276712612,0.9216667567443627,0.741536530442017
