Model,Accuracy,Precision,Recall,F1 Score,ROC AUC Score,Overall MCC
255,0.859413634758036,0.8712707673972139,0.859413634758036,0.8639754787939559,0.9263207926358147,0.7499759850672232
