Model,Accuracy,Precision,Recall,F1 Score,ROC AUC Score,Overall MCC
261,0.8587071706110915,0.871045095247279,0.8587071706110915,0.8634050274791706,0.927277180046468,0.7490303305932268
