Model,Accuracy,Precision,Recall,F1 Score,ROC AUC Score,Overall MCC
314,0.8647121158601201,0.8740288462829505,0.8647121158601201,0.8682853796093447,0.9294367598106712,0.7584590068753961
