Model,Accuracy,Precision,Recall,F1 Score,ROC AUC Score,Overall MCC
498,0.8671847403744259,0.875913222730711,0.8671847403744259,0.8705447417912447,0.9330668610193794,0.7626419749688305
