Model,Accuracy,Precision,Recall,F1 Score,ROC AUC Score,Overall MCC
167,0.8555280819498411,0.8676258716744595,0.8555280819498411,0.8603464826817864,0.9235419372664212,0.7428928019767348
