Model,Accuracy,Precision,Recall,F1 Score,ROC AUC Score,Overall MCC
438,0.8675379724478983,0.8761611792490142,0.8675379724478983,0.8707862482663097,0.934049700350494,0.7633679762665757
