Model,Accuracy,Precision,Recall,F1 Score,ROC AUC Score,Overall MCC
247,0.8583539385376192,0.8694278334063629,0.8583539385376192,0.8626490046875894,0.9252783602476201,0.747724486334805
