Model,Accuracy,Precision,Recall,F1 Score,ROC AUC Score,Overall MCC
436,0.8675379724478983,0.8765337675027313,0.8675379724478983,0.8709305584981616,0.9345102082107446,0.7635152494082436
