Model,Accuracy,Precision,Recall,F1 Score,ROC AUC Score,Overall MCC
215,0.8551748498763688,0.8702269323639117,0.8551748498763688,0.8609002266297211,0.928472636962587,0.7438261526779467
