Model,Accuracy,Precision,Recall,F1 Score,ROC AUC Score,Overall MCC
283,0.8622394913458142,0.8719169586735535,0.8622394913458142,0.8659238994621594,0.928820646091503,0.7542564805668789
