Model,Accuracy,Precision,Recall,F1 Score,ROC AUC Score,Overall MCC
323,0.8622394913458142,0.8728636155959559,0.8622394913458142,0.8662420315514533,0.9316087365636344,0.7546927010150235
