Model,Accuracy,Precision,Recall,F1 Score,ROC AUC Score,Overall MCC
360,0.8643588837866478,0.8738465217296971,0.8643588837866478,0.8680009703657513,0.9299984822458205,0.7578591733645699
