Model,Accuracy,Precision,Recall,F1 Score,ROC AUC Score,Overall MCC
100,0.8399858707170611,0.867122515363032,0.8399858707170611,0.8499622297981706,0.92146980742293,0.7225456129878277
