Model,Accuracy,Precision,Recall,F1 Score,ROC AUC Score,Overall MCC
55,0.8120805369127517,0.842856084534138,0.8120805369127517,0.825788203764359,0.8848459022397153,0.6712621593183152
