Model,Accuracy,Precision,Recall,F1 Score,ROC AUC Score,Overall MCC
25,0.7986577181208053,0.8578333872888406,0.7986577181208053,0.8211207691739071,0.8866289450119789,0.6654190571508695
