Model,Accuracy,Precision,Recall,F1 Score,ROC AUC Score,Overall MCC
495,0.8657718120805369,0.8747170133569748,0.8657718120805369,0.8691912225295642,0.932960824171075,0.7602576407194129
