Model,Accuracy,Precision,Recall,F1 Score,ROC AUC Score,Overall MCC
362,0.8625927234192865,0.871814342888917,0.8625927234192865,0.8662336747413673,0.9288199622587898,0.7544150507892523
