Model,Accuracy,Precision,Recall,F1 Score,ROC AUC Score,Overall MCC
367,0.8643588837866478,0.8737272184365473,0.8643588837866478,0.8679779888520223,0.9300223650575002,0.7578114737988214
