Model,Accuracy,Precision,Recall,F1 Score,ROC AUC Score,Overall MCC
34,0.8212645708230307,0.8658027318806759,0.8212645708230307,0.8375065987795108,0.9064560701464964,0.6980826338301303
