Model,Accuracy,Precision,Recall,F1 Score,ROC AUC Score,Overall MCC
302,0.8671847403744259,0.8760230348308433,0.8671847403744259,0.8705681548237968,0.9312977558455904,0.762719346814265
