Model,Accuracy,Precision,Recall,F1 Score,ROC AUC Score,Overall MCC
84,0.834687389614977,0.8648552562723998,0.834687389614977,0.8458641923757114,0.9118357558244702,0.7145015034866511
