Model,Accuracy,Precision,Recall,F1 Score,ROC AUC Score,Overall MCC
393,0.8675379724478983,0.8765582956476715,0.8675379724478983,0.8709370127208136,0.9338825579464807,0.7635227561956036
