Model,Accuracy,Precision,Recall,F1 Score,ROC AUC Score,Overall MCC
159,0.8555280819498411,0.8671870754657621,0.8555280819498411,0.8601789506472957,0.9207562808476387,0.7427143368174431
