Model,Accuracy,Precision,Recall,F1 Score,ROC AUC Score,Overall MCC
372,0.8640056517131756,0.8736187959629975,0.8640056517131756,0.8677532727485077,0.9295248440641414,0.7571930695453442
