Model,Accuracy,Precision,Recall,F1 Score,ROC AUC Score,Overall MCC
52,0.8184387142352526,0.8478145504250002,0.8184387142352526,0.8311522544520219,0.893985337453294,0.6825892626943294
