Model,Accuracy,Precision,Recall,F1 Score,ROC AUC Score,Overall MCC
240,0.8647121158601201,0.8727251416585751,0.8647121158601201,0.8678542728677493,0.928234493289615,0.7577713675819302
