Model,Accuracy,Precision,Recall,F1 Score,ROC AUC Score,Overall MCC
475,0.8668315083009537,0.8757154704831212,0.8668315083009537,0.8702062903114156,0.9334861757503118,0.7621639511084383
