Model,Accuracy,Precision,Recall,F1 Score,ROC AUC Score,Overall MCC
428,0.8678912045213706,0.877208621774756,0.8678912045213706,0.8713754252496609,0.9334884111927294,0.7643190779197794
