Model,Accuracy,Precision,Recall,F1 Score,ROC AUC Score,Overall MCC
188,0.8544683857294242,0.8679435209380902,0.8544683857294242,0.8596651831936006,0.923686580413056,0.7418242716507492
