Model,Accuracy,Precision,Recall,F1 Score,ROC AUC Score,Overall MCC
472,0.8696573648887319,0.8777685167957164,0.8696573648887319,0.8727187054143826,0.9336175480200897,0.7669409087589046
