Model,Accuracy,Precision,Recall,F1 Score,ROC AUC Score,Overall MCC
427,0.8675379724478983,0.8771619463803595,0.8675379724478983,0.8711116933180577,0.9340179146570907,0.7638158741846435
