Model,Accuracy,Precision,Recall,F1 Score,ROC AUC Score,Overall MCC
413,0.8678912045213706,0.8768473996528844,0.8678912045213706,0.8712372831925405,0.9345343403555314,0.7641717611669719
