Model,Accuracy,Precision,Recall,F1 Score,ROC AUC Score,Overall MCC
493,0.8675379724478983,0.8759350637561479,0.8675379724478983,0.8707584897440317,0.9329510812354641,0.7631838292777003
