Model,Accuracy,Precision,Recall,F1 Score,ROC AUC Score,Overall MCC
458,0.8689509007417874,0.8770684845530314,0.8689509007417874,0.8720028306588976,0.9335244453267251,0.7657253096389218
