Model,Accuracy,Precision,Recall,F1 Score,ROC AUC Score,Overall MCC
271,0.8615330271988697,0.8720936948802882,0.8615330271988697,0.8655334776922372,0.9280307490298987,0.7533538554948173
