Model,Accuracy,Precision,Recall,F1 Score,ROC AUC Score,Overall MCC
138,0.8537619215824797,0.8674846076466408,0.8537619215824797,0.8591338334172516,0.924959354425741,0.7405521308742943
