Model,Accuracy,Precision,Recall,F1 Score,ROC AUC Score,Overall MCC
164,0.8534086895090074,0.8655869265772334,0.8534086895090074,0.8581444929394971,0.9236250813021485,0.7393748529035323
