Model,Accuracy,Precision,Recall,F1 Score,ROC AUC Score,Overall MCC
79,0.8269162839985871,0.8603309572297865,0.8269162839985871,0.8400838793133045,0.9059177703567771,0.7011754534837931
