Model,Accuracy,Precision,Recall,F1 Score,ROC AUC Score,Overall MCC
447,0.8671847403744259,0.8760612508926501,0.8671847403744259,0.8705091671495861,0.9333843152315543,0.7628822871517783
