Model,Accuracy,Precision,Recall,F1 Score,ROC AUC Score,Overall MCC
481,0.8664782762274814,0.8743835226984384,0.8664782762274814,0.86953382318441,0.9334107915964379,0.7610448027804191
