Model,Accuracy,Precision,Recall,F1 Score,ROC AUC Score,Overall MCC
171,0.8537619215824797,0.8653941240636337,0.8537619215824797,0.8583691247685823,0.9230003069241661,0.7396401511271103
