Model,Accuracy,Precision,Recall,F1 Score,ROC AUC Score,Overall MCC
162,0.8562345460967856,0.8681642011211917,0.8562345460967856,0.8609125345058158,0.9222309132328609,0.7442404592985755
