Model,Accuracy,Precision,Recall,F1 Score,ROC AUC Score,Overall MCC
243,0.8569410102437302,0.8697952805948697,0.8569410102437302,0.8618736341879814,0.9263472347785071,0.7459922902013209
