Model,Accuracy,Precision,Recall,F1 Score,ROC AUC Score,Overall MCC
494,0.8685976686683151,0.8769599250091876,0.8685976686683151,0.8717757743625076,0.9337036308864857,0.7651071476631159
