Model,Accuracy,Precision,Recall,F1 Score,ROC AUC Score,Overall MCC
92,0.8396326386435888,0.8672684981978827,0.8396326386435888,0.8500145268707744,0.9144822257027819,0.7217947329458895
