Model,Accuracy,Precision,Recall,F1 Score,ROC AUC Score,Overall MCC
22,0.7880607559166373,0.8525456950963259,0.7880607559166373,0.8124289148851973,0.8824273875991686,0.6502487763073117
