Model,Accuracy,Precision,Recall,F1 Score,ROC AUC Score,Overall MCC
133,0.8541151536559519,0.8697933608571634,0.8541151536559519,0.8601966697023671,0.9243814039497494,0.7420227972553702
