Model,Accuracy,Precision,Recall,F1 Score,ROC AUC Score,Overall MCC
51,0.8269162839985871,0.8582706883655238,0.8269162839985871,0.8396681557125703,0.8999775245759333,0.6996330697588624
