Model,Accuracy,Precision,Recall,F1 Score,ROC AUC Score,Overall MCC
311,0.8664782762274814,0.8753843880688146,0.8664782762274814,0.8698584643091593,0.9305311280406662,0.7615381619047251
