Model,Accuracy,Precision,Recall,F1 Score,ROC AUC Score,Overall MCC
276,0.861886259272342,0.8728937678122276,0.861886259272342,0.866014887168787,0.9281592515245009,0.7542824164454556
