Model,Accuracy,Precision,Recall,F1 Score,ROC AUC Score,Overall MCC
377,0.8636524196397033,0.8726621249616552,0.8636524196397033,0.8672149936559429,0.9295362657204524,0.7562291361703851
