Model,Accuracy,Precision,Recall,F1 Score,ROC AUC Score,Overall MCC
241,0.8572942423172024,0.8692913008965533,0.8572942423172024,0.8619741524992385,0.9263091192019542,0.7461167131196
