Model,Accuracy,Precision,Recall,F1 Score,ROC AUC Score,Overall MCC
77,0.8269162839985871,0.8582154781465492,0.8269162839985871,0.8394221053854649,0.9033602891755601,0.6999740855265884
