Model,Accuracy,Precision,Recall,F1 Score,ROC AUC Score,Overall MCC
455,0.8682444365948428,0.8773061474905451,0.8682444365948428,0.8716519375782845,0.9332960513115802,0.7648047434856676
