Model,Accuracy,Precision,Recall,F1 Score,ROC AUC Score,Overall MCC
231,0.8558813140233134,0.8690111759143871,0.8558813140233134,0.8610103956869887,0.9251845566104464,0.7440751793075705
