Model,Accuracy,Precision,Recall,F1 Score,ROC AUC Score,Overall MCC
299,0.8664782762274814,0.8742999086082877,0.8664782762274814,0.8694847052981308,0.9312986107892596,0.7610448027804191
