Model,Accuracy,Precision,Recall,F1 Score,ROC AUC Score,Overall MCC
246,0.858000706464147,0.8698670203882904,0.858000706464147,0.8625398337339493,0.9265202695105113,0.7475258531776965
