Model,Accuracy,Precision,Recall,F1 Score,ROC AUC Score,Overall MCC
108,0.8470505121865065,0.8716364193298282,0.8470505121865065,0.8560480214819005,0.9234622056720446,0.7338654011884798
