Model,Accuracy,Precision,Recall,F1 Score,ROC AUC Score,Overall MCC
93,0.8396326386435888,0.8672839337760774,0.8396326386435888,0.8498000248588027,0.9152749497618234,0.722148331794781
