Model,Accuracy,Precision,Recall,F1 Score,ROC AUC Score,Overall MCC
230,0.8569410102437302,0.8694621500066657,0.8569410102437302,0.8618398610683158,0.9250814372039414,0.7457057768138464
