Model,Accuracy,Precision,Recall,F1 Score,ROC AUC Score,Overall MCC
326,0.8636524196397033,0.8746198909644415,0.8636524196397033,0.8677590771437335,0.9319159901183912,0.7573907362700678
