Model,Accuracy,Precision,Recall,F1 Score,ROC AUC Score,Overall MCC
439,0.8678912045213706,0.8764460162197102,0.8678912045213706,0.8711365387375879,0.9333416572702307,0.7639245411978263
