Model,Accuracy,Precision,Recall,F1 Score,ROC AUC Score,Overall MCC
191,0.8558813140233134,0.8682570479744957,0.8558813140233134,0.8607270754457798,0.9240236555518857,0.7437904032790811
