Model,Accuracy,Precision,Recall,F1 Score,ROC AUC Score,Overall MCC
199,0.8583539385376192,0.8701621690379918,0.8583539385376192,0.8629604472981098,0.9248262918241621,0.7479697635464679
