Model,Accuracy,Precision,Recall,F1 Score,ROC AUC Score,Overall MCC
434,0.8682444365948428,0.876593442327495,0.8682444365948428,0.8714218019096402,0.9344369488882774,0.764465691273749
