Model,Accuracy,Precision,Recall,F1 Score,ROC AUC Score,Overall MCC
102,0.842458495231367,0.8699480733017222,0.842458495231367,0.8526154573006626,0.9215782013246531,0.726920737772271
