Model,Accuracy,Precision,Recall,F1 Score,ROC AUC Score,Overall MCC
106,0.847756976333451,0.8725093224246141,0.847756976333451,0.8567055293798482,0.9237859304896453,0.7353425209427404
