Model,Accuracy,Precision,Recall,F1 Score,ROC AUC Score,Overall MCC
292,0.8657718120805369,0.8744632100608185,0.8657718120805369,0.8690684658463613,0.9292777048437699,0.7601937558032746
