Model,Accuracy,Precision,Recall,F1 Score,ROC AUC Score,Overall MCC
355,0.8643588837866478,0.8734163351277644,0.8643588837866478,0.8679756819664305,0.9282633817078674,0.7574263233904113
