Model,Accuracy,Precision,Recall,F1 Score,ROC AUC Score,Overall MCC
406,0.8664782762274814,0.8760704518214897,0.8664782762274814,0.8700847031705221,0.9335465461400204,0.7618673077704485
