Model,Accuracy,Precision,Recall,F1 Score,ROC AUC Score,Overall MCC
268,0.8597668668315083,0.8729513496636202,0.8597668668315083,0.8647456189615026,0.9285890070793003,0.7512962819593372
