Model,Accuracy,Precision,Recall,F1 Score,ROC AUC Score,Overall MCC
212,0.8562345460967856,0.8702717310122609,0.8562345460967856,0.8615533038522732,0.9280330150278441,0.745344246227154
