Model,Accuracy,Precision,Recall,F1 Score,ROC AUC Score,Overall MCC
349,0.8611797951253974,0.8708315916989166,0.8611797951253974,0.8650120932267125,0.9278306799890723,0.7519853707681574
