Model,Accuracy,Precision,Recall,F1 Score,ROC AUC Score,Overall MCC
471,0.8682444365948428,0.8772690028225257,0.8682444365948428,0.8716455920298747,0.9333939622228075,0.7647886935256556
