Model,Accuracy,Precision,Recall,F1 Score,ROC AUC Score,Overall MCC
118,0.8551748498763688,0.8723071288674838,0.8551748498763688,0.8615181926726246,0.9274018423223295,0.7449596180013439
