Model,Accuracy,Precision,Recall,F1 Score,ROC AUC Score,Overall MCC
443,0.8671847403744259,0.876579579909228,0.8671847403744259,0.8707226085724186,0.934715100136087,0.7630462545323359
