Model,Accuracy,Precision,Recall,F1 Score,ROC AUC Score,Overall MCC
396,0.8650653479335924,0.875342646620795,0.8650653479335924,0.868887469883453,0.9336862307355952,0.7596805231391675
