Model,Accuracy,Precision,Recall,F1 Score,ROC AUC Score,Overall MCC
43,0.8262098198516425,0.8660921153051809,0.8262098198516425,0.8408068223060723,0.9049881679218389,0.7043890680744543
