Model,Accuracy,Precision,Recall,F1 Score,ROC AUC Score,Overall MCC
435,0.8675379724478983,0.8766277194129342,0.8675379724478983,0.8709388917201438,0.9339145648619057,0.7636006624980117
