Model,Accuracy,Precision,Recall,F1 Score,ROC AUC Score,Overall MCC
430,0.8682444365948428,0.8774561797151856,0.8682444365948428,0.8716609534137287,0.9350200858595666,0.7649595928251863
