Model,Accuracy,Precision,Recall,F1 Score,ROC AUC Score,Overall MCC
21,0.7901801483574709,0.8557405641020912,0.7901801483574709,0.814809260480842,0.8825131661325072,0.6545195142989693
