Model,Accuracy,Precision,Recall,F1 Score,ROC AUC Score,Overall MCC
484,0.8685976686683151,0.877143778261464,0.8685976686683151,0.8718446592867073,0.9333863752852419,0.7651833756272085
