Model,Accuracy,Precision,Recall,F1 Score,ROC AUC Score,Overall MCC
172,0.8587071706110915,0.8713748761520846,0.8587071706110915,0.8636161584675041,0.9238719919671716,0.7490187891629876
