Model,Accuracy,Precision,Recall,F1 Score,ROC AUC Score,Overall MCC
176,0.8572942423172024,0.8711971096837595,0.8572942423172024,0.8625998764852699,0.9238066281931016,0.7471278567688222
