Model,Accuracy,Precision,Recall,F1 Score,ROC AUC Score,Overall MCC
294,0.8640056517131756,0.8728673164859256,0.8640056517131756,0.8674022090593703,0.928809598434853,0.7570676674456063
