Model,Accuracy,Precision,Recall,F1 Score,ROC AUC Score,Overall MCC
221,0.858000706464147,0.8698351744800816,0.858000706464147,0.862608112120073,0.9264123583861285,0.7473540269841322
