Model,Accuracy,Precision,Recall,F1 Score,ROC AUC Score,Overall MCC
40,0.8269162839985871,0.8672823087628243,0.8269162839985871,0.841549812800646,0.9083738829632351,0.7060257582911978
