Model,Accuracy,Precision,Recall,F1 Score,ROC AUC Score,Overall MCC
341,0.8615330271988697,0.8702030755100638,0.8615330271988697,0.8649426462659651,0.9295836567330401,0.7523039043480076
