Model,Accuracy,Precision,Recall,F1 Score,ROC AUC Score,Overall MCC
409,0.8664782762274814,0.8758929775161657,0.8664782762274814,0.8700144836330957,0.9336731273030311,0.7617962377660135
