Model,Accuracy,Precision,Recall,F1 Score,ROC AUC Score,Overall MCC
57,0.813846697280113,0.8424663212532769,0.813846697280113,0.8265262806891608,0.8865746955056094,0.6736783405048075
