Model,Accuracy,Precision,Recall,F1 Score,ROC AUC Score,Overall MCC
226,0.8569410102437302,0.8685562075241877,0.8569410102437302,0.8615181706779879,0.9251434777588025,0.7452774566927333
