Model,Accuracy,Precision,Recall,F1 Score,ROC AUC Score,Overall MCC
290,0.8625927234192865,0.873221562678874,0.8625927234192865,0.866639672018862,0.9285099422065413,0.7552842796799227
