Model,Accuracy,Precision,Recall,F1 Score,ROC AUC Score,Overall MCC
233,0.8565877781702579,0.8693154690073933,0.8565877781702579,0.8615037257039001,0.9260597176503005,0.7452639492591574
