Model,Accuracy,Precision,Recall,F1 Score,ROC AUC Score,Overall MCC
319,0.8636524196397033,0.8741847450811775,0.8636524196397033,0.8676160361007011,0.9319341792130108,0.7571607893577923
