Model,Accuracy,Precision,Recall,F1 Score,ROC AUC Score,Overall MCC
410,0.8682444365948428,0.8773884217750698,0.8682444365948428,0.8716603258269345,0.9343902423195137,0.7648819957842596
