Model,Accuracy,Precision,Recall,F1 Score,ROC AUC Score,Overall MCC
8,0.7336630166019075,0.8689467982269921,0.7336630166019075,0.7792679189212453,0.8716228655619354,0.60346647286934
