Model,Accuracy,Precision,Recall,F1 Score,ROC AUC Score,Overall MCC
478,0.8668315083009537,0.8747383435218664,0.8668315083009537,0.8698878478504182,0.9328656351462686,0.7616788371320751
