Model,Accuracy,Precision,Recall,F1 Score,ROC AUC Score,Overall MCC
415,0.8668315083009537,0.876261627357459,0.8668315083009537,0.8703752599461235,0.9341131513485207,0.7624289087778481
