Model,Accuracy,Precision,Recall,F1 Score,ROC AUC Score,Overall MCC
234,0.8572942423172024,0.8699968836179565,0.8572942423172024,0.8622081597416114,0.9261228710374859,0.7465119746319526
