Model,Accuracy,Precision,Recall,F1 Score,ROC AUC Score,Overall MCC
420,0.8689509007417874,0.8779933323030237,0.8689509007417874,0.8723195947127257,0.9341434379877273,0.7660973555813023
