Model,Accuracy,Precision,Recall,F1 Score,ROC AUC Score,Overall MCC
340,0.8650653479335924,0.874320136386253,0.8650653479335924,0.8685804964476831,0.9306911008956241,0.759116367831267
