Model,Accuracy,Precision,Recall,F1 Score,ROC AUC Score,Overall MCC
3,0.6096785588131403,0.8830927720916025,0.6096785588131403,0.6940114765530744,0.8173371362254409,0.501940064711971
