Model,Accuracy,Precision,Recall,F1 Score,ROC AUC Score,Overall MCC
244,0.8558813140233134,0.8703304686876299,0.8558813140233134,0.8613797419758739,0.9260131498036331,0.7448206050446505
