Model,Accuracy,Precision,Recall,F1 Score,ROC AUC Score,Overall MCC
198,0.8537619215824797,0.8670625104872264,0.8537619215824797,0.8589478278045789,0.9242266108678727,0.7403864900721162
