Model,Accuracy,Precision,Recall,F1 Score,ROC AUC Score,Overall MCC
408,0.8668315083009537,0.8769555195827373,0.8668315083009537,0.870601792573048,0.9339334365670174,0.7627604969739347
