Model,Accuracy,Precision,Recall,F1 Score,ROC AUC Score,Overall MCC
361,0.8657718120805369,0.8753242533133148,0.8657718120805369,0.869427472474823,0.9311400642663417,0.7604522105039737
