Model,Accuracy,Precision,Recall,F1 Score,ROC AUC Score,Overall MCC
320,0.8664782762274814,0.8760699315647399,0.8664782762274814,0.8700898570739896,0.9325530967074145,0.7618599962121304
