Model,Accuracy,Precision,Recall,F1 Score,ROC AUC Score,Overall MCC
383,0.8647121158601201,0.8730243488072504,0.8647121158601201,0.8679487560595108,0.9302382954728344,0.7579328224227899
