Model,Accuracy,Precision,Recall,F1 Score,ROC AUC Score,Overall MCC
352,0.8643588837866478,0.8738485209695963,0.8643588837866478,0.8680481802380571,0.929492476593488,0.7577719330923711
