Model,Accuracy,Precision,Recall,F1 Score,ROC AUC Score,Overall MCC
431,0.8661250441540091,0.8758086906413767,0.8661250441540091,0.8697373266604851,0.9334159658695244,0.7613216518070774
