Model,Accuracy,Precision,Recall,F1 Score,ROC AUC Score,Overall MCC
220,0.8551748498763688,0.868638284641188,0.8551748498763688,0.8603933224537991,0.9256553268502814,0.7430085670012805
