Model,Accuracy,Precision,Recall,F1 Score,ROC AUC Score,Overall MCC
259,0.8590604026845637,0.8711696524735509,0.8590604026845637,0.8636947652379734,0.9264365491975287,0.7495047379753779
