Model,Accuracy,Precision,Recall,F1 Score,ROC AUC Score,Overall MCC
227,0.8544683857294242,0.8678958435598577,0.8544683857294242,0.8598147804489833,0.9236152540332808,0.7414718435937238
