Model,Accuracy,Precision,Recall,F1 Score,ROC AUC Score,Overall MCC
121,0.8534086895090074,0.870063131862287,0.8534086895090074,0.8596424779079751,0.92664025495728,0.7415328741132231
