Model,Accuracy,Precision,Recall,F1 Score,ROC AUC Score,Overall MCC
275,0.859413634758036,0.8709093707746122,0.859413634758036,0.8638183693846805,0.9278397989808044,0.7498791428714869
