Model,Accuracy,Precision,Recall,F1 Score,ROC AUC Score,Overall MCC
224,0.8562345460967856,0.8680499959326621,0.8562345460967856,0.8609191855077123,0.9251966015995258,0.744075428529154
