Model,Accuracy,Precision,Recall,F1 Score,ROC AUC Score,Overall MCC
270,0.8590604026845637,0.8720693542194935,0.8590604026845637,0.8639652436543179,0.9275970719786546,0.7499653171506796
