Model,Accuracy,Precision,Recall,F1 Score,ROC AUC Score,Overall MCC
416,0.8671847403744259,0.8762554525709932,0.8671847403744259,0.8705933780193852,0.9331476626683415,0.7628751844230629
