Model,Accuracy,Precision,Recall,F1 Score,ROC AUC Score,Overall MCC
426,0.8671847403744259,0.8760829745595621,0.8671847403744259,0.8705665170794122,0.9327859396074146,0.7627970629022532
