Model,Accuracy,Precision,Recall,F1 Score,ROC AUC Score,Overall MCC
45,0.8279759802190039,0.8671575846147085,0.8279759802190039,0.8423088578469135,0.9059038272583076,0.7071053535395047
