Model,Accuracy,Precision,Recall,F1 Score,ROC AUC Score,Overall MCC
287,0.8615330271988697,0.8733993076291544,0.8615330271988697,0.865975367554974,0.928693183707069,0.7540008699698192
