Model,Accuracy,Precision,Recall,F1 Score,ROC AUC Score,Overall MCC
461,0.8675379724478983,0.8760459374038371,0.8675379724478983,0.8707774711844992,0.933173479644934,0.7632319708472636
