Model,Accuracy,Precision,Recall,F1 Score,ROC AUC Score,Overall MCC
143,0.8534086895090074,0.8679405284443016,0.8534086895090074,0.8590591036665444,0.9241039640346282,0.7402945598418101
