Model,Accuracy,Precision,Recall,F1 Score,ROC AUC Score,Overall MCC
293,0.8657718120805369,0.874508132242562,0.8657718120805369,0.8690747929433797,0.9292357404929286,0.760251000718734
