Model,Accuracy,Precision,Recall,F1 Score,ROC AUC Score,Overall MCC
446,0.8682444365948428,0.8774937819194154,0.8682444365948428,0.8717218874326348,0.9345917792478979,0.7648819957842596
