Model,Accuracy,Precision,Recall,F1 Score,ROC AUC Score,Overall MCC
95,0.8410455669374779,0.8654300828100825,0.8410455669374779,0.8503732242970471,0.9177301664802046,0.7226089016333659
