Model,Accuracy,Precision,Recall,F1 Score,ROC AUC Score,Overall MCC
9,0.7361356411162133,0.8669324992878347,0.7361356411162133,0.7807395005200637,0.8733960217876069,0.6044005299645507
