Model,Accuracy,Precision,Recall,F1 Score,ROC AUC Score,Overall MCC
178,0.8541151536559519,0.867588414912541,0.8541151536559519,0.8592792111884685,0.9239565067238784,0.7412759391306871
