Model,Accuracy,Precision,Recall,F1 Score,ROC AUC Score,Overall MCC
197,0.8562345460967856,0.8695128262874762,0.8562345460967856,0.8613896305105525,0.9233507922730594,0.7448056918325923
