Model,Accuracy,Precision,Recall,F1 Score,ROC AUC Score,Overall MCC
153,0.8576474743906747,0.8694157576784024,0.8576474743906747,0.8623435386545637,0.92256432354168,0.7465144586609389
