Model,Accuracy,Precision,Recall,F1 Score,ROC AUC Score,Overall MCC
53,0.8247968915577535,0.8544479524179,0.8247968915577535,0.8372055342529916,0.896980310237852,0.694621473904249
