Model,Accuracy,Precision,Recall,F1 Score,ROC AUC Score,Overall MCC
249,0.8608265630519251,0.8722453462283487,0.8608265630519251,0.8651769285015072,0.9265996729385186,0.7524101306261353
