Model,Accuracy,Precision,Recall,F1 Score,ROC AUC Score,Overall MCC
317,0.8664782762274814,0.8753664255095442,0.8664782762274814,0.8698625022720095,0.9311481089257146,0.7614847987954404
