Model,Accuracy,Precision,Recall,F1 Score,ROC AUC Score,Overall MCC
111,0.8498763687742847,0.8719190655269143,0.8498763687742847,0.8579837788376005,0.9259134128940611,0.7377016957200039
