Model,Accuracy,Precision,Recall,F1 Score,ROC AUC Score,Overall MCC
411,0.8675379724478983,0.8766908880861862,0.8675379724478983,0.8709520416763703,0.9342202276958824,0.7636246874114759
