Model,Accuracy,Precision,Recall,F1 Score,ROC AUC Score,Overall MCC
193,0.8555280819498411,0.8672130371235864,0.8555280819498411,0.8601879056767285,0.9217304961865724,0.7427190982833651
