Model,Accuracy,Precision,Recall,F1 Score,ROC AUC Score,Overall MCC
459,0.8671847403744259,0.8756034240667645,0.8671847403744259,0.8704105383318799,0.9333510683728091,0.7625574359658478
