Model,Accuracy,Precision,Recall,F1 Score,ROC AUC Score,Overall MCC
474,0.8668315083009537,0.8759272531236991,0.8668315083009537,0.8702827412542834,0.9329742912144203,0.762249324895313
