Model,Accuracy,Precision,Recall,F1 Score,ROC AUC Score,Overall MCC
388,0.8650653479335924,0.8725855995494564,0.8650653479335924,0.8680048730408992,0.9305521154105265,0.7582013312638471
