Model,Accuracy,Precision,Recall,F1 Score,ROC AUC Score,Overall MCC
245,0.859413634758036,0.8711863511804468,0.859413634758036,0.8639820386825022,0.9258694092672911,0.749835367001844
