Model,Accuracy,Precision,Recall,F1 Score,ROC AUC Score,Overall MCC
277,0.8601200989049805,0.872277176733798,0.8601200989049805,0.8646930838873368,0.928186777166211,0.7515645116239373
