Model,Accuracy,Precision,Recall,F1 Score,ROC AUC Score,Overall MCC
208,0.8569410102437302,0.8699592499558801,0.8569410102437302,0.8618540725073555,0.9278633640149945,0.7462367327446642
