Model,Accuracy,Precision,Recall,F1 Score,ROC AUC Score,Overall MCC
127,0.8555280819498411,0.8707206908512537,0.8555280819498411,0.8611998020717114,0.9277583104435764,0.7447246026963426
