Model,Accuracy,Precision,Recall,F1 Score,ROC AUC Score,Overall MCC
284,0.863299187566231,0.8746316055755671,0.863299187566231,0.8674623347315653,0.9286652522879489,0.7570746533602584
