Model,Accuracy,Precision,Recall,F1 Score,ROC AUC Score,Overall MCC
476,0.8678912045213706,0.8765982577660248,0.8678912045213706,0.8711493231539614,0.9332286580393502,0.7640783185984815
