Model,Accuracy,Precision,Recall,F1 Score,ROC AUC Score,Overall MCC
253,0.8544683857294242,0.8673138311648586,0.8544683857294242,0.8595052306827815,0.9248700595622572,0.7413922316246871
