Model,Accuracy,Precision,Recall,F1 Score,ROC AUC Score,Overall MCC
464,0.8685976686683151,0.8764016834954336,0.8685976686683151,0.8716067100052887,0.9336535063763765,0.7647971443880347
