Model,Accuracy,Precision,Recall,F1 Score,ROC AUC Score,Overall MCC
338,0.863299187566231,0.8734332518834554,0.863299187566231,0.8671521977204888,0.9298495814919351,0.7563293828832642
