Model,Accuracy,Precision,Recall,F1 Score,ROC AUC Score,Overall MCC
144,0.8555280819498411,0.8695791714449356,0.8555280819498411,0.8609755914566596,0.9237651936751133,0.7438907003470876
