Model,Accuracy,Precision,Recall,F1 Score,ROC AUC Score,Overall MCC
324,0.8636524196397033,0.8750204416047995,0.8636524196397033,0.8679073935424544,0.9316989315929686,0.7575560481943319
