Model,Accuracy,Precision,Recall,F1 Score,ROC AUC Score,Overall MCC
374,0.8622394913458142,0.8720901168938003,0.8622394913458142,0.8660647865179297,0.929380589583821,0.7541321838735422
