Model,Accuracy,Precision,Recall,F1 Score,ROC AUC Score,Overall MCC
71,0.8113740727658071,0.8378405100967863,0.8113740727658071,0.8235842106272757,0.8845511385625233,0.6673198242629043
