Model,Accuracy,Precision,Recall,F1 Score,ROC AUC Score,Overall MCC
331,0.861886259272342,0.8735939760198623,0.861886259272342,0.8663399871410421,0.9301364801762579,0.7544070419482551
