Model,Accuracy,Precision,Recall,F1 Score,ROC AUC Score,Overall MCC
280,0.8604733309784528,0.8714485527544645,0.8604733309784528,0.8646056607588359,0.9293048876524574,0.7516946555522838
