Model,Accuracy,Precision,Recall,F1 Score,ROC AUC Score,Overall MCC
419,0.8678912045213706,0.876568858909735,0.8678912045213706,0.8711635126359376,0.9339798870804579,0.7639697343325866
