Model,Accuracy,Precision,Recall,F1 Score,ROC AUC Score,Overall MCC
448,0.8668315083009537,0.8757520163932585,0.8668315083009537,0.8702131127275545,0.9330136662898315,0.7621789447378285
