Model,Accuracy,Precision,Recall,F1 Score,ROC AUC Score,Overall MCC
418,0.8675379724478983,0.8764910379739972,0.8675379724478983,0.8708762505678537,0.934124684226953,0.7635472947782792
