Model,Accuracy,Precision,Recall,F1 Score,ROC AUC Score,Overall MCC
235,0.858000706464147,0.869146917207443,0.858000706464147,0.8623550069289891,0.9264386104734377,0.7470767193898705
