Model,Accuracy,Precision,Recall,F1 Score,ROC AUC Score,Overall MCC
301,0.8640056517131756,0.8738911125839709,0.8640056517131756,0.867792263232562,0.9312862382449217,0.7574324741050074
