Model,Accuracy,Precision,Recall,F1 Score,ROC AUC Score,Overall MCC
334,0.861886259272342,0.8728326306920443,0.861886259272342,0.8660176698303564,0.9310790790994128,0.7542032268898586
