Model,Accuracy,Precision,Recall,F1 Score,ROC AUC Score,Overall MCC
28,0.8039561992228894,0.8598922631842718,0.8039561992228894,0.8250743556582684,0.8931363111675225,0.6730739603415343
