Model,Accuracy,Precision,Recall,F1 Score,ROC AUC Score,Overall MCC
136,0.8530554574355351,0.8681926253609994,0.8530554574355351,0.8589216066155206,0.9254287490557119,0.7399518731875196
