Model,Accuracy,Precision,Recall,F1 Score,ROC AUC Score,Overall MCC
307,0.8650653479335924,0.8750425960612083,0.8650653479335924,0.8688692415934952,0.9313203724361957,0.7594032172852179
