Model,Accuracy,Precision,Recall,F1 Score,ROC AUC Score,Overall MCC
181,0.8530554574355351,0.8666328584849785,0.8530554574355351,0.8582851116469423,0.9236215649720032,0.7393866519520614
