Model,Accuracy,Precision,Recall,F1 Score,ROC AUC Score,Overall MCC
322,0.8643588837866478,0.8733890037575275,0.8643588837866478,0.867783165114806,0.931981837280912,0.7578114737988214
