Model,Accuracy,Precision,Recall,F1 Score,ROC AUC Score,Overall MCC
192,0.8548216178028964,0.8672902499834372,0.8548216178028964,0.8597496050160562,0.9213079052919436,0.741824650234098
