Model,Accuracy,Precision,Recall,F1 Score,ROC AUC Score,Overall MCC
24,0.787707523843165,0.8524683752089159,0.787707523843165,0.8123229233032494,0.8812318286275865,0.64951427858214
