Model,Accuracy,Precision,Recall,F1 Score,ROC AUC Score,Overall MCC
165,0.8555280819498411,0.8672842845573772,0.8555280819498411,0.8601100987102019,0.9238294409501956,0.7429764528897259
