Model,Accuracy,Precision,Recall,F1 Score,ROC AUC Score,Overall MCC
405,0.8654185800070646,0.8748262836162443,0.8654185800070646,0.8689452967739583,0.934718994743667,0.7599063563377934
