Model,Accuracy,Precision,Recall,F1 Score,ROC AUC Score,Overall MCC
267,0.8601200989049805,0.8715160747314681,0.8601200989049805,0.8644637050667849,0.9281822097259077,0.7511417008151643
