Model,Accuracy,Precision,Recall,F1 Score,ROC AUC Score,Overall MCC
173,0.8541151536559519,0.8677651276425774,0.8541151536559519,0.8593765098562586,0.9238333294466702,0.7412806016143972
