Model,Accuracy,Precision,Recall,F1 Score,ROC AUC Score,Overall MCC
454,0.8685976686683151,0.8778624317607088,0.8685976686683151,0.8720826637456623,0.9336003721467736,0.7655148222528719
