Model,Accuracy,Precision,Recall,F1 Score,ROC AUC Score,Overall MCC
48,0.8279759802190039,0.865660388786755,0.8279759802190039,0.8418029476503968,0.9069323556591087,0.7063567910643878
