Model,Accuracy,Precision,Recall,F1 Score,ROC AUC Score,Overall MCC
125,0.8587071706110915,0.8725262530504986,0.8587071706110915,0.8638574889130051,0.9274569822167805,0.7498262023284648
