Model,Accuracy,Precision,Recall,F1 Score,ROC AUC Score,Overall MCC
189,0.8565877781702579,0.8688505903673764,0.8565877781702579,0.8613096411135319,0.9229151535569274,0.7451468092714386
