Model,Accuracy,Precision,Recall,F1 Score,ROC AUC Score,Overall MCC
70,0.8074885199576122,0.8352958960711824,0.8074885199576122,0.8202831330595698,0.8818568578386712,0.6611207072324057
