Model,Accuracy,Precision,Recall,F1 Score,ROC AUC Score,Overall MCC
425,0.8668315083009537,0.8757304062147913,0.8668315083009537,0.8701613270269426,0.9340216350981619,0.7622568188655517
