Model,Accuracy,Precision,Recall,F1 Score,ROC AUC Score,Overall MCC
126,0.8565877781702579,0.8692315247467967,0.8565877781702579,0.8613916547785395,0.927782205477467,0.7454167582145926
