Model,Accuracy,Precision,Recall,F1 Score,ROC AUC Score,Overall MCC
456,0.8668315083009537,0.8759748268126304,0.8668315083009537,0.8702841301642427,0.9331377498439957,0.7623140731686416
