Model,Accuracy,Precision,Recall,F1 Score,ROC AUC Score,Overall MCC
130,0.8537619215824797,0.8690784169912793,0.8537619215824797,0.8595722026510585,0.9258544193364376,0.7414893124122651
