Model,Accuracy,Precision,Recall,F1 Score,ROC AUC Score,Overall MCC
154,0.8569410102437302,0.868682607548848,0.8569410102437302,0.8616264279627728,0.9218328077049209,0.7452481535618881
