Model,Accuracy,Precision,Recall,F1 Score,ROC AUC Score,Overall MCC
285,0.8601200989049805,0.8728906404648948,0.8601200989049805,0.8649234626602054,0.927475854533003,0.7518180493712688
