Model,Accuracy,Precision,Recall,F1 Score,ROC AUC Score,Overall MCC
239,0.8611797951253974,0.8707682071915518,0.8611797951253974,0.8649455758812994,0.9272153411580907,0.7521017421775473
