Model,Accuracy,Precision,Recall,F1 Score,ROC AUC Score,Overall MCC
358,0.8643588837866478,0.8727257529722201,0.8643588837866478,0.8676501740099325,0.9296294570248479,0.7572718115745952
