Model,Accuracy,Precision,Recall,F1 Score,ROC AUC Score,Overall MCC
424,0.8664782762274814,0.8763686566398258,0.8664782762274814,0.8701687768832729,0.9340066023895695,0.7620334132486737
