Model,Accuracy,Precision,Recall,F1 Score,ROC AUC Score,Overall MCC
238,0.8615330271988697,0.8711847973011877,0.8615330271988697,0.8653147457992908,0.9270268593845364,0.7527548910483345
