Model,Accuracy,Precision,Recall,F1 Score,ROC AUC Score,Overall MCC
421,0.8675379724478983,0.8762892498281053,0.8675379724478983,0.870858219256049,0.9338958526566491,0.7633679762665757
