Model,Accuracy,Precision,Recall,F1 Score,ROC AUC Score,Overall MCC
402,0.8657718120805369,0.8758066276965984,0.8657718120805369,0.8695322297046785,0.9339881871840436,0.7607845894675606
