Model,Accuracy,Precision,Recall,F1 Score,ROC AUC Score,Overall MCC
460,0.8668315083009537,0.8758103570834548,0.8668315083009537,0.870215772203314,0.9328952471194203,0.762249324895313
