Model,Accuracy,Precision,Recall,F1 Score,ROC AUC Score,Overall MCC
76,0.8262098198516425,0.8571932229427831,0.8262098198516425,0.838727755848758,0.9027094179323499,0.6983813032408419
