Model,Accuracy,Precision,Recall,F1 Score,ROC AUC Score,Overall MCC
444,0.8678912045213706,0.8759973862929397,0.8678912045213706,0.8709876319268347,0.9336741985798378,0.7636964692921179
