Model,Accuracy,Precision,Recall,F1 Score,ROC AUC Score,Overall MCC
18,0.7912398445778877,0.8646036889795155,0.7912398445778877,0.8171821445877748,0.8973263283685734,0.6624395257454467
