Model,Accuracy,Precision,Recall,F1 Score,ROC AUC Score,Overall MCC
491,0.8671847403744259,0.8752741062031709,0.8671847403744259,0.8702669811439199,0.9328641348698511,0.7624732362707284
