Model,Accuracy,Precision,Recall,F1 Score,ROC AUC Score,Overall MCC
196,0.8555280819498411,0.8681329799596956,0.8555280819498411,0.8604839558681605,0.9240159121700176,0.7431785200921582
