Model,Accuracy,Precision,Recall,F1 Score,ROC AUC Score,Overall MCC
295,0.8640056517131756,0.8746108687686227,0.8640056517131756,0.8679616955754866,0.9295781206825039,0.7579204233162
