Model,Accuracy,Precision,Recall,F1 Score,ROC AUC Score,Overall MCC
258,0.8572942423172024,0.8691602550431922,0.8572942423172024,0.8618898010220087,0.9257439641588059,0.746167189750481
