Model,Accuracy,Precision,Recall,F1 Score,ROC AUC Score,Overall MCC
342,0.8608265630519251,0.8698484857018197,0.8608265630519251,0.8643220391675198,0.9306460541031333,0.7513279159854828
