Model,Accuracy,Precision,Recall,F1 Score,ROC AUC Score,Overall MCC
103,0.8442246555987284,0.8701205549177221,0.8442246555987284,0.8537266505539876,0.9218983004233188,0.729441615190704
