Model,Accuracy,Precision,Recall,F1 Score,ROC AUC Score,Overall MCC
72,0.8134934652066408,0.8384527178503574,0.8134934652066408,0.8249826308470405,0.8850525792189948,0.6706257472565922
