Model,Accuracy,Precision,Recall,F1 Score,ROC AUC Score,Overall MCC
183,0.8565877781702579,0.8698931369338626,0.8565877781702579,0.8616380556411811,0.9245830722669034,0.7456870803797304
