Model,Accuracy,Precision,Recall,F1 Score,ROC AUC Score,Overall MCC
39,0.8279759802190039,0.8679189769205359,0.8279759802190039,0.8423781523690131,0.909784543684236,0.7077614917776643
