Model,Accuracy,Precision,Recall,F1 Score,ROC AUC Score,Overall MCC
86,0.8300953726598375,0.858530309589574,0.8300953726598375,0.841421832943923,0.9079302130321624,0.7044224870610657
