Model,Accuracy,Precision,Recall,F1 Score,ROC AUC Score,Overall MCC
14,0.7806428823737195,0.8665483730681418,0.7806428823737195,0.8113000576033663,0.8819769777297625,0.650630959553337
