Model,Accuracy,Precision,Recall,F1 Score,ROC AUC Score,Overall MCC
82,0.8237371953373366,0.8547172022814097,0.8237371953373366,0.83634896078355,0.9042094401278854,0.693939539066696
