Model,Accuracy,Precision,Recall,F1 Score,ROC AUC Score,Overall MCC
129,0.8512892970681738,0.8674293879964691,0.8512892970681738,0.8573897126145494,0.9257381964973685,0.7374795230565168
