Model,Accuracy,Precision,Recall,F1 Score,ROC AUC Score,Overall MCC
407,0.8654185800070646,0.8755186303145558,0.8654185800070646,0.8691770757381357,0.9335925095983469,0.760232232404696
