Model,Accuracy,Precision,Recall,F1 Score,ROC AUC Score,Overall MCC
499,0.8668315083009537,0.8749321823567866,0.8668315083009537,0.8699623204137464,0.9335814711083552,0.7617554995272051
