Model,Accuracy,Precision,Recall,F1 Score,ROC AUC Score,Overall MCC
392,0.8693041328152596,0.8769875697566085,0.8693041328152596,0.8722188417170541,0.9329827917622687,0.7660923217282389
