Model,Accuracy,Precision,Recall,F1 Score,ROC AUC Score,Overall MCC
156,0.8537619215824797,0.866532162917576,0.8537619215824797,0.8588834154016545,0.9216974815498388,0.7399222535441667
