Model,Accuracy,Precision,Recall,F1 Score,ROC AUC Score,Overall MCC
479,0.8657718120805369,0.8743917379453964,0.8657718120805369,0.8690580394165143,0.9330534159760139,0.7601239149107569
