Model,Accuracy,Precision,Recall,F1 Score,ROC AUC Score,Overall MCC
260,0.8587071706110915,0.8706779362470769,0.8587071706110915,0.8632606938256746,0.9270708049558035,0.7488739116933044
