Model,Accuracy,Precision,Recall,F1 Score,ROC AUC Score,Overall MCC
90,0.8325679971741434,0.8597186581829808,0.8325679971741434,0.8433209089148609,0.9097092719747045,0.7083189135939257
