Model,Accuracy,Precision,Recall,F1 Score,ROC AUC Score,Overall MCC
339,0.863299187566231,0.8745334522312639,0.863299187566231,0.8675347364523379,0.9299452459607549,0.7568291192247707
