Model,Accuracy,Precision,Recall,F1 Score,ROC AUC Score,Overall MCC
110,0.848816672553868,0.8709705712252626,0.848816672553868,0.8569874287936989,0.9242528006219053,0.7358489120357672
