Model,Accuracy,Precision,Recall,F1 Score,ROC AUC Score,Overall MCC
205,0.8572942423172024,0.8711639066135443,0.8572942423172024,0.8625539413979209,0.92774466678928,0.7471456544675072
