Model,Accuracy,Precision,Recall,F1 Score,ROC AUC Score,Overall MCC
158,0.8562345460967856,0.8674283753860915,0.8562345460967856,0.86068195904871,0.9229577271849941,0.743814906584206
