Model,Accuracy,Precision,Recall,F1 Score,ROC AUC Score,Overall MCC
184,0.8555280819498411,0.8691402391601611,0.8555280819498411,0.8607184884269347,0.9233803773573467,0.7438875810583806
