Model,Accuracy,Precision,Recall,F1 Score,ROC AUC Score,Overall MCC
391,0.8678912045213706,0.8761056957890687,0.8678912045213706,0.8709987547590553,0.9334556764446312,0.7637899004693276
