Model,Accuracy,Precision,Recall,F1 Score,ROC AUC Score,Overall MCC
463,0.8664782762274814,0.8752211567857803,0.8664782762274814,0.8697796200656496,0.9337605912792862,0.7615238523176794
