Model,Accuracy,Precision,Recall,F1 Score,ROC AUC Score,Overall MCC
312,0.8647121158601201,0.8750664130036434,0.8647121158601201,0.8686551104868212,0.9303495976496982,0.7589325724331295
