Model,Accuracy,Precision,Recall,F1 Score,ROC AUC Score,Overall MCC
346,0.8636524196397033,0.8731811771948368,0.8636524196397033,0.8673926855794225,0.9291900990898657,0.7564363232792446
