Model,Accuracy,Precision,Recall,F1 Score,ROC AUC Score,Overall MCC
107,0.8452843518191452,0.870628015334495,0.8452843518191452,0.8544991741941733,0.9249012634784101,0.7311880182893105
