Model,Accuracy,Precision,Recall,F1 Score,ROC AUC Score,Overall MCC
345,0.8608265630519251,0.8702222193900074,0.8608265630519251,0.8645733823805897,0.9283630556730517,0.7512024413475906
