Model,Accuracy,Precision,Recall,F1 Score,ROC AUC Score,Overall MCC
304,0.8636524196397033,0.8736650278930462,0.8636524196397033,0.8674262623826742,0.9307875359748562,0.7570093403301716
