Model,Accuracy,Precision,Recall,F1 Score,ROC AUC Score,Overall MCC
256,0.8597668668315083,0.8728423867856201,0.8597668668315083,0.8647387998581234,0.925919126166659,0.7511995999186505
