Model,Accuracy,Precision,Recall,F1 Score,ROC AUC Score,Overall MCC
166,0.8537619215824797,0.8659366186166129,0.8537619215824797,0.8585786487158316,0.9231972984122273,0.7398303676975391
