Model,Accuracy,Precision,Recall,F1 Score,ROC AUC Score,Overall MCC
19,0.7922995407983044,0.8669760955364193,0.7922995407983044,0.8185990034087305,0.8961862857355455,0.6649470895889372
