Model,Accuracy,Precision,Recall,F1 Score,ROC AUC Score,Overall MCC
381,0.8647121158601201,0.8730891352902941,0.8647121158601201,0.868007919105992,0.9296223033646672,0.7578665781202396
