Model,Accuracy,Precision,Recall,F1 Score,ROC AUC Score,Overall MCC
492,0.8682444365948428,0.8768371091003764,0.8682444365948428,0.8714943718460813,0.9336193214629264,0.7646119621756632
