Model,Accuracy,Precision,Recall,F1 Score,ROC AUC Score,Overall MCC
309,0.8657718120805369,0.8742088446480334,0.8657718120805369,0.8690010170342115,0.9309306427895505,0.7600306231411684
