Model,Accuracy,Precision,Recall,F1 Score,ROC AUC Score,Overall MCC
73,0.812433768986224,0.8383509882851594,0.812433768986224,0.8241802655007103,0.8857973219326504,0.6695393649892446
