Model,Accuracy,Precision,Recall,F1 Score,ROC AUC Score,Overall MCC
387,0.8636524196397033,0.8726901792763798,0.8636524196397033,0.8671299572258268,0.9304170061996923,0.756377968906361
