Model,Accuracy,Precision,Recall,F1 Score,ROC AUC Score,Overall MCC
38,0.8265630519251148,0.8679079195345755,0.8265630519251148,0.8413857682370738,0.9117806862077334,0.7060987433228856
