Model,Accuracy,Precision,Recall,F1 Score,ROC AUC Score,Overall MCC
462,0.8664782762274814,0.8744907939733292,0.8664782762274814,0.8695945231519545,0.9323099969278249,0.7610448027804191
