Model,Accuracy,Precision,Recall,F1 Score,ROC AUC Score,Overall MCC
229,0.8569410102437302,0.8701270179881119,0.8569410102437302,0.8620070184402433,0.9260150833574357,0.7461442323144539
