Model,Accuracy,Precision,Recall,F1 Score,ROC AUC Score,Overall MCC
354,0.8647121158601201,0.8734438352425986,0.8647121158601201,0.8681519118854375,0.9292441041520122,0.7580092358399471
