Model,Accuracy,Precision,Recall,F1 Score,ROC AUC Score,Overall MCC
37,0.8279759802190039,0.8686291767835862,0.8279759802190039,0.8425034382648177,0.9101187227701358,0.7082797146440077
