Model,Accuracy,Precision,Recall,F1 Score,ROC AUC Score,Overall MCC
179,0.8544683857294242,0.8675036936141898,0.8544683857294242,0.8594704163337177,0.9245985406973231,0.741721515962399
