Model,Accuracy,Precision,Recall,F1 Score,ROC AUC Score,Overall MCC
150,0.8512892970681738,0.8646009922108584,0.8512892970681738,0.8566126228227322,0.9202264241613755,0.7357720874245414
