Model,Accuracy,Precision,Recall,F1 Score,ROC AUC Score,Overall MCC
433,0.8678912045213706,0.8763324011722414,0.8678912045213706,0.8710718571044003,0.9348165072108113,0.7639245411978263
