Model,Accuracy,Precision,Recall,F1 Score,ROC AUC Score,Overall MCC
417,0.8661250441540091,0.8754163351799843,0.8661250441540091,0.8695968491719721,0.9344565967037967,0.7611203128991056
