Model,Accuracy,Precision,Recall,F1 Score,ROC AUC Score,Overall MCC
457,0.8689509007417874,0.8777474692731432,0.8689509007417874,0.8722873284803874,0.9332483975214529,0.7659093137848841
