Model,Accuracy,Precision,Recall,F1 Score,ROC AUC Score,Overall MCC
363,0.863299187566231,0.8728732222009912,0.863299187566231,0.8670393074350595,0.9301133520861162,0.7558724952339432
