Model,Accuracy,Precision,Recall,F1 Score,ROC AUC Score,Overall MCC
194,0.8530554574355351,0.8648641108543373,0.8530554574355351,0.857827847800381,0.922412738790228,0.7382161129271086
