Model,Accuracy,Precision,Recall,F1 Score,ROC AUC Score,Overall MCC
332,0.8611797951253974,0.8741684306692578,0.8611797951253974,0.8660454328391198,0.9302809839896856,0.7537654845719172
