Model,Accuracy,Precision,Recall,F1 Score,ROC AUC Score,Overall MCC
496,0.8685976686683151,0.8768128118141372,0.8685976686683151,0.8717061937795176,0.9332299927048067,0.765091734904307
