Model,Accuracy,Precision,Recall,F1 Score,ROC AUC Score,Overall MCC
148,0.8534086895090074,0.8667700105857404,0.8534086895090074,0.8587571788317064,0.9206695178151928,0.7395543111465456
