Model,Accuracy,Precision,Recall,F1 Score,ROC AUC Score,Overall MCC
369,0.8654185800070646,0.8739787358909659,0.8654185800070646,0.8687488508365429,0.9303248635610126,0.7593275591731019
