Model,Accuracy,Precision,Recall,F1 Score,ROC AUC Score,Overall MCC
186,0.8530554574355351,0.8662255717862006,0.8530554574355351,0.8581336784420313,0.9239316742463931,0.7392059492704359
