Model,Accuracy,Precision,Recall,F1 Score,ROC AUC Score,Overall MCC
466,0.8671847403744259,0.8757651160607056,0.8671847403744259,0.8704737210748356,0.9326710025449577,0.7626276299090751
