Model,Accuracy,Precision,Recall,F1 Score,ROC AUC Score,Overall MCC
242,0.8611797951253974,0.8716643596395011,0.8611797951253974,0.8652748719250105,0.926694721407897,0.7524612134857432
