Model,Accuracy,Precision,Recall,F1 Score,ROC AUC Score,Overall MCC
251,0.8558813140233134,0.8694323941093842,0.8558813140233134,0.8610606598360789,0.9249775502425767,0.7443950490864479
