Model,Accuracy,Precision,Recall,F1 Score,ROC AUC Score,Overall MCC
128,0.8544683857294242,0.8696539703476704,0.8544683857294242,0.8601969426234514,0.9251154730064156,0.7427474228279567
