Model,Accuracy,Precision,Recall,F1 Score,ROC AUC Score,Overall MCC
218,0.8555280819498411,0.8693206199340383,0.8555280819498411,0.8608174221902866,0.9260851227383776,0.7438927460287437
