Model,Accuracy,Precision,Recall,F1 Score,ROC AUC Score,Overall MCC
469,0.8675379724478983,0.8754597349527534,0.8675379724478983,0.8706063809941531,0.9335993992587669,0.7629030488749886
