Model,Accuracy,Precision,Recall,F1 Score,ROC AUC Score,Overall MCC
449,0.8668315083009537,0.8755530976936627,0.8668315083009537,0.8701372165938852,0.9335277062126575,0.762101414326992
