Model,Accuracy,Precision,Recall,F1 Score,ROC AUC Score,Overall MCC
131,0.8555280819498411,0.87095860301507,0.8555280819498411,0.8614544587851672,0.9250353338012974,0.744538242156438
