Model,Accuracy,Precision,Recall,F1 Score,ROC AUC Score,Overall MCC
308,0.8671847403744259,0.8755051427325996,0.8671847403744259,0.8704024645671656,0.9306455267147223,0.7624662265632416
