Model,Accuracy,Precision,Recall,F1 Score,ROC AUC Score,Overall MCC
404,0.8671847403744259,0.8763219506865144,0.8671847403744259,0.8705911277149975,0.9347546774890924,0.7629918538422803
