Model,Accuracy,Precision,Recall,F1 Score,ROC AUC Score,Overall MCC
313,0.8668315083009537,0.8751172139007086,0.8668315083009537,0.8700015905983458,0.9310022680023882,0.7618625402166893
