Model,Accuracy,Precision,Recall,F1 Score,ROC AUC Score,Overall MCC
33,0.8191451783821971,0.8672725199043356,0.8191451783821971,0.8365632900710731,0.9103278038583467,0.6963607407002766
