Model,Accuracy,Precision,Recall,F1 Score,ROC AUC Score,Overall MCC
386,0.8657718120805369,0.8742028108666205,0.8657718120805369,0.8690392222320118,0.930157554934928,0.7599110130039268
