Model,Accuracy,Precision,Recall,F1 Score,ROC AUC Score,Overall MCC
385,0.8668315083009537,0.8751094562489059,0.8668315083009537,0.8700772338036359,0.9297595306846923,0.7617018843979276
