Model,Accuracy,Precision,Recall,F1 Score,ROC AUC Score,Overall MCC
399,0.8671847403744259,0.8756241351640769,0.8671847403744259,0.870370355654561,0.9346003769623249,0.7626496521359246
