Model,Accuracy,Precision,Recall,F1 Score,ROC AUC Score,Overall MCC
105,0.8484634404803956,0.8712876734412835,0.8484634404803956,0.8568077017007685,0.9248783566102899,0.7356226969678061
