Model,Accuracy,Precision,Recall,F1 Score,ROC AUC Score,Overall MCC
477,0.8668315083009537,0.8751015151863127,0.8668315083009537,0.8699809317232504,0.9329867829253168,0.761916692103584
