Model,Accuracy,Precision,Recall,F1 Score,ROC AUC Score,Overall MCC
250,0.8608265630519251,0.8731152602159351,0.8608265630519251,0.8654989012880773,0.9267312071525944,0.7527610054260248
