Model,Accuracy,Precision,Recall,F1 Score,ROC AUC Score,Overall MCC
232,0.859413634758036,0.8710578900624122,0.859413634758036,0.8639548724257518,0.9264680116134473,0.749788640824799
