Model,Accuracy,Precision,Recall,F1 Score,ROC AUC Score,Overall MCC
269,0.858000706464147,0.8715485260081475,0.858000706464147,0.8631102262811513,0.9273264691684457,0.7483193016697931
