Model,Accuracy,Precision,Recall,F1 Score,ROC AUC Score,Overall MCC
64,0.817732250088308,0.8435491268582798,0.817732250088308,0.8293331181964959,0.886766228554175,0.6790483197855082
