Model,Accuracy,Precision,Recall,F1 Score,ROC AUC Score,Overall MCC
485,0.8675379724478983,0.8757987928199518,0.8675379724478983,0.8706959028981912,0.9333033443049678,0.7631300307384831
