Model,Accuracy,Precision,Recall,F1 Score,ROC AUC Score,Overall MCC
97,0.837160014129283,0.8637176445278006,0.837160014129283,0.8472256323863203,0.9163963523006405,0.7168733339725674
