Model,Accuracy,Precision,Recall,F1 Score,ROC AUC Score,Overall MCC
376,0.8668315083009537,0.8753597719498379,0.8668315083009537,0.8701142767168756,0.9299944550272498,0.76193136662656
