Model,Accuracy,Precision,Recall,F1 Score,ROC AUC Score,Overall MCC
134,0.8548216178028964,0.8693898361431908,0.8548216178028964,0.8604383650192992,0.9247103794292562,0.742919517201168
