Model,Accuracy,Precision,Recall,F1 Score,ROC AUC Score,Overall MCC
147,0.8544683857294242,0.8676262399302593,0.8544683857294242,0.8596887447711722,0.9228939608539201,0.741447615186347
