Model,Accuracy,Precision,Recall,F1 Score,ROC AUC Score,Overall MCC
451,0.8682444365948428,0.8768256476949454,0.8682444365948428,0.8714937964950211,0.933484751862714,0.7646051110735919
