Model,Accuracy,Precision,Recall,F1 Score,ROC AUC Score,Overall MCC
151,0.8548216178028964,0.8669121010860189,0.8548216178028964,0.8596346160825995,0.9217092906502432,0.74163253225983
