Model,Accuracy,Precision,Recall,F1 Score,ROC AUC Score,Overall MCC
11,0.7636877428470505,0.86761376184087,0.7636877428470505,0.799690227179127,0.8929315579642761,0.6337621279154046
