Model,Accuracy,Precision,Recall,F1 Score,ROC AUC Score,Overall MCC
168,0.8562345460967856,0.8664402702425285,0.8562345460967856,0.8602834821252764,0.9232991039310345,0.743460551247764
