Model,Accuracy,Precision,Recall,F1 Score,ROC AUC Score,Overall MCC
274,0.8625927234192865,0.8731965579482438,0.8625927234192865,0.8665904685456027,0.9283231067648278,0.7553177152060128
