Model,Accuracy,Precision,Recall,F1 Score,ROC AUC Score,Overall MCC
380,0.8661250441540091,0.874460941997235,0.8661250441540091,0.8693375070940552,0.9304269624128874,0.7605449387252534
