Model,Accuracy,Precision,Recall,F1 Score,ROC AUC Score,Overall MCC
357,0.8647121158601201,0.8742508122549213,0.8647121158601201,0.8684077787932043,0.9299633934998566,0.7584667965123038
