Model,Accuracy,Precision,Recall,F1 Score,ROC AUC Score,Overall MCC
99,0.8396326386435888,0.8641688688171372,0.8396326386435888,0.8490030016565606,0.9180183552189135,0.7202284052905219
