Model,Accuracy,Precision,Recall,F1 Score,ROC AUC Score,Overall MCC
31,0.8074885199576122,0.8612743424034522,0.8074885199576122,0.827423201084281,0.9015624599722586,0.6786061215831436
