Model,Accuracy,Precision,Recall,F1 Score,ROC AUC Score,Overall MCC
364,0.8643588837866478,0.8728989943757149,0.8643588837866478,0.8676811499566636,0.9300802360050304,0.7573847842973553
