Model,Accuracy,Precision,Recall,F1 Score,ROC AUC Score,Overall MCC
190,0.8544683857294242,0.8672589573227382,0.8544683857294242,0.859491875937984,0.923071068026676,0.7413749790152376
