Model,Accuracy,Precision,Recall,F1 Score,ROC AUC Score,Overall MCC
337,0.8625927234192865,0.873771567179343,0.8625927234192865,0.8668269794039798,0.9294450580809251,0.7554963945630357
