Model,Accuracy,Precision,Recall,F1 Score,ROC AUC Score,Overall MCC
327,0.8640056517131756,0.8746506443554123,0.8640056517131756,0.8679662666123368,0.9315325194660713,0.7579401840588018
