Model,Accuracy,Precision,Recall,F1 Score,ROC AUC Score,Overall MCC
306,0.8668315083009537,0.8740925211562861,0.8668315083009537,0.8696389973587599,0.9313007814539581,0.7613920476858118
