Model,Accuracy,Precision,Recall,F1 Score,ROC AUC Score,Overall MCC
213,0.8558813140233134,0.8696218805501145,0.8558813140233134,0.861118127267937,0.9275443600264469,0.7445374711135068
