Model,Accuracy,Precision,Recall,F1 Score,ROC AUC Score,Overall MCC
432,0.8678912045213706,0.8770184533924152,0.8678912045213706,0.8713578915463723,0.9342956943496815,0.7641482116647088
