Model,Accuracy,Precision,Recall,F1 Score,ROC AUC Score,Overall MCC
321,0.8647121158601201,0.8750484987150723,0.8647121158601201,0.8685958243002571,0.9327068521235652,0.7590201991570821
