Model,Accuracy,Precision,Recall,F1 Score,ROC AUC Score,Overall MCC
119,0.8555280819498411,0.8721286702715548,0.8555280819498411,0.8617186001936794,0.9261867015351685,0.7452953022095752
