Model,Accuracy,Precision,Recall,F1 Score,ROC AUC Score,Overall MCC
132,0.8519957612151183,0.8663837175510279,0.8519957612151183,0.8576168435010291,0.9242243265366107,0.7376830637911762
