Model,Accuracy,Precision,Recall,F1 Score,ROC AUC Score,Overall MCC
473,0.8654185800070646,0.8745973283253906,0.8654185800070646,0.8689201377155581,0.9338300721051791,0.7597174758694522
