Model,Accuracy,Precision,Recall,F1 Score,ROC AUC Score,Overall MCC
272,0.8611797951253974,0.873558609781855,0.8611797951253974,0.8658810946816877,0.9279134463584754,0.7534112783349182
