Model,Accuracy,Precision,Recall,F1 Score,ROC AUC Score,Overall MCC
264,0.859413634758036,0.87089739556586,0.859413634758036,0.8638331885425672,0.9266128686487769,0.7498133694419397
