Model,Accuracy,Precision,Recall,F1 Score,ROC AUC Score,Overall MCC
480,0.8671847403744259,0.876262361493696,0.8671847403744259,0.8705709903164187,0.9340360695295192,0.7630138172045227
