Model,Accuracy,Precision,Recall,F1 Score,ROC AUC Score,Overall MCC
470,0.8661250441540091,0.874173750367584,0.8661250441540091,0.8691995361090273,0.9327996468172092,0.7605184112794582
