Model,Accuracy,Precision,Recall,F1 Score,ROC AUC Score,Overall MCC
152,0.8558813140233134,0.867214949215396,0.8558813140233134,0.8604525829441357,0.9209716099301848,0.7430967163725755
