Model,Accuracy,Precision,Recall,F1 Score,ROC AUC Score,Overall MCC
359,0.8647121158601201,0.8729399300366955,0.8647121158601201,0.8679817054482132,0.9289514610284529,0.7577620420426516
