Model,Accuracy,Precision,Recall,F1 Score,ROC AUC Score,Overall MCC
44,0.825503355704698,0.8649921974173633,0.825503355704698,0.8400194547622348,0.9047847622173713,0.7028949938235074
