Model,Accuracy,Precision,Recall,F1 Score,ROC AUC Score,Overall MCC
303,0.8654185800070646,0.8737570561876454,0.8654185800070646,0.8685885823355349,0.9308629127954036,0.759362855149001
