Model,Accuracy,Precision,Recall,F1 Score,ROC AUC Score,Overall MCC
104,0.8449311197456729,0.869799716265369,0.8449311197456729,0.854048292063306,0.9223098888834785,0.7302571485394099
