Model,Accuracy,Precision,Recall,F1 Score,ROC AUC Score,Overall MCC
398,0.8661250441540091,0.8756189638987185,0.8661250441540091,0.8696672268470668,0.9339650346494798,0.7612424385032847
