Model,Accuracy,Precision,Recall,F1 Score,ROC AUC Score,Overall MCC
115,0.8530554574355351,0.8722496286887129,0.8530554574355351,0.8601318043285878,0.9270350879881869,0.7421008744024068
