Model,Accuracy,Precision,Recall,F1 Score,ROC AUC Score,Overall MCC
412,0.8678912045213706,0.8769836393608583,0.8678912045213706,0.8712988641341212,0.9336620118131093,0.76422613348896
