Model,Accuracy,Precision,Recall,F1 Score,ROC AUC Score,Overall MCC
206,0.8562345460967856,0.8706660544768308,0.8562345460967856,0.8617307380984113,0.9277766840935842,0.7454418249167429
